filename,experiment_id,farmbot_name,plant_number,timestamp,temperature,humidity,illuminancelux,illuminanceinfrared,illuminancevisible,illuminancefullspectrum,is_active,fresh_weight_total,fresh_weight_shoot,fresh_weight_root,dry_weight_shoot,age_days,condition,shoot_root_ratio_fresh,plant_surface_area,leaf_surface_area,small_leaves,big_leaves,total_leaves,artificial_light,lab_book_page
image_1.png,0,farmbot_uzk,55,"1734508731,53759","20,6073090714885","57,8591592278935","1617,4752",304,19923535,19923839,FALSCH,,,,,,,,,,,,,WAHR,
image_2.png,0,farmbot_uzk,56,"1734508732,00353","20,6073090714885","57,8591592278935","1617,4752",304,19923535,19923839,FALSCH,,,,,,,,,,,,,WAHR,
image_3.png,0,farmbot_uzk,57,"1734508732,45873","20,6073090714885","57,8591592278935","1617,4752",304,19923535,19923839,FALSCH,,,,,,,,,,,,,WAHR,
image_4.png,0,farmbot_uzk,58,"1734508732,91642","20,6073090714885","57,8591592278935","1617,4752",304,19923535,19923839,FALSCH,,,,,,,,,,,,,WAHR,
image_5.png,0,farmbot_uzk,59,"1734508733,37593","20,6073090714885","57,8591592278935","1617,4752",304,19923535,19923839,FALSCH,,,,,,,,,,,,,WAHR,
image_6.png,0,farmbot_uzk,60,"1734508733,85666","20,6073090714885","57,8591592278935","1617,4752",304,19923535,19923839,FALSCH,,,,,,,,,,,,,WAHR,
image_7.png,0,farmbot_uzk,61,"1734508809,04015","20,6393530174716","57,7279316395819","1616,0064",303,19857998,19858301,FALSCH,,,,,,,,,,,,,WAHR,
image_8.png,0,farmbot_uzk,62,"1734508809,51064","20,6393530174716","57,7279316395819","1616,0064",303,19857998,19858301,FALSCH,,,,,,,,,,,,,WAHR,
image_9.png,0,farmbot_uzk,63,"1734508809,98276","20,6393530174716","57,7279316395819","1616,0064",303,19857998,19858301,FALSCH,,,,,,,,,,,,,WAHR,
image_10.png,0,farmbot_uzk,64,"1734508810,46053","20,6393530174716","57,7279316395819","1616,0064",303,19857998,19858301,FALSCH,,,,,,,,,,,,,WAHR,
image_11.png,0,farmbot_uzk,65,"1734508810,93122","20,6393530174716","57,7279316395819","1616,0064",303,19857998,19858301,FALSCH,,,,,,,,,,,,,WAHR,
image_12.png,0,farmbot_uzk,66,"1734508811,39544","20,6393530174716","57,7279316395819","1616,0064",303,19857998,19858301,FALSCH,,,,,,,,,,,,,WAHR,
image_13.png,0,farmbot_uzk,67,"1734508882,12551","20,6820782787823","57,9827573052567","1618,944",305,19989072,19989377,FALSCH,,,,,,,,,,,,,WAHR,
image_14.png,0,farmbot_uzk,68,"1734508882,55805","20,6820782787823","57,9827573052567","1618,944",305,19989072,19989377,FALSCH,,,,,,,,,,,,,WAHR,
image_15.png,0,farmbot_uzk,69,"1734508882,99412","20,6820782787823","57,9827573052567","1618,944",305,19989072,19989377,FALSCH,,,,,,,,,,,,,WAHR,
image_16.png,0,farmbot_uzk,70,"1734508883,44897","20,6820782787823","57,9827573052567","1618,944",305,19989072,19989377,FALSCH,,,,,,,,,,,,,WAHR,
image_17.png,0,farmbot_uzk,71,"1734508883,90513","20,6820782787823","57,9827573052567","1618,944",305,19989072,19989377,FALSCH,,,,,,,,,,,,,WAHR,
image_18.png,0,farmbot_uzk,72,"1734508884,38415","20,6820782787823","57,9827573052567","1618,944",305,19989072,19989377,FALSCH,,,,,,,,,,,,,WAHR,
image_19.png,0,farmbot_uzk,73,"1734508960,52078","20,6820782787823","57,6226443884947","1631,5104",308,20185685,20185993,FALSCH,,,,,,,,,,,,,WAHR,
image_20.png,0,farmbot_uzk,74,"1734508960,97623","20,6820782787823","57,6226443884947","1631,5104",308,20185685,20185993,FALSCH,,,,,,,,,,,,,WAHR,
image_21.png,0,farmbot_uzk,75,"1734508961,41797","20,6820782787823","57,6226443884947","1631,5104",308,20185685,20185993,FALSCH,,,,,,,,,,,,,WAHR,
image_22.png,0,farmbot_uzk,76,"1734508961,86469","20,6820782787823","57,6226443884947","1631,5104",308,20185685,20185993,FALSCH,,,,,,,,,,,,,WAHR,
image_23.png,0,farmbot_uzk,77,"1734508962,32572","20,6820782787823","57,6226443884947","1631,5104",308,20185685,20185993,FALSCH,,,,,,,,,,,,,WAHR,
image_24.png,0,farmbot_uzk,78,"1734508962,79906","20,6820782787823","57,6226443884947","1631,5104",308,20185685,20185993,FALSCH,,,,,,,,,,,,,WAHR,
image_25.png,0,farmbot_uzk,79,"1734509039,20915","20,6954299229419","57,3098344396124","1644,0768",311,20382298,20382609,FALSCH,,,,,,,,,,,,,WAHR,
image_26.png,0,farmbot_uzk,80,"1734509039,65269","20,6954299229419","57,3098344396124","1644,0768",311,20382298,20382609,FALSCH,,,,,,,,,,,,,WAHR,
image_27.png,0,farmbot_uzk,81,"1734509040,09829","20,6954299229419","57,3098344396124","1644,0768",311,20382298,20382609,FALSCH,,,,,,,,,,,,,WAHR,
image_28.png,0,farmbot_uzk,82,"1734509040,54438","20,6954299229419","57,3098344396124","1644,0768",311,20382298,20382609,FALSCH,,,,,,,,,,,,,WAHR,
image_29.png,0,farmbot_uzk,83,"1734509041,03628","20,6954299229419","57,3098344396124","1644,0768",311,20382298,20382609,FALSCH,,,,,,,,,,,,,WAHR,
image_30.png,0,farmbot_uzk,84,"1734509041,52658","20,6954299229419","57,3098344396124","1644,0768",311,20382298,20382609,FALSCH,,,,,,,,,,,,,WAHR,
image_31.png,0,farmbot_uzk,85,"1734509177,02993","20,7942320897231","56,7971313038834","1639,6704",308,20185687,20185995,FALSCH,,,,,,,,,,,,,WAHR,
image_32.png,0,farmbot_uzk,86,"1734509177,46472","20,7942320897231","56,7971313038834","1639,6704",308,20185687,20185995,FALSCH,,,,,,,,,,,,,WAHR,
image_33.png,0,farmbot_uzk,87,"1734509177,89502","20,7942320897231","56,7971313038834","1639,6704",308,20185687,20185995,FALSCH,,,,,,,,,,,,,WAHR,
image_34.png,0,farmbot_uzk,88,"1734509178,33563","20,7942320897231","56,7971313038834","1639,6704",308,20185687,20185995,FALSCH,,,,,,,,,,,,,WAHR,
image_35.png,0,farmbot_uzk,89,"1734509178,83294","20,7942320897231","56,7971313038834","1639,6704",308,20185687,20185995,FALSCH,,,,,,,,,,,,,WAHR,
image_36.png,0,farmbot_uzk,90,"1734509179,30646","20,7942320897231","56,7971313038834","1639,6704",308,20185687,20185995,FALSCH,,,,,,,,,,,,,WAHR,
image_37.png,0,farmbot_uzk,91,"1734509249,32298","20,7942320897231","56,7193102922103","1638,2016",307,20120150,20120457,FALSCH,,,,,,,,,,,,,WAHR,
image_38.png,0,farmbot_uzk,92,"1734509249,81807","20,7942320897231","56,7193102922103","1638,2016",307,20120150,20120457,FALSCH,,,,,,,,,,,,,WAHR,
image_39.png,0,farmbot_uzk,93,"1734509250,32851","20,7942320897231","56,7193102922103","1638,2016",307,20120150,20120457,FALSCH,,,,,,,,,,,,,WAHR,
image_40.png,0,farmbot_uzk,94,"1734509251,05977","20,7942320897231","56,7193102922103","1638,2016",307,20120150,20120457,FALSCH,,,,,,,,,,,,,WAHR,
image_41.png,0,farmbot_uzk,95,"1734509251,75865","20,7942320897231","56,7193102922103","1638,2016",307,20120150,20120457,FALSCH,,,,,,,,,,,,,WAHR,
image_42.png,0,farmbot_uzk,96,"1734509252,37729","20,7942320897231","56,7193102922103","1638,2016",307,20120150,20120457,FALSCH,,,,,,,,,,,,,WAHR,
image_43.png,0,farmbot_uzk,97,"1734509330,72655","20,8503089951934","56,58197909514","1617,8016",307,20120145,20120452,FALSCH,,,,,,,,,,,,,WAHR,
image_44.png,0,farmbot_uzk,98,"1734509331,15174","20,8503089951934","56,58197909514","1617,8016",307,20120145,20120452,FALSCH,,,,,,,,,,,,,WAHR,
image_45.png,0,farmbot_uzk,99,"1734509331,57592","20,8503089951934","56,58197909514","1617,8016",307,20120145,20120452,FALSCH,,,,,,,,,,,,,WAHR,
image_46.png,0,farmbot_uzk,100,"1734509332,00409","20,8503089951934","56,58197909514","1617,8016",307,20120145,20120452,FALSCH,,,,,,,,,,,,,WAHR,
image_47.png,0,farmbot_uzk,101,"1734509332,44524","20,8503089951934","56,58197909514","1617,8016",307,20120145,20120452,FALSCH,,,,,,,,,,,,,WAHR,
image_48.png,0,farmbot_uzk,102,"1734509332,89671","20,8503089951934","56,58197909514","1617,8016",307,20120145,20120452,FALSCH,,,,,,,,,,,,,WAHR,
image_49.png,0,farmbot_uzk,103,"1734509401,59411","20,8369573510338","56,6689555199512","1634,448",310,20316759,20317069,FALSCH,,,,,,,,,,,,,WAHR,
image_50.png,0,farmbot_uzk,104,"1734509402,00375","20,8369573510338","56,6689555199512","1634,448",310,20316759,20317069,FALSCH,,,,,,,,,,,,,WAHR,
image_51.png,0,farmbot_uzk,105,"1734509402,42898","20,8369573510338","56,6689555199512","1634,448",310,20316759,20317069,FALSCH,,,,,,,,,,,,,WAHR,
image_52.png,0,farmbot_uzk,106,"1734509402,8989","20,8369573510338","56,6689555199512","1634,448",310,20316759,20317069,FALSCH,,,,,,,,,,,,,WAHR,
image_53.png,0,farmbot_uzk,107,"1734509403,32708","20,8369573510338","56,6689555199512","1634,448",310,20316759,20317069,FALSCH,,,,,,,,,,,,,WAHR,
image_54.png,0,farmbot_uzk,108,"1734509403,82861","20,8369573510338","56,6689555199512","1634,448",310,20316759,20317069,FALSCH,,,,,,,,,,,,,WAHR,
image_55.png,0,farmbot_uzk,109,"1734509477,97546","20,8770122835126","56,4278629739834","1623,3504",308,20185683,20185991,FALSCH,,,,,,,,,,,,,WAHR,
image_56.png,0,farmbot_uzk,110,"1734509478,39411","20,8770122835126","56,4278629739834","1623,3504",308,20185683,20185991,FALSCH,,,,,,,,,,,,,WAHR,
image_57.png,0,farmbot_uzk,111,"1734509478,82077","20,8770122835126","56,4278629739834","1623,3504",308,20185683,20185991,FALSCH,,,,,,,,,,,,,WAHR,
image_58.png,0,farmbot_uzk,112,"1734509479,26026","20,8770122835126","56,4278629739834","1623,3504",308,20185683,20185991,FALSCH,,,,,,,,,,,,,WAHR,
image_59.png,0,farmbot_uzk,113,"1734509479,71832","20,8770122835126","56,4278629739834","1623,3504",308,20185683,20185991,FALSCH,,,,,,,,,,,,,WAHR,
image_60.png,0,farmbot_uzk,114,"1734509480,1335","20,8770122835126","56,4278629739834","1623,3504",308,20185683,20185991,FALSCH,,,,,,,,,,,,,WAHR,
image_61.png,0,farmbot_uzk_2,55,"1734508782,2403","22,2522316319524","54,8378728923476","297,6768",61,3997808,3997869,FALSCH,,,,,,,,,,,,,WAHR,
image_62.png,0,farmbot_uzk_2,56,"1734508782,75942","22,2522316319524","54,8378728923476","297,6768",61,3997808,3997869,FALSCH,,,,,,,,,,,,,WAHR,
image_63.png,0,farmbot_uzk_2,57,"1734508783,32657","22,2522316319524","54,8378728923476","297,6768",61,3997808,3997869,FALSCH,,,,,,,,,,,,,WAHR,
image_64.png,0,farmbot_uzk_2,58,"1734508783,85729","22,2522316319524","54,8378728923476","297,6768",61,3997808,3997869,FALSCH,,,,,,,,,,,,,WAHR,
image_65.png,0,farmbot_uzk_2,59,"1734508784,44916","22,2522316319524","54,8378728923476","297,6768",61,3997808,3997869,FALSCH,,,,,,,,,,,,,WAHR,
image_66.png,0,farmbot_uzk_2,60,"1734508785,02364","22,2522316319524","54,8378728923476","297,6768",61,3997808,3997869,FALSCH,,,,,,,,,,,,,WAHR,
image_67.png,0,farmbot_uzk_2,61,"1734508834,25794","22,3109788662547","55,5153734645609","297,6768",61,3997808,3997869,FALSCH,,,,,,,,,,,,,WAHR,
image_68.png,0,farmbot_uzk_2,62,"1734508834,81199","22,3109788662547","55,5153734645609","297,6768",61,3997808,3997869,FALSCH,,,,,,,,,,,,,WAHR,
image_69.png,0,farmbot_uzk_2,63,"1734508835,35827","22,3109788662547","55,5153734645609","297,6768",61,3997808,3997869,FALSCH,,,,,,,,,,,,,WAHR,
image_70.png,0,farmbot_uzk_2,64,"1734508835,92763","22,3109788662547","55,5153734645609","297,6768",61,3997808,3997869,FALSCH,,,,,,,,,,,,,WAHR,
image_71.png,0,farmbot_uzk_2,65,"1734508836,51337","22,3109788662547","55,5153734645609","297,6768",61,3997808,3997869,FALSCH,,,,,,,,,,,,,WAHR,
image_72.png,0,farmbot_uzk_2,66,"1734508837,07842","22,3109788662547","55,5153734645609","297,6768",61,3997808,3997869,FALSCH,,,,,,,,,,,,,WAHR,
image_73.png,0,farmbot_uzk_2,67,"1734508889,44608","22,2522316319524","55,7671473258564","297,6768",61,3997808,3997869,FALSCH,,,,,,,,,,,,,WAHR,
image_74.png,0,farmbot_uzk_2,68,"1734508889,98837","22,2522316319524","55,7671473258564","297,6768",61,3997808,3997869,FALSCH,,,,,,,,,,,,,WAHR,
image_75.png,0,farmbot_uzk_2,69,"1734508890,5672","22,2522316319524","55,7671473258564","297,6768",61,3997808,3997869,FALSCH,,,,,,,,,,,,,WAHR,
image_76.png,0,farmbot_uzk_2,70,"1734508891,13397","22,2522316319524","55,7671473258564","297,6768",61,3997808,3997869,FALSCH,,,,,,,,,,,,,WAHR,
image_77.png,0,farmbot_uzk_2,71,"1734508891,70135","22,2522316319524","55,7671473258564","297,6768",61,3997808,3997869,FALSCH,,,,,,,,,,,,,WAHR,
image_78.png,0,farmbot_uzk_2,72,"1734508892,22908","22,2522316319524","55,7671473258564","297,6768",61,3997808,3997869,FALSCH,,,,,,,,,,,,,WAHR,
image_79.png,0,farmbot_uzk_2,73,"1734508946,72196","22,1534294651713","55,8403906309606","305,8368",61,3997810,3997871,FALSCH,,,,,,,,,,,,,WAHR,
image_80.png,0,farmbot_uzk_2,74,"1734508947,25718","22,1534294651713","55,8403906309606","305,8368",61,3997810,3997871,FALSCH,,,,,,,,,,,,,WAHR,
image_81.png,0,farmbot_uzk_2,75,"1734508947,78245","22,1534294651713","55,8403906309606","305,8368",61,3997810,3997871,FALSCH,,,,,,,,,,,,,WAHR,
image_82.png,0,farmbot_uzk_2,76,"1734508948,36445","22,1534294651713","55,8403906309606","305,8368",61,3997810,3997871,FALSCH,,,,,,,,,,,,,WAHR,
image_83.png,0,farmbot_uzk_2,77,"1734508948,94574","22,1534294651713","55,8403906309606","305,8368",61,3997810,3997871,FALSCH,,,,,,,,,,,,,WAHR,
image_84.png,0,farmbot_uzk_2,78,"1734508949,50405","22,1534294651713","55,8403906309606","305,8368",61,3997810,3997871,FALSCH,,,,,,,,,,,,,WAHR,
image_85.png,0,farmbot_uzk_2,79,"1734508998,99388","22,2362096589609","55,2086671244373","303,2256",62,4063346,4063408,FALSCH,,,,,,,,,,,,,WAHR,
image_86.png,0,farmbot_uzk_2,80,"1734508999,52335","22,2362096589609","55,2086671244373","303,2256",62,4063346,4063408,FALSCH,,,,,,,,,,,,,WAHR,
image_87.png,0,farmbot_uzk_2,81,"1734509000,10713","22,2362096589609","55,2086671244373","303,2256",62,4063346,4063408,FALSCH,,,,,,,,,,,,,WAHR,
image_88.png,0,farmbot_uzk_2,82,"1734509000,67678","22,2362096589609","55,2086671244373","303,2256",62,4063346,4063408,FALSCH,,,,,,,,,,,,,WAHR,
image_89.png,0,farmbot_uzk_2,83,"1734509001,25535","22,2362096589609","55,2086671244373","303,2256",62,4063346,4063408,FALSCH,,,,,,,,,,,,,WAHR,
image_90.png,0,farmbot_uzk_2,84,"1734509001,83914","22,2362096589609","55,2086671244373","303,2256",62,4063346,4063408,FALSCH,,,,,,,,,,,,,WAHR,
image_91.png,0,farmbot_uzk_2,85,"1734509083,53335","22,2362096589609","55,0713359273671","228,1536",47,3080278,3080325,FALSCH,,,,,,,,,,,,,WAHR,
image_92.png,0,farmbot_uzk_2,86,"1734509084,06753","22,2362096589609","55,0713359273671","228,1536",47,3080278,3080325,FALSCH,,,,,,,,,,,,,WAHR,
image_93.png,0,farmbot_uzk_2,87,"1734509084,60869","22,2362096589609","55,0713359273671","228,1536",47,3080278,3080325,FALSCH,,,,,,,,,,,,,WAHR,
image_94.png,0,farmbot_uzk_2,88,"1734509085,14665","22,2362096589609","55,0713359273671","228,1536",47,3080278,3080325,FALSCH,,,,,,,,,,,,,WAHR,
image_95.png,0,farmbot_uzk_2,89,"1734509085,71618","22,2362096589609","55,0713359273671","228,1536",47,3080278,3080325,FALSCH,,,,,,,,,,,,,WAHR,
image_96.png,0,farmbot_uzk_2,90,"1734509086,24073","22,2362096589609","55,0713359273671","228,1536",47,3080278,3080325,FALSCH,,,,,,,,,,,,,WAHR,
image_97.png,0,farmbot_uzk_2,91,"1734509138,10888","22,3537041275654","54,2519264515145","236,3136",47,3080280,3080327,FALSCH,,,,,,,,,,,,,WAHR,
image_98.png,0,farmbot_uzk_2,92,"1734509138,59862","22,3537041275654","54,2519264515145","236,3136",47,3080280,3080327,FALSCH,,,,,,,,,,,,,WAHR,
image_99.png,0,farmbot_uzk_2,93,"1734509139,11707","22,3537041275654","54,2519264515145","236,3136",47,3080280,3080327,FALSCH,,,,,,,,,,,,,WAHR,
image_100.png,0,farmbot_uzk_2,94,"1734509139,57114","22,3537041275654","54,2519264515145","236,3136",47,3080280,3080327,FALSCH,,,,,,,,,,,,,WAHR,
image_101.png,0,farmbot_uzk_2,95,"1734509140,12881","22,3537041275654","54,2519264515145","236,3136",47,3080280,3080327,FALSCH,,,,,,,,,,,,,WAHR,
image_102.png,0,farmbot_uzk_2,96,"1734509140,60155","22,3537041275654","54,2519264515145","236,3136",47,3080280,3080327,FALSCH,,,,,,,,,,,,,WAHR,
image_103.png,0,farmbot_uzk_2,97,"1734509194,97394","22,367055771725","55,1171129930572","286,5792",59,3866732,3866791,FALSCH,,,,,,,,,,,,,WAHR,
image_104.png,0,farmbot_uzk_2,98,"1734509195,49179","22,367055771725","55,1171129930572","286,5792",59,3866732,3866791,FALSCH,,,,,,,,,,,,,WAHR,
image_105.png,0,farmbot_uzk_2,99,"1734509196,03701","22,367055771725","55,1171129930572","286,5792",59,3866732,3866791,FALSCH,,,,,,,,,,,,,WAHR,
image_106.png,0,farmbot_uzk_2,100,"1734509196,57957","22,367055771725","55,1171129930572","286,5792",59,3866732,3866791,FALSCH,,,,,,,,,,,,,WAHR,
image_107.png,0,farmbot_uzk_2,101,"1734509197,16005","22,367055771725","55,1171129930572","286,5792",59,3866732,3866791,FALSCH,,,,,,,,,,,,,WAHR,
image_108.png,0,farmbot_uzk_2,102,"1734509197,70791","22,367055771725","55,1171129930572","286,5792",59,3866732,3866791,FALSCH,,,,,,,,,,,,,WAHR,
image_109.png,0,farmbot_uzk_2,103,"1734509248,93726","22,3243305104143","53,5759517814908","288,048",60,3932269,3932329,FALSCH,,,,,,,,,,,,,WAHR,
image_110.png,0,farmbot_uzk_2,104,"1734509249,50245","22,3243305104143","53,5759517814908","288,048",60,3932269,3932329,FALSCH,,,,,,,,,,,,,WAHR,
image_111.png,0,farmbot_uzk_2,105,"1734509250,21115","22,3243305104143","53,5759517814908","288,048",60,3932269,3932329,FALSCH,,,,,,,,,,,,,WAHR,
image_112.png,0,farmbot_uzk_2,106,"1734509251,05783","22,3243305104143","53,5759517814908","288,048",60,3932269,3932329,FALSCH,,,,,,,,,,,,,WAHR,
image_113.png,0,farmbot_uzk_2,107,"1734509251,87335","22,3243305104143","53,5759517814908","288,048",60,3932269,3932329,FALSCH,,,,,,,,,,,,,WAHR,
image_114.png,0,farmbot_uzk_2,108,"1734509252,67673","22,3243305104143","53,5759517814908","288,048",60,3932269,3932329,FALSCH,,,,,,,,,,,,,WAHR,
image_115.png,0,farmbot_uzk_2,109,"1734509311,57388","22,3376821545739","54,0657663843748","303,2256",62,4063346,4063408,FALSCH,,,,,,,,,,,,,WAHR,
image_116.png,0,farmbot_uzk_2,110,"1734509312,12841","22,3376821545739","54,0657663843748","303,2256",62,4063346,4063408,FALSCH,,,,,,,,,,,,,WAHR,
image_117.png,0,farmbot_uzk_2,111,"1734509312,68134","22,3376821545739","54,0657663843748","303,2256",62,4063346,4063408,FALSCH,,,,,,,,,,,,,WAHR,
image_118.png,0,farmbot_uzk_2,112,"1734509313,23391","22,3376821545739","54,0657663843748","303,2256",62,4063346,4063408,FALSCH,,,,,,,,,,,,,WAHR,
image_119.png,0,farmbot_uzk_2,113,"1734509313,81095","22,3376821545739","54,0657663843748","303,2256",62,4063346,4063408,FALSCH,,,,,,,,,,,,,WAHR,
image_120.png,0,farmbot_uzk_2,114,"1734509314,36339","22,3376821545739","54,0657663843748","303,2256",62,4063346,4063408,FALSCH,,,,,,,,,,,,,WAHR,
image_121.png,1,farmbot_uzk,1,"1718868500,37832","24,85",44,5178,845,1810,2655,FALSCH,"0,0021","0,0015","0,0006",0,7,control,"2,5","0,3439",0,2,2,4,WAHR,0
image_122.png,1,farmbot_uzk,1,"1718900920,96377","28,46",43,1005,332,459,791,FALSCH,"0,0021","0,0015","0,0006",0,7,control,"2,5","0,3439",0,2,2,4,WAHR,0
image_123.png,1,farmbot_uzk,2,"1718900920,96377","28,46",43,1005,332,459,791,FALSCH,"0,0038","0,0029","0,0009",0,7,control,"3,22222","0,5537",0,1,4,5,WAHR,1
image_124.png,1,farmbot_uzk,2,"1718868500,37832","24,85",44,5178,845,1810,2655,FALSCH,"0,0038","0,0029","0,0009",0,7,control,"3,22222","0,5537",0,1,4,5,WAHR,1
image_125.png,1,farmbot_uzk,3,"1718868500,37832","24,85",44,5178,845,1810,2655,FALSCH,"0,0057","0,0035","0,0022",0,7,control,"1,59091","0,762",0,2,4,6,WAHR,2
image_126.png,1,farmbot_uzk,3,"1718900920,96377","28,46",43,1005,332,459,791,FALSCH,"0,0057","0,0035","0,0022",0,7,control,"1,59091","0,762",0,2,4,6,WAHR,2
image_127.png,1,farmbot_uzk,4,"1718868500,37832","24,85",44,5178,845,1810,2655,FALSCH,"0,0096","0,005","0,0046",0,7,control,"1,08696","1,0199",0,2,4,6,WAHR,3
image_128.png,1,farmbot_uzk,4,"1718900920,96377","28,46",43,1005,332,459,791,FALSCH,"0,0096","0,005","0,0046",0,7,control,"1,08696","1,0199",0,2,4,6,WAHR,3
image_129.png,1,farmbot_uzk,5,"1718900920,96377","28,46",43,1005,332,459,791,FALSCH,"0,0033","0,0032","0,0001",0,7,control,32,"0,4011",0,2,2,4,WAHR,4
image_130.png,1,farmbot_uzk,5,"1718868500,37832","24,85",44,5178,845,1810,2655,FALSCH,"0,0033","0,0032","0,0001",0,7,control,32,"0,4011",0,2,2,4,WAHR,4
image_131.png,1,farmbot_uzk,6,"1718900920,96377","28,46",43,1005,332,459,791,FALSCH,"0,0251","0,0099","0,0152",0,7,control,"0,65132","1,2563",0,2,5,7,WAHR,5
image_132.png,1,farmbot_uzk,6,"1718868500,37832","24,85",44,5178,845,1810,2655,FALSCH,"0,0251","0,0099","0,0152",0,7,control,"0,65132","1,2563",0,2,5,7,WAHR,5
image_133.png,1,farmbot_uzk,13,"1718868525,56638","24,85",44,5178,845,1810,2655,FALSCH,"0,0071","0,0063","0,0008",0,7,control,"7,875","0,856",0,1,5,6,WAHR,12
image_134.png,1,farmbot_uzk,13,"1718900938,03075","28,46",43,1005,332,459,791,FALSCH,"0,0071","0,0063","0,0008",0,7,control,"7,875","0,856",0,1,5,6,WAHR,12
image_135.png,1,farmbot_uzk,14,"1718900938,03075","28,46",43,1005,332,459,791,FALSCH,"0,0685","0,0081","0,0604",0,7,control,"0,13411","1,0855",0,1,5,6,WAHR,13
image_136.png,1,farmbot_uzk,14,"1718868525,56638","24,85",44,5178,845,1810,2655,FALSCH,"0,0685","0,0081","0,0604",0,7,control,"0,13411","1,0855",0,1,5,6,WAHR,13
image_137.png,1,farmbot_uzk,15,"1718900938,03075","28,46",43,1005,332,459,791,FALSCH,"0,0066","0,0063","0,0003",0,7,control,21,"1,005",0,1,5,6,WAHR,14
image_138.png,1,farmbot_uzk,15,"1718868525,56638","24,85",44,5178,845,1810,2655,FALSCH,"0,0066","0,0063","0,0003",0,7,control,21,"1,005",0,1,5,6,WAHR,14
image_139.png,1,farmbot_uzk,16,"1718868525,56638","24,85",44,5178,845,1810,2655,FALSCH,"0,0416","0,0064","0,0352",0,7,control,"0,18182","0,9918",0,0,6,6,WAHR,15
image_140.png,1,farmbot_uzk,16,"1718900938,03075","28,46",43,1005,332,459,791,FALSCH,"0,0416","0,0064","0,0352",0,7,control,"0,18182","0,9918",0,0,6,6,WAHR,15
image_141.png,1,farmbot_uzk,17,"1718868525,56638","24,85",44,5178,845,1810,2655,FALSCH,"0,0094","0,0086","0,0008","0,001",7,control,"10,75","1,013",0,0,6,6,WAHR,16
image_142.png,1,farmbot_uzk,17,"1718900938,03075","28,46",43,1005,332,459,791,FALSCH,"0,0094","0,0086","0,0008","0,001",7,control,"10,75","1,013",0,0,6,6,WAHR,16
image_143.png,1,farmbot_uzk,18,"1718868525,56638","24,85",44,5178,845,1810,2655,FALSCH,"0,0671","0,0096","0,0575",0,7,control,"0,16696","1,5086",0,1,6,7,WAHR,17
image_144.png,1,farmbot_uzk,18,"1718900938,03075","28,46",43,1005,332,459,791,FALSCH,"0,0671","0,0096","0,0575",0,7,control,"0,16696","1,5086",0,1,6,7,WAHR,17
image_145.png,1,farmbot_uzk,25,"1718868549,98939","24,85",44,5178,845,1810,2655,FALSCH,"0,0113","0,0049","0,0064",0,7,control,"0,76562","0,9635",0,1,6,7,WAHR,24
image_146.png,1,farmbot_uzk,25,"1718900957,09965","28,46",43,1005,332,459,791,FALSCH,"0,0113","0,0049","0,0064",0,7,control,"0,76562","0,9635",0,1,6,7,WAHR,24
image_147.png,1,farmbot_uzk,26,"1718900957,09965","28,46",43,1005,332,459,791,FALSCH,"0,0046","0,0043","0,0003",0,7,control,"14,33333","0,9383",0,1,6,7,WAHR,25
image_148.png,1,farmbot_uzk,26,"1718868549,98939","24,85",44,5178,845,1810,2655,FALSCH,"0,0046","0,0043","0,0003",0,7,control,"14,33333","0,9383",0,1,6,7,WAHR,25
image_149.png,1,farmbot_uzk,27,"1718868549,98939","24,85",44,5178,845,1810,2655,FALSCH,"0,0053","0,005","0,0003",0,7,control,"16,66667","1,1171",0,1,6,7,WAHR,26
image_150.png,1,farmbot_uzk,27,"1718900957,09965","28,46",43,1005,332,459,791,FALSCH,"0,0053","0,005","0,0003",0,7,control,"16,66667","1,1171",0,1,6,7,WAHR,26
image_151.png,1,farmbot_uzk,28,"1718900957,09965","28,46",43,1005,332,459,791,FALSCH,"0,0036","0,0031","0,0005",0,7,control,"6,2","0,7283",0,0,5,5,WAHR,27
image_152.png,1,farmbot_uzk,28,"1718868549,98939","24,85",44,5178,845,1810,2655,FALSCH,"0,0036","0,0031","0,0005",0,7,control,"6,2","0,7283",0,0,5,5,WAHR,27
image_153.png,1,farmbot_uzk,29,"1718868549,98939","24,85",44,5178,845,1810,2655,FALSCH,"0,004","0,0039","0,0001",0,7,control,39,"0,7243",0,2,5,7,WAHR,28
image_154.png,1,farmbot_uzk,29,"1718900957,09965","28,46",43,1005,332,459,791,FALSCH,"0,004","0,0039","0,0001",0,7,control,39,"0,7243",0,2,5,7,WAHR,28
image_155.png,1,farmbot_uzk,30,"1718900957,09965","28,46",43,1005,332,459,791,FALSCH,"0,008","0,0065","0,0015",0,7,control,"4,33333","0,7703",0,1,5,6,WAHR,29
image_156.png,1,farmbot_uzk,30,"1718868549,98939","24,85",44,5178,845,1810,2655,FALSCH,"0,008","0,0065","0,0015",0,7,control,"4,33333","0,7703",0,1,5,6,WAHR,29
image_157.png,1,farmbot_uzk,37,"1718868574,65318","24,85",44,5178,845,1810,2655,FALSCH,"0,0055","0,0053","0,0002",0,7,control,"26,5","1,3247",0,1,6,7,WAHR,36
image_158.png,1,farmbot_uzk,37,"1718900975,91075","28,46",43,1005,332,459,791,FALSCH,"0,0055","0,0053","0,0002",0,7,control,"26,5","1,3247",0,1,6,7,WAHR,36
image_159.png,1,farmbot_uzk,38,"1718900975,91075","28,46",43,1005,332,459,791,FALSCH,"0,0076","0,0057","0,0019",0,7,control,3,"0,9977",0,1,5,6,WAHR,37
image_160.png,1,farmbot_uzk,38,"1718868574,65318","24,85",44,5178,845,1810,2655,FALSCH,"0,0076","0,0057","0,0019",0,7,control,3,"0,9977",0,1,5,6,WAHR,37
image_161.png,1,farmbot_uzk,39,"1718900975,91075","28,46",43,1005,332,459,791,FALSCH,"0,0067","0,0062","0,0005",0,7,control,"12,4","1,1305",0,1,6,7,WAHR,38
image_162.png,1,farmbot_uzk,39,"1718868574,65318","24,85",44,5178,845,1810,2655,FALSCH,"0,0067","0,0062","0,0005",0,7,control,"12,4","1,1305",0,1,6,7,WAHR,38
image_163.png,1,farmbot_uzk,40,"1718868574,65318","24,85",44,5178,845,1810,2655,FALSCH,"0,0095","0,0066","0,0029",0,7,control,"2,27586","0,9887",0,0,6,6,WAHR,39
image_164.png,1,farmbot_uzk,40,"1718900975,91075","28,46",43,1005,332,459,791,FALSCH,"0,0095","0,0066","0,0029",0,7,control,"2,27586","0,9887",0,0,6,6,WAHR,39
image_165.png,1,farmbot_uzk,41,"1718868574,65318","24,85",44,5178,845,1810,2655,FALSCH,"0,0068","0,0063","0,0005",0,7,control,"12,6","1,1572",0,1,5,6,WAHR,40
image_166.png,1,farmbot_uzk,41,"1718900975,91075","28,46",43,1005,332,459,791,FALSCH,"0,0068","0,0063","0,0005",0,7,control,"12,6","1,1572",0,1,5,6,WAHR,40
image_167.png,1,farmbot_uzk,42,"1718900975,91075","28,46",43,1005,332,459,791,FALSCH,"0,0122","0,0091","0,0031",0,7,control,"2,93548","1,3681",0,2,6,8,WAHR,41
image_168.png,1,farmbot_uzk,42,"1718868574,65318","24,85",44,5178,845,1810,2655,FALSCH,"0,0122","0,0091","0,0031",0,7,control,"2,93548","1,3681",0,2,6,8,WAHR,41
image_169.png,1,farmbot_uzk,43,"1719475896,18824","30,79",44,5931,902,2031,2933,FALSCH,"0,0838","0,0731","0,0107","0,002",14,control,"6,83178","2,6246","14,5445",2,4,6,FALSCH,42
image_170.png,1,farmbot_uzk,43,"1719475484,53908","30,79",44,5931,902,2031,2933,FALSCH,"0,0838","0,0731","0,0107","0,002",14,control,"6,83178","2,6246","14,5445",2,4,6,WAHR,42
image_171.png,1,farmbot_uzk,44,"1719475896,18824","30,79",44,5931,902,2031,2933,FALSCH,"0,103","0,095","0,008","0,001",14,control,"11,875","4,1017","22,3249",1,6,7,FALSCH,43
image_172.png,1,farmbot_uzk,44,"1719475484,53908","30,79",44,5931,902,2031,2933,FALSCH,"0,103","0,095","0,008","0,001",14,control,"11,875","4,1017","22,3249",1,6,7,WAHR,43
image_173.png,1,farmbot_uzk,45,"1719475484,53908","30,79",44,5931,902,2031,2933,FALSCH,"0,1602","0,115","0,0452","0,008",14,control,"2,54425","4,4877","6,4096",2,6,8,WAHR,44
image_174.png,1,farmbot_uzk,45,"1719475896,18824","30,79",44,5931,902,2031,2933,FALSCH,"0,1602","0,115","0,0452","0,008",14,control,"2,54425","4,4877","6,4096",2,6,8,FALSCH,44
image_175.png,1,farmbot_uzk,46,"1719475484,53908","30,79",44,5931,902,2031,2933,FALSCH,"0,125","0,112","0,013","0,006",14,control,"8,61538","3,9802","8,9956",4,5,9,WAHR,45
image_176.png,1,farmbot_uzk,46,"1719475896,18824","30,79",44,5931,902,2031,2933,FALSCH,"0,125","0,112","0,013","0,006",14,control,"8,61538","3,9802","8,9956",4,5,9,FALSCH,45
image_177.png,1,farmbot_uzk,47,"1719475896,18824","30,79",44,5931,902,2031,2933,FALSCH,"0,1625","0,1272","0,0353","0,008",14,control,"3,6034","4,704","3,0106",2,7,9,FALSCH,46
image_178.png,1,farmbot_uzk,47,"1719475484,53908","30,79",44,5931,902,2031,2933,FALSCH,"0,1625","0,1272","0,0353","0,008",14,control,"3,6034","4,704","3,0106",2,7,9,WAHR,46
image_179.png,1,farmbot_uzk,48,"1719475484,53908","30,79",44,5931,902,2031,2933,FALSCH,"0,162","0,133","0,029","0,005",14,control,"4,58621","4,1334","4,6521",3,8,11,WAHR,47
image_180.png,1,farmbot_uzk,48,"1719475896,18824","30,79",44,5931,902,2031,2933,FALSCH,"0,162","0,133","0,029","0,005",14,control,"4,58621","4,1334","4,6521",3,8,11,FALSCH,47
image_181.png,1,farmbot_uzk,49,"1719475740,03576","30,79",44,5931,902,2031,2933,FALSCH,"0,209","0,17","0,039","0,009",14,control,"4,35897","5,0692","5,3944",3,7,10,FALSCH,48
image_182.png,1,farmbot_uzk,49,"1719475323,23003","30,79",44,5931,902,2031,2933,FALSCH,"0,209","0,17","0,039","0,009",14,control,"4,35897","5,0692","5,3944",3,7,10,WAHR,48
image_183.png,1,farmbot_uzk,50,"1719475740,03576","30,79",44,5931,902,2031,2933,FALSCH,"0,222","0,1906","0,0314","0,009",14,control,"6,07006","4,379","4,3495",3,6,9,FALSCH,49
image_184.png,1,farmbot_uzk,50,"1719475323,23003","30,79",44,5931,902,2031,2933,FALSCH,"0,222","0,1906","0,0314","0,009",14,control,"6,07006","4,379","4,3495",3,6,9,WAHR,49
image_185.png,1,farmbot_uzk,51,"1719475323,23003","30,79",44,5931,902,2031,2933,FALSCH,"0,122","0,084","0,038","0,006",14,control,"2,21053","2,6202","2,8793",3,5,8,WAHR,50
image_186.png,1,farmbot_uzk,51,"1719475740,03576","30,79",44,5931,902,2031,2933,FALSCH,"0,122","0,084","0,038","0,006",14,control,"2,21053","2,6202","2,8793",3,5,8,FALSCH,50
image_187.png,1,farmbot_uzk,52,"1719475740,03576","30,79",44,5931,902,2031,2933,FALSCH,"0,2214","0,1541","0,0673","0,006",14,control,"2,28975","4,1008","3,9454",4,6,10,FALSCH,51
image_188.png,1,farmbot_uzk,52,"1719475323,23003","30,79",44,5931,902,2031,2933,FALSCH,"0,2214","0,1541","0,0673","0,006",14,control,"2,28975","4,1008","3,9454",4,6,10,WAHR,51
image_189.png,1,farmbot_uzk,53,"1719475323,23003","30,79",44,5931,902,2031,2933,FALSCH,"0,204","0,18","0,024","0,013",14,control,"7,5","5,8851","5,806",4,7,11,WAHR,52
image_190.png,1,farmbot_uzk,53,"1719475740,03576","30,79",44,5931,902,2031,2933,FALSCH,"0,204","0,18","0,024","0,013",14,control,"7,5","5,8851","5,806",4,7,11,FALSCH,52
image_191.png,1,farmbot_uzk,54,"1719475323,23003","30,79",44,5931,902,2031,2933,FALSCH,"0,2989","0,2689","0,03","0,011",14,control,"8,96333","6,8695","6,9475",4,7,11,WAHR,53
image_192.png,1,farmbot_uzk,54,"1719475740,03576","30,79",44,5931,902,2031,2933,FALSCH,"0,2989","0,2689","0,03","0,011",14,control,"8,96333","6,8695","6,9475",4,7,11,FALSCH,53
image_193.png,1,farmbot_uzk,55,"1719475868,68594","30,79",44,5931,902,2031,2933,FALSCH,"0,05","0,042","0,008","0,001",14,control,"5,25","2,0371","1,8407",4,5,9,FALSCH,54
image_194.png,1,farmbot_uzk,55,"1719475457,26753","30,79",44,5931,902,2031,2933,FALSCH,"0,05","0,042","0,008","0,001",14,control,"5,25","2,0371","1,8407",4,5,9,WAHR,54
image_195.png,1,farmbot_uzk,56,"1719475868,68594","30,79",44,5931,902,2031,2933,FALSCH,"0,171","0,1546","0,0164","0,007",14,control,"9,42683","4,9658","4,2869",4,7,11,FALSCH,55
image_196.png,1,farmbot_uzk,56,"1719475457,26753","30,79",44,5931,902,2031,2933,FALSCH,"0,171","0,1546","0,0164","0,007",14,control,"9,42683","4,9658","4,2869",4,7,11,WAHR,55
image_197.png,1,farmbot_uzk,57,"1719475457,26753","30,79",44,5931,902,2031,2933,FALSCH,"0,175","0,149","0,026","0,007",14,control,"5,73077","5,3988","4,2752",4,8,12,WAHR,56
image_198.png,1,farmbot_uzk,57,"1719475868,68594","30,79",44,5931,902,2031,2933,FALSCH,"0,175","0,149","0,026","0,007",14,control,"5,73077","5,3988","4,2752",4,8,12,FALSCH,56
image_199.png,1,farmbot_uzk,58,"1719475868,68594","30,79",44,5931,902,2031,2933,FALSCH,"0,52","0,396","0,124","0,001",14,control,"3,19355","1,6606","1,5827",4,3,7,FALSCH,57
image_200.png,1,farmbot_uzk,58,"1719475457,26753","30,79",44,5931,902,2031,2933,FALSCH,"0,52","0,396","0,124","0,001",14,control,"3,19355","1,6606","1,5827",4,3,7,WAHR,57
image_201.png,1,farmbot_uzk,59,"1719475868,68594","30,79",44,5931,902,2031,2933,FALSCH,"0,212","0,178","0,034","0,006",14,control,"5,23529","4,1096","4,1489",4,7,11,FALSCH,58
image_202.png,1,farmbot_uzk,59,"1719475457,26753","30,79",44,5931,902,2031,2933,FALSCH,"0,212","0,178","0,034","0,006",14,control,"5,23529","4,1096","4,1489",4,7,11,WAHR,58
image_203.png,1,farmbot_uzk,60,"1719475868,68594","30,79",44,5931,902,2031,2933,FALSCH,"0,1246","0,0986","0,026","0,009",14,control,"3,79231","5,3703","5,1686",3,6,9,FALSCH,59
image_204.png,1,farmbot_uzk,60,"1719475457,26753","30,79",44,5931,902,2031,2933,FALSCH,"0,1246","0,0986","0,026","0,009",14,control,"3,79231","5,3703","5,1686",3,6,9,WAHR,59
image_205.png,1,farmbot_uzk,61,"1719475766,47868","30,79",44,5931,902,2031,2933,FALSCH,"0,227","0,2","0,027","0,003",14,control,"7,40741","2,9546","2,4397",4,6,10,FALSCH,60
image_206.png,1,farmbot_uzk,61,"1719475349,61084","30,79",44,5931,902,2031,2933,FALSCH,"0,227","0,2","0,027","0,003",14,control,"7,40741","2,9546","2,4397",4,6,10,WAHR,60
image_207.png,1,farmbot_uzk,62,"1719475349,61084","30,79",44,5931,902,2031,2933,FALSCH,"0,1779","0,1573","0,0206","0,009",14,control,"7,63592","5,6254","5,3631",3,6,9,WAHR,61
image_208.png,1,farmbot_uzk,62,"1719475766,47868","30,79",44,5931,902,2031,2933,FALSCH,"0,1779","0,1573","0,0206","0,009",14,control,"7,63592","5,6254","5,3631",3,6,9,FALSCH,61
image_209.png,1,farmbot_uzk,63,"1719475349,61084","30,79",44,5931,902,2031,2933,FALSCH,"0,13","0,114","0,016","0,007",14,control,"7,125","3,5309","2,9279",4,5,9,WAHR,62
image_210.png,1,farmbot_uzk,63,"1719475766,47868","30,79",44,5931,902,2031,2933,FALSCH,"0,13","0,114","0,016","0,007",14,control,"7,125","3,5309","2,9279",4,5,9,FALSCH,62
image_211.png,1,farmbot_uzk,64,"1719475349,61084","30,79",44,5931,902,2031,2933,FALSCH,"0,2006","0,1508","0,0498","0,007",14,control,"3,02811","5,0577","3,8925",4,6,10,WAHR,63
image_212.png,1,farmbot_uzk,64,"1719475766,47868","30,79",44,5931,902,2031,2933,FALSCH,"0,2006","0,1508","0,0498","0,007",14,control,"3,02811","5,0577","3,8925",4,6,10,FALSCH,63
image_213.png,1,farmbot_uzk,65,"1719475766,47868","30,79",44,5931,902,2031,2933,FALSCH,"0,21","0,165","0,045","0,01",14,control,"3,66667","5,0252","4,4114",3,6,9,FALSCH,64
image_214.png,1,farmbot_uzk,65,"1719475349,61084","30,79",44,5931,902,2031,2933,FALSCH,"0,21","0,165","0,045","0,01",14,control,"3,66667","5,0252","4,4114",3,6,9,WAHR,64
image_215.png,1,farmbot_uzk,66,"1719475349,61084","30,79",44,5931,902,2031,2933,FALSCH,"0,185","0,165","0,02","0,01",14,control,"8,25","5,1268","4,1706",5,6,11,WAHR,65
image_216.png,1,farmbot_uzk,66,"1719475766,47868","30,79",44,5931,902,2031,2933,FALSCH,"0,185","0,165","0,02","0,01",14,control,"8,25","5,1268","4,1706",5,6,11,FALSCH,65
image_217.png,1,farmbot_uzk,67,"1719475430,08139","30,79",44,5931,902,2031,2933,FALSCH,"0,1286","0,1007","0,0279","0,005",14,control,"3,60932","4,0908","3,1986",3,5,8,WAHR,66
image_218.png,1,farmbot_uzk,67,"1719475843,70812","30,79",44,5931,902,2031,2933,FALSCH,"0,1286","0,1007","0,0279","0,005",14,control,"3,60932","4,0908","3,1986",3,5,8,FALSCH,66
image_219.png,1,farmbot_uzk,68,"1719475843,70812","30,79",44,5931,902,2031,2933,FALSCH,"0,119","0,104","0,015","0,005",14,control,"6,93333","3,3855","2,8446",4,5,9,FALSCH,67
image_220.png,1,farmbot_uzk,68,"1719475430,08139","30,79",44,5931,902,2031,2933,FALSCH,"0,119","0,104","0,015","0,005",14,control,"6,93333","3,3855","2,8446",4,5,9,WAHR,67
image_221.png,1,farmbot_uzk,69,"1719475843,70812","30,79",44,5931,902,2031,2933,FALSCH,"0,1617","0,1244","0,0373","0,006",14,control,"3,33512","4,9435","4,1433",2,6,8,FALSCH,68
image_222.png,1,farmbot_uzk,69,"1719475430,08139","30,79",44,5931,902,2031,2933,FALSCH,"0,1617","0,1244","0,0373","0,006",14,control,"3,33512","4,9435","4,1433",2,6,8,WAHR,68
image_223.png,1,farmbot_uzk,70,"1719475843,70812","30,79",44,5931,902,2031,2933,FALSCH,"0,265","0,229","0,036","0,012",14,control,"6,36111","6,1966","5,688",3,7,10,FALSCH,69
image_224.png,1,farmbot_uzk,70,"1719475430,08139","30,79",44,5931,902,2031,2933,FALSCH,"0,265","0,229","0,036","0,012",14,control,"6,36111","6,1966","5,688",3,7,10,WAHR,69
image_225.png,1,farmbot_uzk,71,"1719475843,70812","30,79",44,5931,902,2031,2933,FALSCH,"0,1957","0,1596","0,0361","0,01",14,control,"4,42105","5,1285","4,678",3,7,10,FALSCH,70
image_226.png,1,farmbot_uzk,71,"1719475430,08139","30,79",44,5931,902,2031,2933,FALSCH,"0,1957","0,1596","0,0361","0,01",14,control,"4,42105","5,1285","4,678",3,7,10,WAHR,70
image_227.png,1,farmbot_uzk,72,"1719475430,08139","30,79",44,5931,902,2031,2933,FALSCH,"0,046","0,035","0,011",0,14,control,"3,18182","1,2308","1,0208",5,3,8,WAHR,71
image_228.png,1,farmbot_uzk,72,"1719475843,70812","30,79",44,5931,902,2031,2933,FALSCH,"0,046","0,035","0,011",0,14,control,"3,18182","1,2308","1,0208",5,3,8,FALSCH,71
image_229.png,1,farmbot_uzk,73,"1719475792,47429","30,79",44,5931,902,2031,2933,FALSCH,"0,878","0,681","0,197","0,002",14,control,"3,45685","2,2694","1,8852",4,5,9,FALSCH,72
image_230.png,1,farmbot_uzk,73,"1719475375,91862","30,79",44,5931,902,2031,2933,FALSCH,"0,878","0,681","0,197","0,002",14,control,"3,45685","2,2694","1,8852",4,5,9,WAHR,72
image_231.png,1,farmbot_uzk,74,"1719475792,47429","30,79",44,5931,902,2031,2933,FALSCH,"0,143","0,115","0,028","0,007",14,control,"4,10714","2,7506","3,0765",4,6,10,FALSCH,73
image_232.png,1,farmbot_uzk,74,"1719475375,91862","30,79",44,5931,902,2031,2933,FALSCH,"0,143","0,115","0,028","0,007",14,control,"4,10714","2,7506","3,0765",4,6,10,WAHR,73
image_233.png,1,farmbot_uzk,75,"1719475792,47429","30,79",44,5931,902,2031,2933,FALSCH,"0,1211","0,0922","0,0289",0,14,control,"3,19031","3,0966","2,6338",4,5,9,FALSCH,74
image_234.png,1,farmbot_uzk,75,"1719475375,91862","30,79",44,5931,902,2031,2933,FALSCH,"0,1211","0,0922","0,0289",0,14,control,"3,19031","3,0966","2,6338",4,5,9,WAHR,74
image_235.png,1,farmbot_uzk,76,"1719475375,91862","30,79",44,5931,902,2031,2933,FALSCH,"0,148","0,134","0,014","0,006",14,control,"9,57143","3,061","3,2049",4,5,9,WAHR,75
image_236.png,1,farmbot_uzk,76,"1719475792,47429","30,79",44,5931,902,2031,2933,FALSCH,"0,148","0,134","0,014","0,006",14,control,"9,57143","3,061","3,2049",4,5,9,FALSCH,75
image_237.png,1,farmbot_uzk,77,"1719475375,91862","30,79",44,5931,902,2031,2933,FALSCH,"0,1616","0,1166","0,045","0,008",14,control,"2,59111","4,0311","3,6284",4,7,11,WAHR,76
image_238.png,1,farmbot_uzk,77,"1719475792,47429","30,79",44,5931,902,2031,2933,FALSCH,"0,1616","0,1166","0,045","0,008",14,control,"2,59111","4,0311","3,6284",4,7,11,FALSCH,76
image_239.png,1,farmbot_uzk,78,"1719475792,47429","30,79",44,5931,902,2031,2933,FALSCH,"0,135","0,122","0,013","0,004",14,control,"9,38462","3,825","3,8495",4,6,10,FALSCH,77
image_240.png,1,farmbot_uzk,78,"1719475375,91862","30,79",44,5931,902,2031,2933,FALSCH,"0,135","0,122","0,013","0,004",14,control,"9,38462","3,825","3,8495",4,6,10,WAHR,77
image_241.png,1,farmbot_uzk,79,"1719475402,88631","30,79",44,5931,902,2031,2933,FALSCH,"0,1403","0,889","-0,7487","0,008",14,control,"-1,18739","3,4733","3,1431",4,6,10,WAHR,78
image_242.png,1,farmbot_uzk,79,"1719475815,63794","30,79",44,5931,902,2031,2933,FALSCH,"0,1403","0,889","-0,7487","0,008",14,control,"-1,18739","3,4733","3,1431",4,6,10,FALSCH,78
image_243.png,1,farmbot_uzk,80,"1719475815,63794","30,79",44,5931,902,2031,2933,FALSCH,"0,023","0,019","0,004",0,14,control,,"0,3988","0,324",4,2,6,FALSCH,79
image_244.png,1,farmbot_uzk,80,"1719475402,88631","30,79",44,5931,902,2031,2933,FALSCH,"0,023","0,019","0,004",0,14,control,,"0,3988","0,324",4,2,6,WAHR,79
image_245.png,1,farmbot_uzk,81,"1719475815,63794","30,79",44,5931,902,2031,2933,FALSCH,"0,1713","0,1296","0,0417","0,009",14,control,,"3,7253","3,251",4,6,10,FALSCH,80
image_246.png,1,farmbot_uzk,81,"1719475402,88631","30,79",44,5931,902,2031,2933,FALSCH,"0,1713","0,1296","0,0417","0,009",14,control,,"3,7253","3,251",4,6,10,WAHR,80
image_247.png,1,farmbot_uzk,82,"1719475815,63794","30,79",44,5931,902,2031,2933,FALSCH,"0,055","0,045","0,01","0,005",14,control,,"1,3593","1,3433",5,4,9,FALSCH,81
image_248.png,1,farmbot_uzk,82,"1719475402,88631","30,79",44,5931,902,2031,2933,FALSCH,"0,055","0,045","0,01","0,005",14,control,,"1,3593","1,3433",5,4,9,WAHR,81
image_249.png,1,farmbot_uzk,83,"1719475402,88631","30,79",44,5931,902,2031,2933,FALSCH,"0,1172","0,1012","0,016","0,003",14,control,,"2,0169","1,9252",3,6,9,WAHR,82
image_250.png,1,farmbot_uzk,83,"1719475815,63794","30,79",44,5931,902,2031,2933,FALSCH,"0,1172","0,1012","0,016","0,003",14,control,,"2,0169","1,9252",3,6,9,FALSCH,82
image_251.png,1,farmbot_uzk,84,"1719475402,88631","30,79",44,5931,902,2031,2933,FALSCH,"0,109","0,073","0,036","0,004",14,control,,"3,1965","2,933",5,,5,WAHR,83
image_252.png,1,farmbot_uzk,84,"1719475815,63794","30,79",44,5931,902,2031,2933,FALSCH,"0,109","0,073","0,036","0,004",14,control,,"3,1965","2,933",5,,5,FALSCH,83
image_253.png,1,farmbot_uzk,85,"1720079882,26302","21,83",62,1907,296,657,953,FALSCH,"0,2","0,195","0,005","0,012",21,control,,"7,9496","7,6373",4,10,14,FALSCH,84
image_254.png,1,farmbot_uzk,85,"1720078391,30291","23,72",55,7233,1108,2482,3590,FALSCH,"0,2","0,195","0,005","0,012",21,control,,"7,9496","7,6373",4,10,14,WAHR,84
image_255.png,1,farmbot_uzk,86,"1720079882,26302","21,83",62,1907,296,657,953,FALSCH,"0,215","0,209","0,006","0,012",21,control,,"8,6491","8,965",4,11,15,FALSCH,85
image_256.png,1,farmbot_uzk,86,"1720078391,30291","23,72",55,7233,1108,2482,3590,FALSCH,"0,215","0,209","0,006","0,012",21,control,,"8,6491","8,965",4,11,15,WAHR,85
image_257.png,1,farmbot_uzk,87,"1720078391,30291","23,72",55,7233,1108,2482,3590,FALSCH,"0,328","0,313","0,015","0,017",21,control,,"10,6046","10,4613",4,12,16,WAHR,86
image_258.png,1,farmbot_uzk,87,"1720079882,26302","21,83",62,1907,296,657,953,FALSCH,"0,328","0,313","0,015","0,017",21,control,,"10,6046","10,4613",4,12,16,FALSCH,86
image_259.png,1,farmbot_uzk,88,"1720078391,30291","23,72",55,7233,1108,2482,3590,FALSCH,"0,176","0,167","0,009","0,009",21,control,,"5,4012","4,062",5,9,14,WAHR,87
image_260.png,1,farmbot_uzk,88,"1720079882,26302","21,83",62,1907,296,657,953,FALSCH,"0,176","0,167","0,009","0,009",21,control,,"5,4012","4,062",5,9,14,FALSCH,87
image_261.png,1,farmbot_uzk,89,"1720078391,30291","23,72",55,7233,1108,2482,3590,FALSCH,"0,353","0,287","0,066","0,015",21,control,,"10,2566","10,0592",4,11,15,WAHR,88
image_262.png,1,farmbot_uzk,89,"1720079882,26302","21,83",62,1907,296,657,953,FALSCH,"0,353","0,287","0,066","0,015",21,control,,"10,2566","10,0592",4,11,15,FALSCH,88
image_263.png,1,farmbot_uzk,90,"1720079882,26302","21,83",62,1907,296,657,953,FALSCH,"0,358","0,345","0,013","0,019",21,control,,"11,5106","11,2158",4,12,16,FALSCH,89
image_264.png,1,farmbot_uzk,90,"1720078391,30291","23,72",55,7233,1108,2482,3590,FALSCH,"0,358","0,345","0,013","0,019",21,control,,"11,5106","11,2158",4,12,16,WAHR,89
image_265.png,1,farmbot_uzk,91,"1720079281,96283","23,38",57,7006,1062,2397,3459,FALSCH,"0,192","0,184","0,008","0,008",21,control,,"5,7208","5,143",4,10,14,FALSCH,90
image_266.png,1,farmbot_uzk,91,"1720077779,95862","23,54",56,7579,1152,2595,3747,FALSCH,"0,192","0,184","0,008","0,008",21,control,,"5,7208","5,143",4,10,14,WAHR,90
image_267.png,1,farmbot_uzk,92,"1720079281,96283","23,38",57,7006,1062,2397,3459,FALSCH,"0,233","0,211","0,022","0,016",21,control,,"6,5224","6,5302",2,10,12,FALSCH,91
image_268.png,1,farmbot_uzk,92,"1720077779,95862","23,54",56,7579,1152,2595,3747,FALSCH,"0,233","0,211","0,022","0,016",21,control,,"6,5224","6,5302",2,10,12,WAHR,91
image_269.png,1,farmbot_uzk,93,"1720077779,95862","23,54",56,7579,1152,2595,3747,FALSCH,"0,349","0,337","0,012","0,022",21,control,,"12,4673","12,4072",4,12,16,WAHR,92
image_270.png,1,farmbot_uzk,93,"1720079281,96283","23,38",57,7006,1062,2397,3459,FALSCH,"0,349","0,337","0,012","0,022",21,control,,"12,4673","12,4072",4,12,16,FALSCH,92
image_271.png,1,farmbot_uzk,94,"1720079281,96283","23,38",57,7006,1062,2397,3459,FALSCH,"0,81","0,247","0,563","0,017",21,control,,"8,5339","8,4928",4,12,16,FALSCH,93
image_272.png,1,farmbot_uzk,94,"1720077779,95862","23,54",56,7579,1152,2595,3747,FALSCH,"0,81","0,247","0,563","0,017",21,control,,"8,5339","8,4928",4,12,16,WAHR,93
image_273.png,1,farmbot_uzk,95,"1720079281,96283","23,38",57,7006,1062,2397,3459,FALSCH,"0,25","0,237","0,013","0,013",21,control,,"6,7618","6,7593",2,11,13,FALSCH,94
image_274.png,1,farmbot_uzk,95,"1720077779,95862","23,54",56,7579,1152,2595,3747,FALSCH,"0,25","0,237","0,013","0,013",21,control,,"6,7618","6,7593",2,11,13,WAHR,94
image_275.png,1,farmbot_uzk,96,"1720077779,95862","23,54",56,7579,1152,2595,3747,FALSCH,"0,321","0,311","0,01","0,018",21,control,,"9,5601","9,3642",2,12,14,WAHR,95
image_276.png,1,farmbot_uzk,96,"1720079281,96283","23,38",57,7006,1062,2397,3459,FALSCH,"0,321","0,311","0,01","0,018",21,control,,"9,5601","9,3642",2,12,14,FALSCH,95
image_277.png,1,farmbot_uzk,97,"1720078344,62242","23,72",55,7233,1108,2482,3590,FALSCH,"0,293","0,279","0,014","0,019",21,control,,"8,5485","9,7255",3,12,15,WAHR,96
image_278.png,1,farmbot_uzk,97,"1720079836,77322","21,83",62,1907,296,657,953,FALSCH,"0,293","0,279","0,014","0,019",21,control,,"8,5485","9,7255",3,12,15,FALSCH,96
image_279.png,1,farmbot_uzk,98,"1720078344,62242","23,72",55,7233,1108,2482,3590,FALSCH,"0,216","0,199","0,017","0,01",21,control,,"7,3833","6,7207",4,10,14,WAHR,97
image_280.png,1,farmbot_uzk,98,"1720079836,77322","21,83",62,1907,296,657,953,FALSCH,"0,216","0,199","0,017","0,01",21,control,,"7,3833","6,7207",4,10,14,FALSCH,97
image_281.png,1,farmbot_uzk,99,"1720079836,77322","21,83",62,1907,296,657,953,FALSCH,"0,377","0,369","0,008","0,021",21,drought,,"11,6215","11,9643",4,12,16,FALSCH,98
image_282.png,1,farmbot_uzk,99,"1720078344,62242","23,72",55,7233,1108,2482,3590,FALSCH,"0,377","0,369","0,008","0,021",21,drought,,"11,6215","11,9643",4,12,16,WAHR,98
image_283.png,1,farmbot_uzk,100,"1720079836,77322","21,83",62,1907,296,657,953,FALSCH,"0,359","0,338","0,021","0,018",21,drought,,"11,0114","10,2782",4,9,13,FALSCH,99
image_284.png,1,farmbot_uzk,100,"1720078344,62242","23,72",55,7233,1108,2482,3590,FALSCH,"0,359","0,338","0,021","0,018",21,drought,,"11,0114","10,2782",4,9,13,WAHR,99
image_285.png,1,farmbot_uzk,101,"1720078344,62242","23,72",55,7233,1108,2482,3590,FALSCH,"0,4","0,39","0,01","0,019",21,drought,,"8,6979","9,9519",4,12,16,WAHR,100
image_286.png,1,farmbot_uzk,101,"1720079836,77322","21,83",62,1907,296,657,953,FALSCH,"0,4","0,39","0,01","0,019",21,drought,,"8,6979","9,9519",4,12,16,FALSCH,100
image_287.png,1,farmbot_uzk,102,"1720079836,77322","21,83",62,1907,296,657,953,FALSCH,"0,241","0,23","0,011","0,015",21,drought,,"8,4084","7,7226",4,12,16,FALSCH,101
image_288.png,1,farmbot_uzk,102,"1720078344,62242","23,72",55,7233,1108,2482,3590,FALSCH,"0,241","0,23","0,011","0,015",21,drought,,"8,4084","7,7226",4,12,16,WAHR,101
image_289.png,1,farmbot_uzk,103,"1720077828,64633","23,54",56,7579,1152,2595,3747,FALSCH,"0,203","0,194","0,009","0,016",21,drought,,"7,9331","8,3502",2,13,15,WAHR,102
image_290.png,1,farmbot_uzk,103,"1720079328,45222","23,38",57,7006,1062,2397,3459,FALSCH,"0,203","0,194","0,009","0,016",21,drought,,"7,9331","8,3502",2,13,15,FALSCH,102
image_291.png,1,farmbot_uzk,104,"1720077828,64633","23,54",56,7579,1152,2595,3747,FALSCH,"0,114","0,11","0,004","0,01",21,drought,,"4,8514","3,0125",4,10,14,WAHR,103
image_292.png,1,farmbot_uzk,104,"1720079328,45222","23,38",57,7006,1062,2397,3459,FALSCH,"0,114","0,11","0,004","0,01",21,drought,,"4,8514","3,0125",4,10,14,FALSCH,103
image_293.png,1,farmbot_uzk,105,"1720077828,64633","23,54",56,7579,1152,2595,3747,FALSCH,"0,228","0,222","0,006","0,017",21,drought,,"8,6441","8,5203",4,14,18,WAHR,104
image_294.png,1,farmbot_uzk,105,"1720079328,45222","23,38",57,7006,1062,2397,3459,FALSCH,"0,228","0,222","0,006","0,017",21,drought,,"8,6441","8,5203",4,14,18,FALSCH,104
image_295.png,1,farmbot_uzk,106,"1720079328,45222","23,38",57,7006,1062,2397,3459,FALSCH,"0,333","0,326","0,007","0,021",21,drought,,"10,8437","12,0194",4,13,17,FALSCH,105
image_296.png,1,farmbot_uzk,106,"1720077828,64633","23,54",56,7579,1152,2595,3747,FALSCH,"0,333","0,326","0,007","0,021",21,drought,,"10,8437","12,0194",4,13,17,WAHR,105
image_297.png,1,farmbot_uzk,107,"1720079328,45222","23,38",57,7006,1062,2397,3459,FALSCH,"0,345","0,319","0,026","0,028",21,drought,,"11,7974","12,2223",4,14,18,FALSCH,106
image_298.png,1,farmbot_uzk,107,"1720077828,64633","23,54",56,7579,1152,2595,3747,FALSCH,"0,345","0,319","0,026","0,028",21,drought,,"11,7974","12,2223",4,14,18,WAHR,106
image_299.png,1,farmbot_uzk,108,"1720079328,45222","23,38",57,7006,1062,2397,3459,FALSCH,"0,249","0,24","0,009","0,019",21,drought,,"9,7146","10,7061",4,13,17,FALSCH,107
image_300.png,1,farmbot_uzk,108,"1720077828,64633","23,54",56,7579,1152,2595,3747,FALSCH,"0,249","0,24","0,009","0,019",21,drought,,"9,7146","10,7061",4,13,17,WAHR,107
image_301.png,1,farmbot_uzk,109,"1720079791,0269","21,83",62,1907,296,657,953,FALSCH,"0,498","0,484","0,014","0,029",21,drought,,"12,6839","13,8927",4,12,16,FALSCH,108
image_302.png,1,farmbot_uzk,109,"1720078295,82962","23,72",55,7233,1108,2482,3590,FALSCH,"0,498","0,484","0,014","0,029",21,drought,,"12,6839","13,8927",4,12,16,WAHR,108
image_303.png,1,farmbot_uzk,110,"1720078295,82962","23,72",55,7233,1108,2482,3590,FALSCH,"0,017","0,012","0,005",0,21,drought,"2,4","12,6839",0,2,0,2,WAHR,109
image_304.png,1,farmbot_uzk,110,"1720079791,0269","21,83",62,1907,296,657,953,FALSCH,"0,017","0,012","0,005",0,21,drought,"2,4","12,6839",0,2,0,2,FALSCH,109
image_305.png,1,farmbot_uzk,111,"1720079791,0269","21,83",62,1907,296,657,953,FALSCH,"0,454","0,442","0,012","0,035",21,drought,"36,83333","16,0765","14,1683",3,15,18,FALSCH,110
image_306.png,1,farmbot_uzk,111,"1720078295,82962","23,72",55,7233,1108,2482,3590,FALSCH,"0,454","0,442","0,012","0,035",21,drought,"36,83333","16,0765","14,1683",3,15,18,WAHR,110
image_307.png,1,farmbot_uzk,112,"1720078295,82962","23,72",55,7233,1108,2482,3590,FALSCH,"0,7","0,684","0,016","0,043",21,drought,,"13,9776","15,8233",4,14,18,WAHR,111
image_308.png,1,farmbot_uzk,112,"1720079791,0269","21,83",62,1907,296,657,953,FALSCH,"0,7","0,684","0,016","0,043",21,drought,,"13,9776","15,8233",4,14,18,FALSCH,111
image_309.png,1,farmbot_uzk,113,"1720079791,0269","21,83",62,1907,296,657,953,FALSCH,"0,495","0,476","0,019","0,042",21,salinity,,"18,6953","15,2599",3,13,16,FALSCH,112
image_310.png,1,farmbot_uzk,113,"1720078295,82962","23,72",55,7233,1108,2482,3590,FALSCH,"0,495","0,476","0,019","0,042",21,salinity,,"18,6953","15,2599",3,13,16,WAHR,112
image_311.png,1,farmbot_uzk,114,"1720078295,82962","23,72",55,7233,1108,2482,3590,FALSCH,"0,765","0,733","0,032","0,037",21,salinity,,"13,7916","20,3311",4,13,17,WAHR,113
image_312.png,1,farmbot_uzk,114,"1720079791,0269","21,83",62,1907,296,657,953,FALSCH,"0,765","0,733","0,032","0,037",21,salinity,,"13,7916","20,3311",4,13,17,FALSCH,113
image_313.png,1,farmbot_uzk,115,"1720077877,15924","23,54",56,7579,1152,2595,3747,FALSCH,"0,533","0,502","0,031","0,029",21,salinity,,"11,1471","10,2243",3,14,17,WAHR,114
image_314.png,1,farmbot_uzk,115,"1720079374,778","23,38",57,7006,1062,2397,3459,FALSCH,"0,533","0,502","0,031","0,029",21,salinity,,"11,1471","10,2243",3,14,17,FALSCH,114
image_315.png,1,farmbot_uzk,116,"1720077877,15924","23,54",56,7579,1152,2595,3747,FALSCH,"0,431","0,407","0,024","0,038",21,salinity,,"17,3788","17,4188",4,9,13,WAHR,115
image_316.png,1,farmbot_uzk,116,"1720079374,778","23,38",57,7006,1062,2397,3459,FALSCH,"0,431","0,407","0,024","0,038",21,salinity,,"17,3788","17,4188",4,9,13,FALSCH,115
image_317.png,1,farmbot_uzk,117,"1720079374,778","23,38",57,7006,1062,2397,3459,FALSCH,"0,724","0,71","0,014","0,028",21,salinity,,"11,5831","12,933",3,13,16,FALSCH,116
image_318.png,1,farmbot_uzk,117,"1720077877,15924","23,54",56,7579,1152,2595,3747,FALSCH,"0,724","0,71","0,014","0,028",21,salinity,,"11,5831","12,933",3,13,16,WAHR,116
image_319.png,1,farmbot_uzk,118,"1720077877,15924","23,54",56,7579,1152,2595,3747,FALSCH,"0,46","0,449","0,011","0,034",21,salinity,,"16,5963","16,989",3,9,12,WAHR,117
image_320.png,1,farmbot_uzk,118,"1720079374,778","23,38",57,7006,1062,2397,3459,FALSCH,"0,46","0,449","0,011","0,034",21,salinity,,"16,5963","16,989",3,9,12,FALSCH,117
image_321.png,1,farmbot_uzk,119,"1720079374,778","23,38",57,7006,1062,2397,3459,FALSCH,"0,552","0,539","0,013","0,033",21,salinity,,"13,4607","11,6952",3,12,15,FALSCH,118
image_322.png,1,farmbot_uzk,119,"1720077877,15924","23,54",56,7579,1152,2595,3747,FALSCH,"0,552","0,539","0,013","0,033",21,salinity,,"13,4607","11,6952",3,12,15,WAHR,118
image_323.png,1,farmbot_uzk,120,"1720079374,778","23,38",57,7006,1062,2397,3459,FALSCH,"0,429","0,419","0,01","0,026",21,salinity,,"13,658","14,6986",3,11,14,FALSCH,119
image_324.png,1,farmbot_uzk,120,"1720077877,15924","23,54",56,7579,1152,2595,3747,FALSCH,"0,429","0,419","0,01","0,026",21,salinity,,"13,658","14,6986",3,11,14,WAHR,119
image_325.png,1,farmbot_uzk,121,"1720079745,48319","23,38",57,7006,1062,2397,3459,FALSCH,"0,613","0,582","0,031","0,028",21,salinity,,"13,9256","14,315",4,13,17,FALSCH,120
image_326.png,1,farmbot_uzk,121,"1720078249,17353","23,72",55,7233,1108,2482,3590,FALSCH,"0,613","0,582","0,031","0,028",21,salinity,,"13,9256","14,315",4,13,17,WAHR,120
image_327.png,1,farmbot_uzk,122,"1720079745,48319","23,38",57,7006,1062,2397,3459,FALSCH,"0,569","0,558","0,011","0,039",21,salinity,,"15,7773","17,9177",4,11,15,FALSCH,121
image_328.png,1,farmbot_uzk,122,"1720078249,17353","23,72",55,7233,1108,2482,3590,FALSCH,"0,569","0,558","0,011","0,039",21,salinity,,"15,7773","17,9177",4,11,15,WAHR,121
image_329.png,1,farmbot_uzk,123,"1720078249,17353","23,72",55,7233,1108,2482,3590,FALSCH,"0,825","0,779","0,046","0,027",21,salinity,,"8,4561","10,2691",2,13,15,WAHR,122
image_330.png,1,farmbot_uzk,123,"1720079745,48319","23,38",57,7006,1062,2397,3459,FALSCH,"0,825","0,779","0,046","0,027",21,salinity,,"8,4561","10,2691",2,13,15,FALSCH,122
image_331.png,1,farmbot_uzk,124,"1720079745,48319","23,38",57,7006,1062,2397,3459,FALSCH,"0,449","0,393","0,056","0,04",21,salinity,,"22,4612","21,3397",4,11,15,FALSCH,123
image_332.png,1,farmbot_uzk,124,"1720078249,17353","23,72",55,7233,1108,2482,3590,FALSCH,"0,449","0,393","0,056","0,04",21,salinity,,"22,4612","21,3397",4,11,15,WAHR,123
image_333.png,1,farmbot_uzk,125,"1720078249,17353","23,72",55,7233,1108,2482,3590,FALSCH,"0,593","0,559","0,034","0,04",21,salinity,,"19,0314","20,1345",4,9,13,WAHR,124
image_334.png,1,farmbot_uzk,125,"1720079745,48319","23,38",57,7006,1062,2397,3459,FALSCH,"0,593","0,559","0,034","0,04",21,salinity,,"19,0314","20,1345",4,9,13,FALSCH,124
image_335.png,1,farmbot_uzk,126,"1720079745,48319","23,38",57,7006,1062,2397,3459,FALSCH,"0,891","0,8197","0,0713","0,035",21,salinity,,"16,5236","16,1756",4,18,22,FALSCH,125
image_336.png,1,farmbot_uzk,126,"1720078249,17353","23,72",55,7233,1108,2482,3590,FALSCH,"0,891","0,8197","0,0713","0,035",21,salinity,,"16,5236","16,1756",4,18,22,WAHR,125
image_337.png,1,farmbot_uzk,127,"1720686203,70377","27,82","46,6","1918,7",348,22807221,22807569,FALSCH,"1,009","0,871","0,138","0,058",28,control,,"22,6006","23,7285",5,11,16,FALSCH,126
image_338.png,1,farmbot_uzk,127,"1720685618,79942","29,69","40,1","6977,6",1095,71764331,71765426,FALSCH,"1,009","0,871","0,138","0,058",28,control,,"22,6006","23,7285",5,11,16,WAHR,126
image_339.png,1,farmbot_uzk,128,"1720686203,70377","27,82","46,6","1918,7",348,22807221,22807569,FALSCH,"1,276","1,153","0,123","0,069",28,control,,"30,0196","26,7762",3,10,13,FALSCH,127
image_340.png,1,farmbot_uzk,128,"1720685618,79942","29,69","40,1","6977,6",1095,71764331,71765426,FALSCH,"1,276","1,153","0,123","0,069",28,control,,"30,0196","26,7762",3,10,13,WAHR,127
image_341.png,1,farmbot_uzk,129,"1720686203,70377","27,82","46,6","1918,7",348,22807221,22807569,FALSCH,"1,446","1,351","0,095","0,099",28,control,,"30,5303","34,4468",4,11,15,FALSCH,128
image_342.png,1,farmbot_uzk,129,"1720685618,79942","29,69","40,1","6977,6",1095,71764331,71765426,FALSCH,"1,446","1,351","0,095","0,099",28,control,,"30,5303","34,4468",4,11,15,WAHR,128
image_343.png,1,farmbot_uzk,130,"1720685618,79942","29,69","40,1","6977,6",1095,71764331,71765426,FALSCH,"1,092","0,967","0,125","0,062",28,control,,"24,1944","24,4963",3,10,13,WAHR,129
image_344.png,1,farmbot_uzk,130,"1720686203,70377","27,82","46,6","1918,7",348,22807221,22807569,FALSCH,"1,092","0,967","0,125","0,062",28,control,,"24,1944","24,4963",3,10,13,FALSCH,129
image_345.png,1,farmbot_uzk,131,"1720685618,79942","29,69","40,1","6977,6",1095,71764331,71765426,FALSCH,"0,551","0,464","0,087","0,027",28,control,,"9,6314","10,4645",4,9,13,WAHR,130
image_346.png,1,farmbot_uzk,131,"1720686203,70377","27,82","46,6","1918,7",348,22807221,22807569,FALSCH,"0,551","0,464","0,087","0,027",28,control,,"9,6314","10,4645",4,9,13,FALSCH,130
image_347.png,1,farmbot_uzk,132,"1720685618,79942","29,69","40,1","6977,6",1095,71764331,71765426,FALSCH,"1,048","0,861","0,187","0,058",28,control,,"21,2513","22,0964",4,10,14,WAHR,131
image_348.png,1,farmbot_uzk,132,"1720686203,70377","27,82","46,6","1918,7",348,22807221,22807569,FALSCH,"1,048","0,861","0,187","0,058",28,control,,"21,2513","22,0964",4,10,14,FALSCH,131
image_349.png,1,farmbot_uzk,133,"1720686487,8105",28,"45,7","6195,4",968,63440986,63441954,FALSCH,"0,567","0,472","0,095","0,039",28,control,,"12,6259","13,8263",3,9,12,FALSCH,132
image_350.png,1,farmbot_uzk,133,"1720684357,11561","28,76","42,3","6966,4",1104,72354158,72355262,FALSCH,"0,567","0,472","0,095","0,039",28,control,,"12,6259","13,8263",3,9,12,WAHR,132
image_351.png,1,farmbot_uzk,134,"1720686487,8105",28,"45,7","6195,4",968,63440986,63441954,FALSCH,"1,001","0,84","0,161","0,045",28,control,,"21,7943","23,6689",3,14,17,FALSCH,133
image_352.png,1,farmbot_uzk,134,"1720684357,11561","28,76","42,3","6966,4",1104,72354158,72355262,FALSCH,"1,001","0,84","0,161","0,045",28,control,,"21,7943","23,6689",3,14,17,WAHR,133
image_353.png,1,farmbot_uzk,135,"1720684357,11561","28,76","42,3","6966,4",1104,72354158,72355262,FALSCH,"0,606","0,553","0,053","0,038",28,control,,"16,6979","16,4664",5,9,14,WAHR,134
image_354.png,1,farmbot_uzk,135,"1720686487,8105",28,"45,7","6195,4",968,63440986,63441954,FALSCH,"0,606","0,553","0,053","0,038",28,control,,"16,6979","16,4664",5,9,14,FALSCH,134
image_355.png,1,farmbot_uzk,136,"1720684357,11561","28,76","42,3","6966,4",1104,72354158,72355262,FALSCH,"0,985","0,886","0,099","0,063",28,control,,"23,8893","24,0089",3,9,12,WAHR,135
image_356.png,1,farmbot_uzk,136,"1720686487,8105",28,"45,7","6195,4",968,63440986,63441954,FALSCH,"0,985","0,886","0,099","0,063",28,control,,"23,8893","24,0089",3,9,12,FALSCH,135
image_357.png,1,farmbot_uzk,137,"1720684357,11561","28,76","42,3","6966,4",1104,72354158,72355262,FALSCH,"0,861","0,762","0,099","0,042",28,control,,"18,0659","19,0234",3,10,13,WAHR,136
image_358.png,1,farmbot_uzk,137,"1720686487,8105",28,"45,7","6195,4",968,63440986,63441954,FALSCH,"0,861","0,762","0,099","0,042",28,control,,"18,0659","19,0234",3,10,13,FALSCH,136
image_359.png,1,farmbot_uzk,138,"1720686487,8105",28,"45,7","6195,4",968,63440986,63441954,FALSCH,"1,047","0,916","0,131","0,067",28,control,,"24,7937","26,2251",4,10,14,FALSCH,137
image_360.png,1,farmbot_uzk,138,"1720684357,11561","28,76","42,3","6966,4",1104,72354158,72355262,FALSCH,"1,047","0,916","0,131","0,067",28,control,,"24,7937","26,2251",4,10,14,WAHR,137
image_361.png,1,farmbot_uzk,139,"1720685667,29196","29,9","39,8","7019,1",1101,72157561,72158662,FALSCH,"0,986","0,902","0,084","0,069",28,control,,"19,9502","23,4313",3,11,14,WAHR,138
image_362.png,1,farmbot_uzk,139,"1720686252,42061","27,67","44,3","2044,9",370,24249058,24249428,FALSCH,"0,986","0,902","0,084","0,069",28,control,,"19,9502","23,4313",3,11,14,FALSCH,138
image_363.png,1,farmbot_uzk,140,"1720685667,29196","29,9","39,8","7019,1",1101,72157561,72158662,FALSCH,"1,094","0,972","0,122","0,065",28,control,,"23,9344","25,2277",1,10,11,WAHR,139
image_364.png,1,farmbot_uzk,140,"1720686252,42061","27,67","44,3","2044,9",370,24249058,24249428,FALSCH,"1,094","0,972","0,122","0,065",28,control,,"23,9344","25,2277",1,10,11,FALSCH,139
image_365.png,1,farmbot_uzk,141,"1720685667,29196","29,9","39,8","7019,1",1101,72157561,72158662,FALSCH,"0,686","0,609","0,077","0,052",28,drought,,"18,4961","20,0925",1,11,12,WAHR,140
image_366.png,1,farmbot_uzk,141,"1720686252,42061","27,67","44,3","2044,9",370,24249058,24249428,FALSCH,"0,686","0,609","0,077","0,052",28,drought,,"18,4961","20,0925",1,11,12,FALSCH,140
image_367.png,1,farmbot_uzk,142,"1720685667,29196","29,9","39,8","7019,1",1101,72157561,72158662,FALSCH,"0,606","0,516","0,09","0,042",28,drought,,"15,1226","16,0543",3,9,12,WAHR,141
image_368.png,1,farmbot_uzk,142,"1720686252,42061","27,67","44,3","2044,9",370,24249058,24249428,FALSCH,"0,606","0,516","0,09","0,042",28,drought,,"15,1226","16,0543",3,9,12,FALSCH,141
image_369.png,1,farmbot_uzk,143,"1720685667,29196","29,9","39,8","7019,1",1101,72157561,72158662,FALSCH,"0,493","0,442","0,051","0,039",28,drought,,"13,7183","14,3568",1,9,10,WAHR,142
image_370.png,1,farmbot_uzk,143,"1720686252,42061","27,67","44,3","2044,9",370,24249058,24249428,FALSCH,"0,493","0,442","0,051","0,039",28,drought,,"13,7183","14,3568",1,9,10,FALSCH,142
image_371.png,1,farmbot_uzk,144,"1720685667,29196","29,9","39,8","7019,1",1101,72157561,72158662,FALSCH,"0,583","0,543","0,04","0,038",28,drought,,"15,9988","18,088",2,10,,WAHR,143
image_372.png,1,farmbot_uzk,144,"1720686252,42061","27,67","44,3","2044,9",370,24249058,24249428,FALSCH,"0,583","0,543","0,04","0,038",28,drought,,"15,9988","18,088",2,10,,FALSCH,143
image_373.png,1,farmbot_uzk,145,"1720685856,50067","29,2","41,7",1570,280,18350644,18350924,FALSCH,"1,075","0,953","0,122","0,065",28,drought,,"26,0759","25,7371",3,10,,FALSCH,144
image_374.png,1,farmbot_uzk,145,"1720684307,19965","28,59","42,7","7009,3",1111,72812925,72814036,FALSCH,"1,075","0,953","0,122","0,065",28,drought,,"26,0759","25,7371",3,10,,WAHR,144
image_375.png,1,farmbot_uzk,146,"1720684307,19965","28,59","42,7","7009,3",1111,72812925,72814036,FALSCH,"1,392","1,285","0,107","0,089",28,drought,,"36,0173","31,9976",3,11,,WAHR,145
image_376.png,1,farmbot_uzk,146,"1720685856,50067","29,2","41,7",1570,280,18350644,18350924,FALSCH,"1,392","1,285","0,107","0,089",28,drought,,"36,0173","31,9976",3,11,,FALSCH,145
image_377.png,1,farmbot_uzk,147,"1720684307,19965","28,59","42,7","7009,3",1111,72812925,72814036,FALSCH,"0,532","0,445","0,087","0,047",28,drought,,"8,5458","11,5326",3,9,,WAHR,146
image_378.png,1,farmbot_uzk,147,"1720685856,50067","29,2","41,7",1570,280,18350644,18350924,FALSCH,"0,532","0,445","0,087","0,047",28,drought,,"8,5458","11,5326",3,9,,FALSCH,146
image_379.png,1,farmbot_uzk,148,"1720685856,50067","29,2","41,7",1570,280,18350644,18350924,FALSCH,"0,504","0,428","0,076","0,032",28,drought,,"18,1532","17,0289",4,9,,FALSCH,147
image_380.png,1,farmbot_uzk,148,"1720684307,19965","28,59","42,7","7009,3",1111,72812925,72814036,FALSCH,"0,504","0,428","0,076","0,032",28,drought,,"18,1532","17,0289",4,9,,WAHR,147
image_381.png,1,farmbot_uzk,149,"1720684307,19965","28,59","42,7","7009,3",1111,72812925,72814036,FALSCH,"0,487","0,411","0,076","0,034",28,drought,,"13,8561","15,2508",3,9,,WAHR,148
image_382.png,1,farmbot_uzk,149,"1720685856,50067","29,2","41,7",1570,280,18350644,18350924,FALSCH,"0,487","0,411","0,076","0,034",28,drought,,"13,8561","15,2508",3,9,,FALSCH,148
image_383.png,1,farmbot_uzk,150,"1720685856,50067","29,2","41,7",1570,280,18350644,18350924,FALSCH,"0,696","0,642","0,054","0,048",28,drought,,"20,9093","22,0599",3,10,,FALSCH,149
image_384.png,1,farmbot_uzk,150,"1720684307,19965","28,59","42,7","7009,3",1111,72812925,72814036,FALSCH,"0,696","0,642","0,054","0,048",28,drought,,"20,9093","22,0599",3,10,,WAHR,149
image_385.png,1,farmbot_uzk,151,"1720685716,12474","29,81","40,2","7046,3",1114,73009544,73010658,FALSCH,"0,606","0,543","0,063","0,044",28,drought,,"18,5188","20,0229",2,10,,WAHR,150
image_386.png,1,farmbot_uzk,151,"1720686300,23718","27,62","44,8","2229,5",404,26477349,26477753,FALSCH,"0,606","0,543","0,063","0,044",28,drought,,"18,5188","20,0229",2,10,,FALSCH,150
image_387.png,1,farmbot_uzk,152,"1720686300,23718","27,62","44,8","2229,5",404,26477349,26477753,FALSCH,"0,274","0,241","0,033","0,025",28,drought,,"9,6261","9,5439",1,12,,FALSCH,151
image_388.png,1,farmbot_uzk,152,"1720685716,12474","29,81","40,2","7046,3",1114,73009544,73010658,FALSCH,"0,274","0,241","0,033","0,025",28,drought,,"9,6261","9,5439",1,12,,WAHR,151
image_389.png,1,farmbot_uzk,153,"1720686300,23718","27,62","44,8","2229,5",404,26477349,26477753,FALSCH,"0,587","0,53","0,057","0,046",28,drought,,"16,0912","17,3464",2,10,,FALSCH,152
image_390.png,1,farmbot_uzk,153,"1720685716,12474","29,81","40,2","7046,3",1114,73009544,73010658,FALSCH,"0,587","0,53","0,057","0,046",28,drought,,"16,0912","17,3464",2,10,,WAHR,152
image_391.png,1,farmbot_uzk,154,"1720686300,23718","27,62","44,8","2229,5",404,26477349,26477753,FALSCH,"0,186","0,128","0,058","0,014",28,drought,,"3,81","4,6979",4,13,,FALSCH,153
image_392.png,1,farmbot_uzk,154,"1720685716,12474","29,81","40,2","7046,3",1114,73009544,73010658,FALSCH,"0,186","0,128","0,058","0,014",28,drought,,"3,81","4,6979",4,13,,WAHR,153
image_393.png,1,farmbot_uzk,155,"1720685716,12474","29,81","40,2","7046,3",1114,73009544,73010658,FALSCH,"0,981","0,921","0,06","0,058",28,salinity,,"19,7171","20,4681",1,11,,WAHR,154
image_394.png,1,farmbot_uzk,155,"1720686300,23718","27,62","44,8","2229,5",404,26477349,26477753,FALSCH,"0,981","0,921","0,06","0,058",28,salinity,,"19,7171","20,4681",1,11,,FALSCH,154
image_395.png,1,farmbot_uzk,156,"1720686300,23718","27,62","44,8","2229,5",404,26477349,26477753,FALSCH,"0,912","0,775","0,137","0,046",28,salinity,,"16,284","17,6531",2,9,,FALSCH,155
image_396.png,1,farmbot_uzk,156,"1720685716,12474","29,81","40,2","7046,3",1114,73009544,73010658,FALSCH,"0,912","0,775","0,137","0,046",28,salinity,,"16,284","17,6531",2,9,,WAHR,155
image_397.png,1,farmbot_uzk,157,"1720685808,59306","29,54","41,2","7011,2",1104,72354169,72355273,FALSCH,"1,269","1,234","0,035","0,073",28,salinity,,"20,0098","23,319",4,10,,WAHR,156
image_398.png,1,farmbot_uzk,157,"1720686392,08602","27,62","44,9","3209,7",613,40174747,40175360,FALSCH,"1,269","1,234","0,035","0,073",28,salinity,,"20,0098","23,319",4,10,,FALSCH,156
image_399.png,1,farmbot_uzk,158,"1720686392,08602","27,62","44,9","3209,7",613,40174747,40175360,FALSCH,"0,628","0,548","0,08","0,028",28,salinity,,"13,0315","12,8251",1,9,,FALSCH,157
image_400.png,1,farmbot_uzk,158,"1720685808,59306","29,54","41,2","7011,2",1104,72354169,72355273,FALSCH,"0,628","0,548","0,08","0,028",28,salinity,,"13,0315","12,8251",1,9,,WAHR,157
image_401.png,1,farmbot_uzk,159,"1720685808,59306","29,54","41,2","7011,2",1104,72354169,72355273,FALSCH,"0,888","0,82","0,068","0,052",28,salinity,,"19,0358","18,1131",1,9,,WAHR,158
image_402.png,1,farmbot_uzk,159,"1720686392,08602","27,62","44,9","3209,7",613,40174747,40175360,FALSCH,"0,888","0,82","0,068","0,052",28,salinity,,"19,0358","18,1131",1,9,,FALSCH,158
image_403.png,1,farmbot_uzk,160,"1720685808,59306","29,54","41,2","7011,2",1104,72354169,72355273,FALSCH,"1,307","1,248","0,059","0,068",28,salinity,,"22,2557","26,5768",2,10,,WAHR,159
image_404.png,1,farmbot_uzk,160,"1720686392,08602","27,62","44,9","3209,7",613,40174747,40175360,FALSCH,"1,307","1,248","0,059","0,068",28,salinity,,"22,2557","26,5768",2,10,,FALSCH,159
image_405.png,1,farmbot_uzk,161,"1720685808,59306","29,54","41,2","7011,2",1104,72354169,72355273,FALSCH,"1,25","1,158","0,092","0,054",28,salinity,,"15,0871","19,6618",1,10,,WAHR,160
image_406.png,1,farmbot_uzk,161,"1720686392,08602","27,62","44,9","3209,7",613,40174747,40175360,FALSCH,"1,25","1,158","0,092","0,054",28,salinity,,"15,0871","19,6618",1,10,,FALSCH,160
image_407.png,1,farmbot_uzk,162,"1720686392,08602","27,62","44,9","3209,7",613,40174747,40175360,FALSCH,"1,257","1,157","0,1","0,061",28,salinity,,"24,7954","24,1901",2,10,,FALSCH,161
image_408.png,1,farmbot_uzk,162,"1720685808,59306","29,54","41,2","7011,2",1104,72354169,72355273,FALSCH,"1,257","1,157","0,1","0,061",28,salinity,,"24,7954","24,1901",2,10,,WAHR,161
image_409.png,1,farmbot_uzk,163,"1720685763,80027","29,54","41,2","7027,6",1104,72354173,72355277,FALSCH,"0,039","0,024","0,015",0,28,salinity,,"0,3586",0,3,0,,WAHR,162
image_410.png,1,farmbot_uzk,163,"1720686347,3416","27,72","44,3","2517,7",453,29688715,29689168,FALSCH,"0,039","0,024","0,015",0,28,salinity,,"0,3586",0,3,0,,FALSCH,162
image_411.png,1,farmbot_uzk,164,"1720685763,80027","29,54","41,2","7027,6",1104,72354173,72355277,FALSCH,"0,882","0,801","0,081","0,046",28,salinity,,"17,9936","16,6734",1,10,,WAHR,163
image_412.png,1,farmbot_uzk,164,"1720686347,3416","27,72","44,3","2517,7",453,29688715,29689168,FALSCH,"0,882","0,801","0,081","0,046",28,salinity,,"17,9936","16,6734",1,10,,FALSCH,163
image_413.png,1,farmbot_uzk,165,"1720685763,80027","29,54","41,2","7027,6",1104,72354173,72355277,FALSCH,"1,178","1,073","0,105","0,068",28,salinity,,"22,7725","25,6512",2,11,,WAHR,164
image_414.png,1,farmbot_uzk,165,"1720686347,3416","27,72","44,3","2517,7",453,29688715,29689168,FALSCH,"1,178","1,073","0,105","0,068",28,salinity,,"22,7725","25,6512",2,11,,FALSCH,164
image_415.png,1,farmbot_uzk,166,"1720685763,80027","29,54","41,2","7027,6",1104,72354173,72355277,FALSCH,"1,023","0,902","0,121","0,045",28,salinity,,"18,1626","18,5208",3,9,,WAHR,165
image_416.png,1,farmbot_uzk,166,"1720686347,3416","27,72","44,3","2517,7",453,29688715,29689168,FALSCH,"1,023","0,902","0,121","0,045",28,salinity,,"18,1626","18,5208",3,9,,FALSCH,165
image_417.png,1,farmbot_uzk,167,"1720685763,80027","29,54","41,2","7027,6",1104,72354173,72355277,FALSCH,"1,103","0,906","0,197","0,052",28,salinity,,"20,8153","22,6075",1,11,,WAHR,166
image_418.png,1,farmbot_uzk,167,"1720686347,3416","27,72","44,3","2517,7",453,29688715,29689168,FALSCH,"1,103","0,906","0,197","0,052",28,salinity,,"20,8153","22,6075",1,11,,FALSCH,166
image_419.png,1,farmbot_uzk,168,"1720686347,3416","27,72","44,3","2517,7",453,29688715,29689168,FALSCH,"1,037","0,955","0,082","0,054",28,salinity,,"22,2088","20,0365",3,8,,FALSCH,167
image_420.png,1,farmbot_uzk,168,"1720685763,80027","29,54","41,2","7027,6",1104,72354173,72355277,FALSCH,"1,037","0,955","0,082","0,054",28,salinity,,"22,2088","20,0365",3,8,,WAHR,167
image_421.png,1,farmbot_uzk_2,43,"1719488763,49732","34,88",38,5918,910,2033,2943,FALSCH,"0,164","0,145","0,019","0,011",14,control,"7,63158","4,8213","4,8231",4,11,15,FALSCH,210
image_422.png,1,farmbot_uzk_2,43,"1719488399,89899","34,88",38,5918,910,2033,2943,FALSCH,"0,164","0,145","0,019","0,011",14,control,"7,63158","4,8213","4,8231",4,11,15,WAHR,210
image_423.png,1,farmbot_uzk_2,44,"1719488399,89899","34,88",38,5918,910,2033,2943,FALSCH,"0,058","0,056","0,002","0,002",14,control,28,"1,2825","1,484",3,8,11,WAHR,211
image_424.png,1,farmbot_uzk_2,44,"1719488763,49732","34,88",38,5918,910,2033,2943,FALSCH,"0,058","0,056","0,002","0,002",14,control,28,"1,2825","1,484",3,8,11,FALSCH,211
image_425.png,1,farmbot_uzk_2,45,"1719488763,49732","34,88",38,5918,910,2033,2943,FALSCH,"0,111","0,094","0,017","0,008",14,control,"5,52941","3,2518","3,4026",3,10,13,FALSCH,212
image_426.png,1,farmbot_uzk_2,45,"1719488399,89899","34,88",38,5918,910,2033,2943,FALSCH,"0,111","0,094","0,017","0,008",14,control,"5,52941","3,2518","3,4026",3,10,13,WAHR,212
image_427.png,1,farmbot_uzk_2,46,"1719488763,49732","34,88",38,5918,910,2033,2943,FALSCH,"0,064","0,054","0,01","0,004",14,control,"5,4","1,6419","1,7317",3,8,11,FALSCH,213
image_428.png,1,farmbot_uzk_2,46,"1719488399,89899","34,88",38,5918,910,2033,2943,FALSCH,"0,064","0,054","0,01","0,004",14,control,"5,4","1,6419","1,7317",3,8,11,WAHR,213
image_429.png,1,farmbot_uzk_2,47,"1719488763,49732","34,88",38,5918,910,2033,2943,FALSCH,"0,103","0,09","0,013","0,006",14,control,"6,92308","3,3722","3,2441",5,7,12,FALSCH,214
image_430.png,1,farmbot_uzk_2,47,"1719488399,89899","34,88",38,5918,910,2033,2943,FALSCH,"0,103","0,09","0,013","0,006",14,control,"6,92308","3,3722","3,2441",5,7,12,WAHR,214
image_431.png,1,farmbot_uzk_2,48,"1719488763,49732","34,88",38,5918,910,2033,2943,FALSCH,"0,163","0,155","0,008","0,01",14,control,"19,375","4,1936","5,4649",3,10,13,FALSCH,215
image_432.png,1,farmbot_uzk_2,48,"1719488399,89899","34,88",38,5918,910,2033,2943,FALSCH,"0,163","0,155","0,008","0,01",14,control,"19,375","4,1936","5,4649",3,10,13,WAHR,215
image_433.png,1,farmbot_uzk_2,49,"1719488653,70742","34,88",38,5918,910,2033,2943,FALSCH,"0,12","0,105","0,015","0,005",14,control,7,"4,301","3,9573",4,7,11,FALSCH,216
image_434.png,1,farmbot_uzk_2,49,"1719488258,62154","34,88",38,5918,910,2033,2943,FALSCH,"0,12","0,105","0,015","0,005",14,control,7,"4,301","3,9573",4,7,11,WAHR,216
image_435.png,1,farmbot_uzk_2,50,"1719488258,62154","34,88",38,5918,910,2033,2943,FALSCH,"0,14","0,132","0,008","0,005",14,control,"16,5","2,7375","2,6408",4,8,12,WAHR,217
image_436.png,1,farmbot_uzk_2,50,"1719488653,70742","34,88",38,5918,910,2033,2943,FALSCH,"0,14","0,132","0,008","0,005",14,control,"16,5","2,7375","2,6408",4,8,12,FALSCH,217
image_437.png,1,farmbot_uzk_2,51,"1719488653,70742","34,88",38,5918,910,2033,2943,FALSCH,"0,092","0,081","0,011","0,005",14,control,"7,36364","3,372","3,3501",4,10,14,FALSCH,218
image_438.png,1,farmbot_uzk_2,51,"1719488258,62154","34,88",38,5918,910,2033,2943,FALSCH,"0,092","0,081","0,011","0,005",14,control,"7,36364","3,372","3,3501",4,10,14,WAHR,218
image_439.png,1,farmbot_uzk_2,52,"1719488258,62154","34,88",38,5918,910,2033,2943,FALSCH,"0,17","0,156","0,014","0,005",14,control,"11,14286","3,1462","2,685",4,9,13,WAHR,219
image_440.png,1,farmbot_uzk_2,52,"1719488653,70742","34,88",38,5918,910,2033,2943,FALSCH,"0,17","0,156","0,014","0,005",14,control,"11,14286","3,1462","2,685",4,9,13,FALSCH,219
image_441.png,1,farmbot_uzk_2,53,"1719488258,62154","34,88",38,5918,910,2033,2943,FALSCH,"0,151","0,134","0,017","0,004",14,control,"7,88235","2,4077","2,4209",4,8,12,WAHR,220
image_442.png,1,farmbot_uzk_2,53,"1719488653,70742","34,88",38,5918,910,2033,2943,FALSCH,"0,151","0,134","0,017","0,004",14,control,"7,88235","2,4077","2,4209",4,8,12,FALSCH,220
image_443.png,1,farmbot_uzk_2,54,"1719488258,62154","34,88",38,5918,910,2033,2943,FALSCH,"0,137","0,114","0,023","0,009",14,control,"4,95652","3,1361","3,2556",3,6,9,WAHR,221
image_444.png,1,farmbot_uzk_2,54,"1719488653,70742","34,88",38,5918,910,2033,2943,FALSCH,"0,137","0,114","0,023","0,009",14,control,"4,95652","3,1361","3,2556",3,6,9,FALSCH,221
image_445.png,1,farmbot_uzk_2,55,"1719488741,19644","34,88",38,5918,910,2033,2943,FALSCH,"0,078","0,069","0,009","0,007",14,control,"7,66667","4,7433","3,3906",5,6,11,WAHR,222
image_446.png,1,farmbot_uzk_2,55,"1719488366,3957","34,88",38,5918,910,2033,2943,FALSCH,"0,078","0,069","0,009","0,007",14,control,"7,66667","4,7433","3,3906",5,6,11,WAHR,222
image_447.png,1,farmbot_uzk_2,56,"1719488741,19644","34,88",38,5918,910,2033,2943,FALSCH,"0,249","0,215","0,034","0,007",14,control,"6,32353","2,4793","3,4019",3,10,13,WAHR,223
image_448.png,1,farmbot_uzk_2,56,"1719488366,3957","34,88",38,5918,910,2033,2943,FALSCH,"0,249","0,215","0,034","0,007",14,control,"6,32353","2,4793","3,4019",3,10,13,WAHR,223
image_449.png,1,farmbot_uzk_2,57,"1719488741,19644","34,88",38,5918,910,2033,2943,FALSCH,"0,118","0,098","0,02","0,014",14,control,"4,9","6,4641","5,4786",3,8,11,WAHR,224
image_450.png,1,farmbot_uzk_2,57,"1719488366,3957","34,88",38,5918,910,2033,2943,FALSCH,"0,118","0,098","0,02","0,014",14,control,"4,9","6,4641","5,4786",3,8,11,WAHR,224
image_451.png,1,farmbot_uzk_2,58,"1719488741,19644","34,88",38,5918,910,2033,2943,FALSCH,"0,242","0,228","0,014","0,009",14,control,"16,28571","2,8053","4,687",4,10,14,WAHR,225
image_452.png,1,farmbot_uzk_2,58,"1719488366,3957","34,88",38,5918,910,2033,2943,FALSCH,"0,242","0,228","0,014","0,009",14,control,"16,28571","2,8053","4,687",4,10,14,WAHR,225
image_453.png,1,farmbot_uzk_2,59,"1719488741,19644","34,88",38,5918,910,2033,2943,FALSCH,"0,122","0,107","0,015","0,006",14,control,"7,13333","2,8778","3,3695",4,7,11,WAHR,226
image_454.png,1,farmbot_uzk_2,59,"1719488366,3957","34,88",38,5918,910,2033,2943,FALSCH,"0,122","0,107","0,015","0,006",14,control,"7,13333","2,8778","3,3695",4,7,11,WAHR,226
image_455.png,1,farmbot_uzk_2,60,"1719488366,3957","34,88",38,5918,910,2033,2943,FALSCH,"0,218","0,202","0,016","0,012",14,control,"12,625","5,1688","5,6228",3,11,14,WAHR,227
image_456.png,1,farmbot_uzk_2,60,"1719488741,19644","34,88",38,5918,910,2033,2943,FALSCH,"0,218","0,202","0,016","0,012",14,control,"12,625","5,1688","5,6228",3,11,14,WAHR,227
image_457.png,1,farmbot_uzk_2,61,"1719488281,74209","34,88",38,5918,910,2033,2943,FALSCH,"0,144","0,107","0,037","0,006",14,control,"2,89189","2,8608","3,0548",4,9,13,WAHR,228
image_458.png,1,farmbot_uzk_2,61,"1719488669,16278","34,88",38,5918,910,2033,2943,FALSCH,"0,144","0,107","0,037","0,006",14,control,"2,89189","2,8608","3,0548",4,9,13,WAHR,228
image_459.png,1,farmbot_uzk_2,62,"1719488669,16278","34,88",38,5918,910,2033,2943,FALSCH,"0,143","0,127","0,016","0,008",14,control,"7,9375","3,5125","3,4012",4,9,13,WAHR,229
image_460.png,1,farmbot_uzk_2,62,"1719488281,74209","34,88",38,5918,910,2033,2943,FALSCH,"0,143","0,127","0,016","0,008",14,control,"7,9375","3,5125","3,4012",4,9,13,WAHR,229
image_461.png,1,farmbot_uzk_2,63,"1719488669,16278","34,88",38,5918,910,2033,2943,FALSCH,"0,097","0,087","0,01","0,006",14,control,"8,7","2,3526","2,6337",3,10,13,WAHR,230
image_462.png,1,farmbot_uzk_2,63,"1719488281,74209","34,88",38,5918,910,2033,2943,FALSCH,"0,097","0,087","0,01","0,006",14,control,"8,7","2,3526","2,6337",3,10,13,WAHR,230
image_463.png,1,farmbot_uzk_2,64,"1719488281,74209","34,88",38,5918,910,2033,2943,FALSCH,"0,173","0,164","0,009","0,007",14,control,"18,22222","2,9033","2,8947",4,6,10,WAHR,231
image_464.png,1,farmbot_uzk_2,64,"1719488669,16278","34,88",38,5918,910,2033,2943,FALSCH,"0,173","0,164","0,009","0,007",14,control,"18,22222","2,9033","2,8947",4,6,10,WAHR,231
image_465.png,1,farmbot_uzk_2,65,"1719488669,16278","34,88",38,5918,910,2033,2943,FALSCH,"0,128","0,093","0,035","0,005",14,control,"2,65714","2,4566","2,5327",3,9,12,WAHR,232
image_466.png,1,farmbot_uzk_2,65,"1719488281,74209","34,88",38,5918,910,2033,2943,FALSCH,"0,128","0,093","0,035","0,005",14,control,"2,65714","2,4566","2,5327",3,9,12,WAHR,232
image_467.png,1,farmbot_uzk_2,66,"1719488281,74209","34,88",38,5918,910,2033,2943,FALSCH,"0,154","0,126","0,028","0,007",14,control,"4,5","3,912","3,9533",4,9,13,WAHR,233
image_468.png,1,farmbot_uzk_2,66,"1719488669,16278","34,88",38,5918,910,2033,2943,FALSCH,"0,154","0,126","0,028","0,007",14,control,"4,5","3,912","3,9533",4,9,13,WAHR,233
image_469.png,1,farmbot_uzk_2,67,"1719488349,91169","34,88",38,5918,910,2033,2943,FALSCH,"0,245","0,218","0,027","0,012",14,control,"8,07407","4,6441","4,6637",4,9,13,WAHR,234
image_470.png,1,farmbot_uzk_2,67,"1719488725,65206","34,88",38,5918,910,2033,2943,FALSCH,"0,245","0,218","0,027","0,012",14,control,"8,07407","4,6441","4,6637",4,9,13,FALSCH,234
image_471.png,1,farmbot_uzk_2,68,"1719488349,91169","34,88",38,5918,910,2033,2943,FALSCH,"0,214","0,202","0,012","0,008",14,control,"16,83333","3,7757","3,9113",4,9,13,WAHR,235
image_472.png,1,farmbot_uzk_2,68,"1719488725,65206","34,88",38,5918,910,2033,2943,FALSCH,"0,214","0,202","0,012","0,008",14,control,"16,83333","3,7757","3,9113",4,9,13,FALSCH,235
image_473.png,1,farmbot_uzk_2,69,"1719488725,65206","34,88",38,5918,910,2033,2943,FALSCH,"0,175","0,145","0,03","0,008",14,control,"4,83333","3,0192","3,3201",3,8,11,FALSCH,236
image_474.png,1,farmbot_uzk_2,69,"1719488349,91169","34,88",38,5918,910,2033,2943,FALSCH,"0,175","0,145","0,03","0,008",14,control,"4,83333","3,0192","3,3201",3,8,11,WAHR,236
image_475.png,1,farmbot_uzk_2,70,"1719488725,65206","34,88",38,5918,910,2033,2943,FALSCH,"0,199","0,18","0,019","0,008",14,control,"9,47368","4,2661","3,9337",3,10,13,FALSCH,237
image_476.png,1,farmbot_uzk_2,70,"1719488349,91169","34,88",38,5918,910,2033,2943,FALSCH,"0,199","0,18","0,019","0,008",14,control,"9,47368","4,2661","3,9337",3,10,13,WAHR,237
image_477.png,1,farmbot_uzk_2,71,"1719488349,91169","34,88",38,5918,910,2033,2943,FALSCH,"0,161","0,141","0,02","0,009",14,control,"7,05","4,1076","3,9202",4,7,11,WAHR,238
image_478.png,1,farmbot_uzk_2,71,"1719488725,65206","34,88",38,5918,910,2033,2943,FALSCH,"0,161","0,141","0,02","0,009",14,control,"7,05","4,1076","3,9202",4,7,11,FALSCH,238
image_479.png,1,farmbot_uzk_2,72,"1719488349,91169","34,88",38,5918,910,2033,2943,FALSCH,"0,098","0,089","0,009","0,007",14,control,"9,88889","3,5336","3,2959",4,10,14,WAHR,239
image_480.png,1,farmbot_uzk_2,72,"1719488725,65206","34,88",38,5918,910,2033,2943,FALSCH,"0,098","0,089","0,009","0,007",14,control,"9,88889","3,5336","3,2959",4,10,14,FALSCH,239
image_481.png,1,farmbot_uzk_2,73,"1719488305,5943","34,88",38,5918,910,2033,2943,FALSCH,"0,074","0,066","0,008","0,002",14,control,"8,25",,"1,3333",3,7,10,WAHR,240
image_482.png,1,farmbot_uzk_2,73,"1719488690,52361","34,88",38,5918,910,2033,2943,FALSCH,"0,074","0,066","0,008","0,002",14,control,"8,25",,"1,3333",3,7,10,FALSCH,240
image_483.png,1,farmbot_uzk_2,74,"1719488690,52361","34,88",38,5918,910,2033,2943,FALSCH,"0,126","0,114","0,012","0,006",14,control,"9,5","24,763","2,555",3,8,11,FALSCH,241
image_484.png,1,farmbot_uzk_2,74,"1719488305,5943","34,88",38,5918,910,2033,2943,FALSCH,"0,126","0,114","0,012","0,006",14,control,"9,5","24,763","2,555",3,8,11,WAHR,241
image_485.png,1,farmbot_uzk_2,75,"1719488690,52361","34,88",38,5918,910,2033,2943,FALSCH,"0,078","0,057","0,021","0,003",14,control,"2,71429","16,619","1,6077",4,6,10,FALSCH,242
image_486.png,1,farmbot_uzk_2,75,"1719488305,5943","34,88",38,5918,910,2033,2943,FALSCH,"0,078","0,057","0,021","0,003",14,control,"2,71429","16,619","1,6077",4,6,10,WAHR,242
image_487.png,1,farmbot_uzk_2,76,"1719488690,52361","34,88",38,5918,910,2033,2943,FALSCH,"0,148","0,136","0,012","0,007",14,control,"11,33333","3,573","3,7537",4,10,14,FALSCH,243
image_488.png,1,farmbot_uzk_2,76,"1719488305,5943","34,88",38,5918,910,2033,2943,FALSCH,"0,148","0,136","0,012","0,007",14,control,"11,33333","3,573","3,7537",4,10,14,WAHR,243
image_489.png,1,farmbot_uzk_2,77,"1719488690,52361","34,88",38,5918,910,2033,2943,FALSCH,"0,121","0,106","0,015","0,004",14,control,"7,06667","23,739","3,0071",4,8,12,FALSCH,244
image_490.png,1,farmbot_uzk_2,77,"1719488305,5943","34,88",38,5918,910,2033,2943,FALSCH,"0,121","0,106","0,015","0,004",14,control,"7,06667","23,739","3,0071",4,8,12,WAHR,244
image_491.png,1,farmbot_uzk_2,78,"1719488690,52361","34,88",38,5918,910,2033,2943,FALSCH,"0,083","0,08","0,003","0,006",14,control,"26,66667","26,682","2,7011",4,11,15,FALSCH,245
image_492.png,1,farmbot_uzk_2,78,"1719488305,5943","34,88",38,5918,910,2033,2943,FALSCH,"0,083","0,08","0,003","0,006",14,control,"26,66667","26,682","2,7011",4,11,15,WAHR,245
image_493.png,1,farmbot_uzk_2,79,"1719488324,19314","34,88",38,5918,910,2033,2943,FALSCH,"0,196","0,167","0,029","0,007",14,control,"5,75862","50,591","5,8683",4,10,14,WAHR,246
image_494.png,1,farmbot_uzk_2,79,"1719488707,98191","34,88",38,5918,910,2033,2943,FALSCH,"0,196","0,167","0,029","0,007",14,control,"5,75862","50,591","5,8683",4,10,14,FALSCH,246
image_495.png,1,farmbot_uzk_2,80,"1719488324,19314","34,88",38,5918,910,2033,2943,FALSCH,"0,192","0,174","0,018","0,009",14,control,"9,66667","43,122","4,1883",4,9,13,WAHR,247
image_496.png,1,farmbot_uzk_2,80,"1719488707,98191","34,88",38,5918,910,2033,2943,FALSCH,"0,192","0,174","0,018","0,009",14,control,"9,66667","43,122","4,1883",4,9,13,FALSCH,247
image_497.png,1,farmbot_uzk_2,81,"1719488324,19314","34,88",38,5918,910,2033,2943,FALSCH,"0,17","0,158","0,012","0,008",14,control,"13,16667","47,356","4,3783",4,9,13,WAHR,248
image_498.png,1,farmbot_uzk_2,81,"1719488707,98191","34,88",38,5918,910,2033,2943,FALSCH,"0,17","0,158","0,012","0,008",14,control,"13,16667","47,356","4,3783",4,9,13,FALSCH,248
image_499.png,1,farmbot_uzk_2,82,"1719488324,19314","34,88",38,5918,910,2033,2943,FALSCH,"0,107","0,099","0,008","0,005",14,control,"12,375","20,464","2,6867",3,6,9,WAHR,249
image_500.png,1,farmbot_uzk_2,82,"1719488707,98191","34,88",38,5918,910,2033,2943,FALSCH,"0,107","0,099","0,008","0,005",14,control,"12,375","20,464","2,6867",3,6,9,FALSCH,249
image_501.png,1,farmbot_uzk_2,83,"1719488324,19314","34,88",38,5918,910,2033,2943,FALSCH,"0,12","0,107","0,013","0,005",14,control,"8,23077","26,624","2,8593",4,8,12,WAHR,250
image_502.png,1,farmbot_uzk_2,83,"1719488707,98191","34,88",38,5918,910,2033,2943,FALSCH,"0,12","0,107","0,013","0,005",14,control,"8,23077","26,624","2,8593",4,8,12,FALSCH,250
image_503.png,1,farmbot_uzk_2,84,"1719488707,98191","34,88",38,5918,910,2033,2943,FALSCH,"0,05","0,047","0,003","0,003",14,control,"15,66667","11,334","1,5273",4,6,10,FALSCH,251
image_504.png,1,farmbot_uzk_2,84,"1719488324,19314","34,88",38,5918,910,2033,2943,FALSCH,"0,05","0,047","0,003","0,003",14,control,"15,66667","11,334","1,5273",4,6,10,WAHR,251
image_505.png,1,farmbot_uzk_2,85,"1720164608,06255","23,47",41,7372,1133,2532,3665,FALSCH,"0,353","0,311","0,042","0,016",21,control,"7,40476","5,8041","5,8628",4,12,16,WAHR,252
image_506.png,1,farmbot_uzk_2,85,"1720167260,02026","24,76",40,8434,1334,2921,4255,FALSCH,"0,353","0,311","0,042","0,016",21,control,"7,40476","5,8041","5,8628",4,12,16,FALSCH,252
image_507.png,1,farmbot_uzk_2,86,"1720167260,02026","24,76",40,8434,1334,2921,4255,FALSCH,"0,483","0,446","0,037","0,027",21,control,"12,05405","15,0453","14,2384",4,13,17,FALSCH,253
image_508.png,1,farmbot_uzk_2,86,"1720164608,06255","23,47",41,7372,1133,2532,3665,FALSCH,"0,483","0,446","0,037","0,027",21,control,"12,05405","15,0453","14,2384",4,13,17,WAHR,253
image_509.png,1,farmbot_uzk_2,87,"1720164608,06255","23,47",41,7372,1133,2532,3665,FALSCH,"0,744","0,626","0,118","0,036",21,control,"5,30508","13,2326","14,6722",4,13,17,WAHR,254
image_510.png,1,farmbot_uzk_2,87,"1720167260,02026","24,76",40,8434,1334,2921,4255,FALSCH,"0,744","0,626","0,118","0,036",21,control,"5,30508","13,2326","14,6722",4,13,17,FALSCH,254
image_511.png,1,farmbot_uzk_2,88,"1720167260,02026","24,76",40,8434,1334,2921,4255,FALSCH,"0,561","0,512","0,049","0,031",21,control,"10,44898","13,0615","15,44",4,13,17,FALSCH,255
image_512.png,1,farmbot_uzk_2,88,"1720164608,06255","23,47",41,7372,1133,2532,3665,FALSCH,"0,561","0,512","0,049","0,031",21,control,"10,44898","13,0615","15,44",4,13,17,WAHR,255
image_513.png,1,farmbot_uzk_2,89,"1720164608,06255","23,47",41,7372,1133,2532,3665,FALSCH,"0,784","0,738","0,046","0,037",21,control,"16,04348","17,231","17,0691",3,12,15,WAHR,256
image_514.png,1,farmbot_uzk_2,89,"1720167260,02026","24,76",40,8434,1334,2921,4255,FALSCH,"0,784","0,738","0,046","0,037",21,control,"16,04348","17,231","17,0691",3,12,15,FALSCH,256
image_515.png,1,farmbot_uzk_2,90,"1720164608,06255","23,47",41,7372,1133,2532,3665,FALSCH,"0,605","0,556","0,049","0,036",21,control,"11,34694","13,8046","14,1574",4,14,18,WAHR,257
image_516.png,1,farmbot_uzk_2,90,"1720167260,02026","24,76",40,8434,1334,2921,4255,FALSCH,"0,605","0,556","0,049","0,036",21,control,"11,34694","13,8046","14,1574",4,14,18,FALSCH,257
image_517.png,1,farmbot_uzk_2,91,"1720167017,77022","24,76",40,8434,1334,2921,4255,FALSCH,"0,626","0,585","0,041","0,024",21,control,"14,26829","12,3581","11,849",4,13,17,FALSCH,258
image_518.png,1,farmbot_uzk_2,91,"1720164363,49142","23,47",41,7372,1133,2532,3665,FALSCH,"0,626","0,585","0,041","0,024",21,control,"14,26829","12,3581","11,849",4,13,17,WAHR,258
image_519.png,1,farmbot_uzk_2,92,"1720164363,49142","23,47",41,7372,1133,2532,3665,FALSCH,"0,331","0,296","0,035","0,014",21,control,"8,45714","7,8724","6,7703",4,10,14,WAHR,259
image_520.png,1,farmbot_uzk_2,92,"1720167017,77022","24,76",40,8434,1334,2921,4255,FALSCH,"0,331","0,296","0,035","0,014",21,control,"8,45714","7,8724","6,7703",4,10,14,FALSCH,259
image_521.png,1,farmbot_uzk_2,93,"1720167017,77022","24,76",40,8434,1334,2921,4255,FALSCH,"0,592","0,514","0,078","0,026",21,control,"6,58974","10,3879","9,7386",4,12,16,FALSCH,260
image_522.png,1,farmbot_uzk_2,93,"1720164363,49142","23,47",41,7372,1133,2532,3665,FALSCH,"0,592","0,514","0,078","0,026",21,control,"6,58974","10,3879","9,7386",4,12,16,WAHR,260
image_523.png,1,farmbot_uzk_2,94,"1720167017,77022","24,76",40,8434,1334,2921,4255,FALSCH,"0,467","0,414","0,053","0,025",21,control,"7,81132","9,1807","10,0312",3,14,17,FALSCH,261
image_524.png,1,farmbot_uzk_2,94,"1720164363,49142","23,47",41,7372,1133,2532,3665,FALSCH,"0,467","0,414","0,053","0,025",21,control,"7,81132","9,1807","10,0312",3,14,17,WAHR,261
image_525.png,1,farmbot_uzk_2,95,"1720167017,77022","24,76",40,8434,1334,2921,4255,FALSCH,"0,916","0,831","0,085","0,056",21,control,"9,77647","18,7717","22,8995",4,15,19,FALSCH,262
image_526.png,1,farmbot_uzk_2,95,"1720164363,49142","23,47",41,7372,1133,2532,3665,FALSCH,"0,916","0,831","0,085","0,056",21,control,"9,77647","18,7717","22,8995",4,15,19,WAHR,262
image_527.png,1,farmbot_uzk_2,96,"1720164363,49142","23,47",41,7372,1133,2532,3665,FALSCH,"0,6845","0,6","0,0845","0,04",21,control,"7,10059","13,3638","17,8372",2,11,13,WAHR,263
image_528.png,1,farmbot_uzk_2,96,"1720167017,77022","24,76",40,8434,1334,2921,4255,FALSCH,"0,6845","0,6","0,0845","0,04",21,control,"7,10059","13,3638","17,8372",2,11,13,FALSCH,263
image_529.png,1,farmbot_uzk_2,97,"1720167223,69082","24,76",40,8434,1334,2921,4255,FALSCH,"0,612","0,546","0,066","0,035",21,control,"8,27273","12,1925","14,7451",3,12,15,FALSCH,264
image_530.png,1,farmbot_uzk_2,97,"1720164565,12787","23,47",41,7372,1133,2532,3665,FALSCH,"0,612","0,546","0,066","0,035",21,control,"8,27273","12,1925","14,7451",3,12,15,WAHR,264
image_531.png,1,farmbot_uzk_2,98,"1720167223,69082","24,76",40,8434,1334,2921,4255,FALSCH,"0,623","0,558","0,065","0,045",21,control,"8,58462","14,9403","17,2344",4,15,19,FALSCH,265
image_532.png,1,farmbot_uzk_2,98,"1720164565,12787","23,47",41,7372,1133,2532,3665,FALSCH,"0,623","0,558","0,065","0,045",21,control,"8,58462","14,9403","17,2344",4,15,19,WAHR,265
image_533.png,1,farmbot_uzk_2,99,"1720167223,69082","24,76",40,8434,1334,2921,4255,FALSCH,"0,752","0,665","0,087","0,042",21,drought,"7,64368","14,5608","16,1765",4,14,18,FALSCH,266
image_534.png,1,farmbot_uzk_2,99,"1720164565,12787","23,47",41,7372,1133,2532,3665,FALSCH,"0,752","0,665","0,087","0,042",21,drought,"7,64368","14,5608","16,1765",4,14,18,WAHR,266
image_535.png,1,farmbot_uzk_2,100,"1720167223,69082","24,76",40,8434,1334,2921,4255,FALSCH,"0,317","0,292","0,025","0,029",21,drought,"11,68","10,6028","9,9923",3,9,12,FALSCH,267
image_536.png,1,farmbot_uzk_2,100,"1720164565,12787","23,47",41,7372,1133,2532,3665,FALSCH,"0,317","0,292","0,025","0,029",21,drought,"11,68","10,6028","9,9923",3,9,12,WAHR,267
image_537.png,1,farmbot_uzk_2,101,"1720167223,69082","24,76",40,8434,1334,2921,4255,FALSCH,"0,569","0,516","0,053","0,028",21,drought,"9,73585","9,5172","10,2426",3,11,14,FALSCH,268
image_538.png,1,farmbot_uzk_2,101,"1720164565,12787","23,47",41,7372,1133,2532,3665,FALSCH,"0,569","0,516","0,053","0,028",21,drought,"9,73585","9,5172","10,2426",3,11,14,WAHR,268
image_539.png,1,farmbot_uzk_2,102,"1720164565,12787","23,47",41,7372,1133,2532,3665,FALSCH,"0,351","0,333","0,018","0,027",21,drought,"18,5","10,2949","10,9276",4,12,16,WAHR,269
image_540.png,1,farmbot_uzk_2,102,"1720167223,69082","24,76",40,8434,1334,2921,4255,FALSCH,"0,351","0,333","0,018","0,027",21,drought,"18,5","10,2949","10,9276",4,12,16,FALSCH,269
image_541.png,1,farmbot_uzk_2,103,"1720164400,00258","23,47",41,7372,1133,2532,3665,FALSCH,"0,385","0,323","0,062","0,014",21,drought,"5,20968","6,9292","6,3104",4,10,14,WAHR,270
image_542.png,1,farmbot_uzk_2,103,"1720167056,21132","24,76",40,8434,1334,2921,4255,FALSCH,"0,385","0,323","0,062","0,014",21,drought,"5,20968","6,9292","6,3104",4,10,14,FALSCH,270
image_543.png,1,farmbot_uzk_2,104,"1720167056,21132","24,76",40,8434,1334,2921,4255,FALSCH,"0,283","0,23","0,053","0,016",21,drought,"4,33962","6,9799","5,6836",4,10,14,FALSCH,271
image_544.png,1,farmbot_uzk_2,104,"1720164400,00258","23,47",41,7372,1133,2532,3665,FALSCH,"0,283","0,23","0,053","0,016",21,drought,"4,33962","6,9799","5,6836",4,10,14,WAHR,271
image_545.png,1,farmbot_uzk_2,105,"1720164400,00258","23,47",41,7372,1133,2532,3665,FALSCH,"0,406","0,342","0,064","0,022",21,drought,"5,34375","10,5451","9,2383",4,15,19,WAHR,272
image_546.png,1,farmbot_uzk_2,105,"1720167056,21132","24,76",40,8434,1334,2921,4255,FALSCH,"0,406","0,342","0,064","0,022",21,drought,"5,34375","10,5451","9,2383",4,15,19,FALSCH,272
image_547.png,1,farmbot_uzk_2,106,"1720167056,21132","24,76",40,8434,1334,2921,4255,FALSCH,"0,385","0,345","0,04","0,027",21,drought,"8,625","9,4775","9,0603",4,13,17,FALSCH,273
image_548.png,1,farmbot_uzk_2,106,"1720164400,00258","23,47",41,7372,1133,2532,3665,FALSCH,"0,385","0,345","0,04","0,027",21,drought,"8,625","9,4775","9,0603",4,13,17,WAHR,273
image_549.png,1,farmbot_uzk_2,107,"1720167056,21132","24,76",40,8434,1334,2921,4255,FALSCH,"0,41","0,359","0,051","0,028",21,drought,"7,03922","8,3494","6,8285",4,10,14,FALSCH,274
image_550.png,1,farmbot_uzk_2,107,"1720164400,00258","23,47",41,7372,1133,2532,3665,FALSCH,"0,41","0,359","0,051","0,028",21,drought,"7,03922","8,3494","6,8285",4,10,14,WAHR,274
image_551.png,1,farmbot_uzk_2,108,"1720164400,00258","23,47",41,7372,1133,2532,3665,FALSCH,"0,356","0,291","0,065","0,02",21,drought,"4,47692","5,2207","5,8022",2,9,11,WAHR,275
image_552.png,1,farmbot_uzk_2,108,"1720167056,21132","24,76",40,8434,1334,2921,4255,FALSCH,"0,356","0,291","0,065","0,02",21,drought,"4,47692","5,2207","5,8022",2,9,11,FALSCH,275
image_553.png,1,farmbot_uzk_2,109,"1720164527,71934","23,47",41,7372,1133,2532,3665,FALSCH,"0,373","0,31","0,063","0,014",21,drought,"4,92063","6,6914","6,3432",4,10,14,WAHR,276
image_554.png,1,farmbot_uzk_2,109,"1720167188,38952","24,76",40,8434,1334,2921,4255,FALSCH,"0,373","0,31","0,063","0,014",21,drought,"4,92063","6,6914","6,3432",4,10,14,FALSCH,276
image_555.png,1,farmbot_uzk_2,110,"1720164527,71934","23,47",41,7372,1133,2532,3665,FALSCH,"0,097","0,038","0,059","0,044",21,drought,"0,64407","2,8457","0,53423",4,6,10,WAHR,277
image_556.png,1,farmbot_uzk_2,110,"1720167188,38952","24,76",40,8434,1334,2921,4255,FALSCH,"0,097","0,038","0,059","0,044",21,drought,"0,64407","2,8457","0,53423",4,6,10,FALSCH,277
image_557.png,1,farmbot_uzk_2,111,"1720167188,38952","24,76",40,8434,1334,2921,4255,FALSCH,"1,017","0,903","0,114","0,047",21,drought,"7,92105","15,0562","16,5261",3,11,14,FALSCH,278
image_558.png,1,farmbot_uzk_2,111,"1720164527,71934","23,47",41,7372,1133,2532,3665,FALSCH,"1,017","0,903","0,114","0,047",21,drought,"7,92105","15,0562","16,5261",3,11,14,WAHR,278
image_559.png,1,farmbot_uzk_2,112,"1720167188,38952","24,76",40,8434,1334,2921,4255,FALSCH,"0,734","0,646","0,088","0,044",21,drought,"7,34091","15,0374","17,063",5,11,16,FALSCH,279
image_560.png,1,farmbot_uzk_2,112,"1720164527,71934","23,47",41,7372,1133,2532,3665,FALSCH,"0,734","0,646","0,088","0,044",21,drought,"7,34091","15,0374","17,063",5,11,16,WAHR,279
image_561.png,1,farmbot_uzk_2,113,"1720167188,38952","24,76",40,8434,1334,2921,4255,FALSCH,"0,575","0,523","0,052","0,024",21,salinity,"10,05769","10,5428","11,6264",3,12,15,FALSCH,280
image_562.png,1,farmbot_uzk_2,113,"1720164527,71934","23,47",41,7372,1133,2532,3665,FALSCH,"0,575","0,523","0,052","0,024",21,salinity,"10,05769","10,5428","11,6264",3,12,15,WAHR,280
image_563.png,1,farmbot_uzk_2,114,"1720167188,38952","24,76",40,8434,1334,2921,4255,FALSCH,"0,515","0,504","0,011","0,03",21,salinity,"45,81818","10,9361","12,093",4,10,14,FALSCH,281
image_564.png,1,farmbot_uzk_2,114,"1720164527,71934","23,47",41,7372,1133,2532,3665,FALSCH,"0,515","0,504","0,011","0,03",21,salinity,"45,81818","10,9361","12,093",4,10,14,WAHR,281
image_565.png,1,farmbot_uzk_2,115,"1720167093,11219","24,76",40,8434,1334,2921,4255,FALSCH,"0,715","0,662","0,053","0,037",21,salinity,"12,49057","16,5514","16,9107",3,11,14,FALSCH,282
image_566.png,1,farmbot_uzk_2,115,"1720164438,72623","23,47",41,7372,1133,2532,3665,FALSCH,"0,715","0,662","0,053","0,037",21,salinity,"12,49057","16,5514","16,9107",3,11,14,WAHR,282
image_567.png,1,farmbot_uzk_2,116,"1720167093,11219","24,76",40,8434,1334,2921,4255,FALSCH,"0,554","0,476","0,078","0,027",21,salinity,"6,10256","10,3046","10,5073",4,13,17,FALSCH,283
image_568.png,1,farmbot_uzk_2,116,"1720164438,72623","23,47",41,7372,1133,2532,3665,FALSCH,"0,554","0,476","0,078","0,027",21,salinity,"6,10256","10,3046","10,5073",4,13,17,WAHR,283
image_569.png,1,farmbot_uzk_2,117,"1720167093,11219","24,76",40,8434,1334,2921,4255,FALSCH,"0,492","0,438","0,054","0,025",21,salinity,"8,11111","11,0901","10,7801",3,10,13,FALSCH,284
image_570.png,1,farmbot_uzk_2,117,"1720164438,72623","23,47",41,7372,1133,2532,3665,FALSCH,"0,492","0,438","0,054","0,025",21,salinity,"8,11111","11,0901","10,7801",3,10,13,WAHR,284
image_571.png,1,farmbot_uzk_2,118,"1720164438,72623","23,47",41,7372,1133,2532,3665,FALSCH,"0,487","0,466","0,021","0,032",21,salinity,"22,19048","10,7996","11,3692",4,12,16,WAHR,285
image_572.png,1,farmbot_uzk_2,118,"1720167093,11219","24,76",40,8434,1334,2921,4255,FALSCH,"0,487","0,466","0,021","0,032",21,salinity,"22,19048","10,7996","11,3692",4,12,16,FALSCH,285
image_573.png,1,farmbot_uzk_2,119,"1720164438,72623","23,47",41,7372,1133,2532,3665,FALSCH,"0,48","0,434","0,046","0,027",21,salinity,"9,43478","8,4657","10,6937",4,9,13,WAHR,286
image_574.png,1,farmbot_uzk_2,119,"1720167093,11219","24,76",40,8434,1334,2921,4255,FALSCH,"0,48","0,434","0,046","0,027",21,salinity,"9,43478","8,4657","10,6937",4,9,13,FALSCH,286
image_575.png,1,farmbot_uzk_2,120,"1720167093,11219","24,76",40,8434,1334,2921,4255,FALSCH,"0,592","0,54","0,052","0,036",21,salinity,"10,38462","14,3158","13,8935",3,11,14,FALSCH,287
image_576.png,1,farmbot_uzk_2,120,"1720164438,72623","23,47",41,7372,1133,2532,3665,FALSCH,"0,592","0,54","0,052","0,036",21,salinity,"10,38462","14,3158","13,8935",3,11,14,WAHR,287
image_577.png,1,farmbot_uzk_2,121,"1720079715,63416","23,38",57,7006,1062,2397,3459,FALSCH,"0,708","0,649","0,059","0,039",21,salinity,11,"13,7481","16,5518",4,12,16,FALSCH,288
image_578.png,1,farmbot_uzk_2,121,"1720078284,59406","23,72",55,7233,1108,2482,3590,FALSCH,"0,708","0,649","0,059","0,039",21,salinity,11,"13,7481","16,5518",4,12,16,WAHR,288
image_579.png,1,farmbot_uzk_2,122,"1720079715,63416","23,38",57,7006,1062,2397,3459,FALSCH,"0,596","0,536","0,06","0,028",21,salinity,"8,93333","9,0956","11,3484",2,13,15,FALSCH,289
image_580.png,1,farmbot_uzk_2,122,"1720078284,59406","23,72",55,7233,1108,2482,3590,FALSCH,"0,596","0,536","0,06","0,028",21,salinity,"8,93333","9,0956","11,3484",2,13,15,WAHR,289
image_581.png,1,farmbot_uzk_2,123,"1720079715,63416","23,38",57,7006,1062,2397,3459,FALSCH,"0,492","0,427","0,065","0,025",21,salinity,"6,56923","11,1683","12,1665",3,12,15,FALSCH,290
image_582.png,1,farmbot_uzk_2,123,"1720078284,59406","23,72",55,7233,1108,2482,3590,FALSCH,"0,492","0,427","0,065","0,025",21,salinity,"6,56923","11,1683","12,1665",3,12,15,WAHR,290
image_583.png,1,farmbot_uzk_2,124,"1720079715,63416","23,38",57,7006,1062,2397,3459,FALSCH,"0,766","0,646","0,12","0,036",21,salinity,"5,38333","11,8388","15,4607",1,11,12,FALSCH,291
image_584.png,1,farmbot_uzk_2,124,"1720078284,59406","23,72",55,7233,1108,2482,3590,FALSCH,"0,766","0,646","0,12","0,036",21,salinity,"5,38333","11,8388","15,4607",1,11,12,WAHR,291
image_585.png,1,farmbot_uzk_2,125,"1720078284,59406","23,72",55,7233,1108,2482,3590,FALSCH,"0,914","0,819","0,095","0,047",21,salinity,"8,62105","17,0742","19,634",4,12,16,WAHR,292
image_586.png,1,farmbot_uzk_2,125,"1720079715,63416","23,38",57,7006,1062,2397,3459,FALSCH,"0,914","0,819","0,095","0,047",21,salinity,"8,62105","17,0742","19,634",4,12,16,FALSCH,292
image_587.png,1,farmbot_uzk_2,126,"1720079715,63416","23,38",57,7006,1062,2397,3459,FALSCH,"0,986","0,917","0,069","0,04",21,salinity,"13,28986","18,6921","21,0341",3,13,16,FALSCH,293
image_588.png,1,farmbot_uzk_2,126,"1720078284,59406","23,72",55,7233,1108,2482,3590,FALSCH,"0,986","0,917","0,069","0,04",21,salinity,"13,28986","18,6921","21,0341",3,13,16,WAHR,293
image_589.png,1,farmbot_uzk_2,127,"1720771916,13925","25,0747692072938","65,9205004959182","2561,9136",372,24380258,24380630,FALSCH,"1,391","0,616","0,775","0,067",28,control,"0,79484","15,551","23,1692",1,8,9,FALSCH,294
image_590.png,1,farmbot_uzk_2,127,"1720771580,3262","24,8317692835889","76,3515678644999","5641,9872",794,52037475,52038269,FALSCH,"1,391","0,616","0,775","0,067",28,control,"0,79484","15,551","23,1692",1,8,9,WAHR,294
image_591.png,1,farmbot_uzk_2,128,"1720771916,13925","25,0747692072938","65,9205004959182","2561,9136",372,24380258,24380630,FALSCH,"0,57","0,472","0,098","0,027",28,control,"4,81633","9,3211","10,6382",1,7,8,FALSCH,295
image_592.png,1,farmbot_uzk_2,128,"1720771580,3262","24,8317692835889","76,3515678644999","5641,9872",794,52037475,52038269,FALSCH,"0,57","0,472","0,098","0,027",28,control,"4,81633","9,3211","10,6382",1,7,8,WAHR,295
image_593.png,1,farmbot_uzk_2,129,"1720771916,13925","25,0747692072938","65,9205004959182","2561,9136",372,24380258,24380630,FALSCH,"1,722","1,433","0,289","0,084",28,control,"4,95848","21,5949","29,648",3,9,12,FALSCH,296
image_594.png,1,farmbot_uzk_2,129,"1720771580,3262","24,8317692835889","76,3515678644999","5641,9872",794,52037475,52038269,FALSCH,"1,722","1,433","0,289","0,084",28,control,"4,95848","21,5949","29,648",3,9,12,WAHR,296
image_595.png,1,farmbot_uzk_2,130,"1720771916,13925","25,0747692072938","65,9205004959182","2561,9136",372,24380258,24380630,FALSCH,"1,436","1,255","0,181","0,069",28,control,"6,9337","23,5099","27,8499",3,8,11,FALSCH,297
image_596.png,1,farmbot_uzk_2,130,"1720771580,3262","24,8317692835889","76,3515678644999","5641,9872",794,52037475,52038269,FALSCH,"1,436","1,255","0,181","0,069",28,control,"6,9337","23,5099","27,8499",3,8,11,WAHR,297
image_597.png,1,farmbot_uzk_2,131,"1720771580,3262","24,8317692835889","76,3515678644999","5641,9872",794,52037475,52038269,FALSCH,"1,007","0,897","0,11","0,063",28,control,"8,15455","20,7156","22,9173",1,9,10,WAHR,298
image_598.png,1,farmbot_uzk_2,131,"1720771916,13925","25,0747692072938","65,9205004959182","2561,9136",372,24380258,24380630,FALSCH,"1,007","0,897","0,11","0,063",28,control,"8,15455","20,7156","22,9173",1,9,10,FALSCH,298
image_599.png,1,farmbot_uzk_2,132,"1720771580,3262","24,8317692835889","76,3515678644999","5641,9872",794,52037475,52038269,FALSCH,"1,354","1,158","0,196","0,07",28,control,"5,90816","22,8112","24,0566",1,8,9,WAHR,299
image_600.png,1,farmbot_uzk_2,132,"1720771916,13925","25,0747692072938","65,9205004959182","2561,9136",372,24380258,24380630,FALSCH,"1,354","1,158","0,196","0,07",28,control,"5,90816","22,8112","24,0566",1,8,9,FALSCH,299
image_601.png,1,farmbot_uzk_2,133,"1720772048,9062","25,101472495613","65,4444190127413","3073,056",470,30802974,30803444,FALSCH,"0,666","0,488","0,178","0,043",28,control,"2,74157","17,9796","18,5231",2,9,11,FALSCH,300
image_602.png,1,farmbot_uzk_2,133,"1720771710,18965","25,0614175631342","73,4981307698177","5894,784",830,54396856,54397686,FALSCH,"0,666","0,488","0,178","0,043",28,control,"2,74157","17,9796","18,5231",2,9,11,WAHR,300
image_603.png,1,farmbot_uzk_2,134,"1720772048,9062","25,101472495613","65,4444190127413","3073,056",470,30802974,30803444,FALSCH,"1,052","0,847","0,205","0,071",28,control,"4,13171","19,1422","22,8777",2,8,10,FALSCH,301
image_604.png,1,farmbot_uzk_2,134,"1720771710,18965","25,0614175631342","73,4981307698177","5894,784",830,54396856,54397686,FALSCH,"1,052","0,847","0,205","0,071",28,control,"4,13171","19,1422","22,8777",2,8,10,WAHR,301
image_605.png,1,farmbot_uzk_2,135,"1720772048,9062","25,101472495613","65,4444190127413","3073,056",470,30802974,30803444,FALSCH,"0,83","0,614","0,216","0,055",28,control,"2,84259","17,4477","20,0084",4,11,15,FALSCH,302
image_606.png,1,farmbot_uzk_2,135,"1720771710,18965","25,0614175631342","73,4981307698177","5894,784",830,54396856,54397686,FALSCH,"0,83","0,614","0,216","0,055",28,control,"2,84259","17,4477","20,0084",4,11,15,WAHR,302
image_607.png,1,farmbot_uzk_2,136,"1720771710,18965","25,0614175631342","73,4981307698177","5894,784",830,54396856,54397686,FALSCH,"0,776","0,67","0,106","0,063",28,control,"6,32075","18,3114","18,6311",2,8,10,WAHR,303
image_608.png,1,farmbot_uzk_2,136,"1720772048,9062","25,101472495613","65,4444190127413","3073,056",470,30802974,30803444,FALSCH,"0,776","0,67","0,106","0,063",28,control,"6,32075","18,3114","18,6311",2,8,10,FALSCH,303
image_609.png,1,farmbot_uzk_2,137,"1720771710,18965","25,0614175631342","73,4981307698177","5894,784",830,54396856,54397686,FALSCH,"0,587","0,491","0,096","0,043",28,control,"5,11458","11,8669","15,2175",3,9,12,WAHR,304
image_610.png,1,farmbot_uzk_2,137,"1720772048,9062","25,101472495613","65,4444190127413","3073,056",470,30802974,30803444,FALSCH,"0,587","0,491","0,096","0,043",28,control,"5,11458","11,8669","15,2175",3,9,12,FALSCH,304
image_611.png,1,farmbot_uzk_2,138,"1720772048,9062","25,101472495613","65,4444190127413","3073,056",470,30802974,30803444,FALSCH,"0,591","0,517","0,074","0,05",28,control,"6,98649","14,4399","15,3426",3,8,11,FALSCH,305
image_612.png,1,farmbot_uzk_2,138,"1720771710,18965","25,0614175631342","73,4981307698177","5894,784",830,54396856,54397686,FALSCH,"0,591","0,517","0,074","0,05",28,control,"6,98649","14,4399","15,3426",3,8,11,WAHR,305
image_613.png,1,farmbot_uzk_2,139,"1720771602,53382","24,8744945448997","76,4232852674144","5646,0672",794,52037476,52038270,FALSCH,"1,049","0,897","0,152","0,058",28,control,"5,90132","20,9959","21,0862",2,9,11,WAHR,306
image_614.png,1,farmbot_uzk_2,139,"1720771938,07459","25,0614175631342","65,3177691309987","2563,3824",373,24445795,24446168,FALSCH,"1,049","0,897","0,152","0,058",28,control,"5,90132","20,9959","21,0862",2,9,11,FALSCH,306
image_615.png,1,farmbot_uzk_2,140,"1720771602,53382","24,8744945448997","76,4232852674144","5646,0672",794,52037476,52038270,FALSCH,"1,319","1,176","0,143","0,083",28,control,"8,22378","27,3656","28,6659",2,11,13,WAHR,307
image_616.png,1,farmbot_uzk_2,140,"1720771938,07459","25,0614175631342","65,3177691309987","2563,3824",373,24445795,24446168,FALSCH,"1,319","1,176","0,143","0,083",28,control,"8,22378","27,3656","28,6659",2,11,13,FALSCH,307
image_617.png,1,farmbot_uzk_2,141,"1720771602,53382","24,8744945448997","76,4232852674144","5646,0672",794,52037476,52038270,FALSCH,"0,663","0,456","0,207","0,053",28,drought,"2,2029","20,4563",0,1,8,9,WAHR,308
image_618.png,1,farmbot_uzk_2,141,"1720771938,07459","25,0614175631342","65,3177691309987","2563,3824",373,24445795,24446168,FALSCH,"0,663","0,456","0,207","0,053",28,drought,"2,2029","20,4563",0,1,8,9,FALSCH,308
image_619.png,1,farmbot_uzk_2,142,"1720771938,07459","25,0614175631342","65,3177691309987","2563,3824",373,24445795,24446168,FALSCH,"0,726","0,647","0,079","0,055",28,drought,"8,18987","18,8664",0,1,10,11,FALSCH,309
image_620.png,1,farmbot_uzk_2,142,"1720771602,53382","24,8744945448997","76,4232852674144","5646,0672",794,52037476,52038270,FALSCH,"0,726","0,647","0,079","0,055",28,drought,"8,18987","18,8664",0,1,10,11,WAHR,309
image_621.png,1,farmbot_uzk_2,143,"1720771938,07459","25,0614175631342","65,3177691309987","2563,3824",373,24445795,24446168,FALSCH,"0,887","0,808","0,079","0,071",28,drought,"10,22785","28,3587",0,2,9,11,FALSCH,310
image_622.png,1,farmbot_uzk_2,143,"1720771602,53382","24,8744945448997","76,4232852674144","5646,0672",794,52037476,52038270,FALSCH,"0,887","0,808","0,079","0,071",28,drought,"10,22785","28,3587",0,2,9,11,WAHR,310
image_623.png,1,farmbot_uzk_2,144,"1720771938,07459","25,0614175631342","65,3177691309987","2563,3824",373,24445795,24446168,FALSCH,"0,875","0,699","0,176","0,057",28,drought,"3,97159","20,6408",0,2,8,10,FALSCH,311
image_624.png,1,farmbot_uzk_2,144,"1720771602,53382","24,8744945448997","76,4232852674144","5646,0672",794,52037476,52038270,FALSCH,"0,875","0,699","0,176","0,057",28,drought,"3,97159","20,6408",0,2,8,10,WAHR,311
image_625.png,1,farmbot_uzk_2,145,"1720771689,22304","24,9599450675212","74,7280079346914","5827,3824",823,53938083,53938906,FALSCH,"0,744","0,634","0,11","0,046",28,drought,"5,76364","14,2106",0,2,8,10,WAHR,312
image_626.png,1,farmbot_uzk_2,145,"1720772026,91836","25,101472495613","66,2363622491798","2551,1424",373,24445792,24446165,FALSCH,"0,744","0,634","0,11","0,046",28,drought,"5,76364","14,2106",0,2,8,10,FALSCH,312
image_627.png,1,farmbot_uzk_2,146,"1720772026,91836","25,101472495613","66,2363622491798","2551,1424",373,24445792,24446165,FALSCH,"0,641","0,547","0,094","0,155",28,drought,"5,81915","15,3652",0,3,6,9,FALSCH,313
image_628.png,1,farmbot_uzk_2,146,"1720771689,22304","24,9599450675212","74,7280079346914","5827,3824",823,53938083,53938906,FALSCH,"0,641","0,547","0,094","0,155",28,drought,"5,81915","15,3652",0,3,6,9,WAHR,313
image_629.png,1,farmbot_uzk_2,147,"1720772026,91836","25,101472495613","66,2363622491798","2551,1424",373,24445792,24446165,FALSCH,"1,092","1,032","0,06","0,008",28,drought,"17,2","23,1012","27,5388",3,13,16,FALSCH,314
image_630.png,1,farmbot_uzk_2,147,"1720771689,22304","24,9599450675212","74,7280079346914","5827,3824",823,53938083,53938906,FALSCH,"1,092","1,032","0,06","0,008",28,drought,"17,2","23,1012","27,5388",3,13,16,WAHR,314
image_631.png,1,farmbot_uzk_2,148,"1720772026,91836","25,101472495613","66,2363622491798","2551,1424",373,24445792,24446165,FALSCH,"0,115","0,074","0,041","0,051",28,drought,"1,80488","1,4137","1,4824",2,9,11,FALSCH,315
image_632.png,1,farmbot_uzk_2,148,"1720771689,22304","24,9599450675212","74,7280079346914","5827,3824",823,53938083,53938906,FALSCH,"0,115","0,074","0,041","0,051",28,drought,"1,80488","1,4137","1,4824",2,9,11,WAHR,315
image_633.png,1,farmbot_uzk_2,149,"1720771689,22304","24,9599450675212","74,7280079346914","5827,3824",823,53938083,53938906,FALSCH,"0,674","0,597","0,077","0,02",28,drought,"7,75325","16,9799","15,6967",1,12,13,WAHR,316
image_634.png,1,farmbot_uzk_2,149,"1720772026,91836","25,101472495613","66,2363622491798","2551,1424",373,24445792,24446165,FALSCH,"0,674","0,597","0,077","0,02",28,drought,"7,75325","16,9799","15,6967",1,12,13,FALSCH,316
image_635.png,1,farmbot_uzk_2,150,"1720771689,22304","24,9599450675212","74,7280079346914","5827,3824",823,53938083,53938906,FALSCH,"0,255","0,224","0,031","0,032",28,drought,"7,22581","9,031","8,5851",3,6,9,WAHR,317
image_636.png,1,farmbot_uzk_2,150,"1720772026,91836","25,101472495613","66,2363622491798","2551,1424",373,24445792,24446165,FALSCH,"0,255","0,224","0,031","0,032",28,drought,"7,22581","9,031","8,5851",3,6,9,FALSCH,317
image_637.png,1,farmbot_uzk_2,151,"1720771960,09604","25,101472495613","65,6473640039673","2555,2224",373,24445793,24446166,FALSCH,"1,132","1,06","0,072","0,058",28,drought,"14,72222","21,2373","22,48",4,7,11,FALSCH,318
image_638.png,1,farmbot_uzk_2,151,"1720771624,40896","24,8184176394293","74,7463187609674","5687,8464",803,52627316,52628119,FALSCH,"1,132","1,06","0,072","0,058",28,drought,"14,72222","21,2373","22,48",4,7,11,WAHR,318
image_639.png,1,farmbot_uzk_2,152,"1720771624,40896","24,8184176394293","74,7463187609674","5687,8464",803,52627316,52628119,FALSCH,"0,777","0,639","0,138","0,04",28,drought,"4,63043","17,8333","17,8778",2,7,9,WAHR,319
image_640.png,1,farmbot_uzk_2,152,"1720771960,09604","25,101472495613","65,6473640039673","2555,2224",373,24445793,24446166,FALSCH,"0,777","0,639","0,138","0,04",28,drought,"4,63043","17,8333","17,8778",2,7,9,FALSCH,319
image_641.png,1,farmbot_uzk_2,153,"1720771624,40896","24,8184176394293","74,7463187609674","5687,8464",803,52627316,52628119,FALSCH,"0,744","0,65","0,094","0,099",28,drought,"6,91489","13,0553","13,7726",1,10,11,WAHR,320
image_642.png,1,farmbot_uzk_2,153,"1720771960,09604","25,101472495613","65,6473640039673","2555,2224",373,24445793,24446166,FALSCH,"0,744","0,65","0,094","0,099",28,drought,"6,91489","13,0553","13,7726",1,10,11,FALSCH,320
image_643.png,1,farmbot_uzk_2,154,"1720771960,09604","25,101472495613","65,6473640039673","2555,2224",373,24445793,24446166,FALSCH,"0,877","0,777","0,1","0,052",28,drought,"7,77","20,3369","20,7069",2,10,12,FALSCH,321
image_644.png,1,farmbot_uzk_2,154,"1720771624,40896","24,8184176394293","74,7463187609674","5687,8464",803,52627316,52628119,FALSCH,"0,877","0,777","0,1","0,052",28,drought,"7,77","20,3369","20,7069",2,10,12,WAHR,321
image_645.png,1,farmbot_uzk_2,155,"1720771960,09604","25,101472495613","65,6473640039673","2555,2224",373,24445793,24446166,FALSCH,"0,808","0,714","0,094","0,046",28,salinity,"7,59574","10,1222","12,7395",2,7,9,FALSCH,322
image_646.png,1,farmbot_uzk_2,155,"1720771624,40896","24,8184176394293","74,7463187609674","5687,8464",803,52627316,52628119,FALSCH,"0,808","0,714","0,094","0,046",28,salinity,"7,59574","10,1222","12,7395",2,7,9,WAHR,322
image_647.png,1,farmbot_uzk_2,156,"1720771624,40896","24,8184176394293","74,7463187609674","5687,8464",803,52627316,52628119,FALSCH,"0,608","0,54","0,068","0,031",28,salinity,"7,94118","10,6598","12,4711",0,7,7,WAHR,323
image_648.png,1,farmbot_uzk_2,156,"1720771960,09604","25,101472495613","65,6473640039673","2555,2224",373,24445793,24446166,FALSCH,"0,608","0,54","0,068","0,031",28,salinity,"7,94118","10,6598","12,4711",0,7,7,FALSCH,323
image_649.png,1,farmbot_uzk_2,157,"1720772005,08525","25,101472495613","66,0318913557641","2528,9472",369,24183640,24184009,FALSCH,"0,365","0,332","0,033","0,023",28,salinity,"10,06061","5,2537","4,4791",0,5,5,FALSCH,324
image_650.png,1,farmbot_uzk_2,157,"1720771667,32203","24,9172198062104","74,7875181200885","5818,896",820,53741471,53742291,FALSCH,"0,365","0,332","0,033","0,023",28,salinity,"10,06061","5,2537","4,4791",0,5,5,WAHR,324
image_651.png,1,farmbot_uzk_2,158,"1720772005,08525","25,101472495613","66,0318913557641","2528,9472",369,24183640,24184009,FALSCH,"1,028","0,981","0,047","0,079",28,salinity,"20,87234","18,6361","17,2549",0,10,10,FALSCH,325
image_652.png,1,farmbot_uzk_2,158,"1720771667,32203","24,9172198062104","74,7875181200885","5818,896",820,53741471,53742291,FALSCH,"1,028","0,981","0,047","0,079",28,salinity,"20,87234","18,6361","17,2549",0,10,10,WAHR,325
image_653.png,1,farmbot_uzk_2,159,"1720772005,08525","25,101472495613","66,0318913557641","2528,9472",369,24183640,24184009,FALSCH,"0,963","0,933","0,03","0,047",28,salinity,"31,1","15,6834","14,4284",2,11,13,FALSCH,326
image_654.png,1,farmbot_uzk_2,159,"1720771667,32203","24,9172198062104","74,7875181200885","5818,896",820,53741471,53742291,FALSCH,"0,963","0,933","0,03","0,047",28,salinity,"31,1","15,6834","14,4284",2,11,13,WAHR,326
image_655.png,1,farmbot_uzk_2,160,"1720772005,08525","25,101472495613","66,0318913557641","2528,9472",369,24183640,24184009,FALSCH,"1,089","1,044","0,045","0,058",28,salinity,"23,2","18,1096","19,5569",0,9,9,FALSCH,327
image_656.png,1,farmbot_uzk_2,160,"1720771667,32203","24,9172198062104","74,7875181200885","5818,896",820,53741471,53742291,FALSCH,"1,089","1,044","0,045","0,058",28,salinity,"23,2","18,1096","19,5569",0,9,9,WAHR,327
image_657.png,1,farmbot_uzk_2,161,"1720772005,08525","25,101472495613","66,0318913557641","2528,9472",369,24183640,24184009,FALSCH,"0,537","0,513","0,024","0,036",28,salinity,"21,375","9,7463","9,6724",0,6,6,FALSCH,328
image_658.png,1,farmbot_uzk_2,161,"1720771667,32203","24,9172198062104","74,7875181200885","5818,896",820,53741471,53742291,FALSCH,"0,537","0,513","0,024","0,036",28,salinity,"21,375","9,7463","9,6724",0,6,6,WAHR,328
image_659.png,1,farmbot_uzk_2,162,"1720772005,08525","25,101472495613","66,0318913557641","2528,9472",369,24183640,24184009,FALSCH,"0,187","0,176","0,011","0,011",28,salinity,16,"2,4655","2,391",0,6,6,FALSCH,329
image_660.png,1,farmbot_uzk_2,162,"1720771667,32203","24,9172198062104","74,7875181200885","5818,896",820,53741471,53742291,FALSCH,"0,187","0,176","0,011","0,011",28,salinity,16,"2,4655","2,391",0,6,6,WAHR,329
image_661.png,1,farmbot_uzk_2,163,"1720771983,05385","25,101472495613","65,8930342565042","2538,576",370,24249179,24249549,FALSCH,"1,201","1,115","0,086","0,06",28,salinity,"12,96512","14,4693","19,8067",0,9,9,FALSCH,330
image_662.png,1,farmbot_uzk_2,163,"1720771646,40417","24,8611429007401","75,1201647974365","5736,3168",811,53151621,53152432,FALSCH,"1,201","1,115","0,086","0,06",28,salinity,"12,96512","14,4693","19,8067",0,9,9,WAHR,330
image_663.png,1,farmbot_uzk_2,164,"1720771646,40417","24,8611429007401","75,1201647974365","5736,3168",811,53151621,53152432,FALSCH,"0,781","0,742","0,039","0,04",28,salinity,"19,02564","11,7119","13,6744",2,8,10,WAHR,331
image_664.png,1,farmbot_uzk_2,164,"1720771983,05385","25,101472495613","65,8930342565042","2538,576",370,24249179,24249549,FALSCH,"0,781","0,742","0,039","0,04",28,salinity,"19,02564","11,7119","13,6744",2,8,10,FALSCH,331
image_665.png,1,farmbot_uzk_2,165,"1720771983,05385","25,101472495613","65,8930342565042","2538,576",370,24249179,24249549,FALSCH,"1,121","1,016","0,105","0,06",28,salinity,"9,67619","16,5062","20,8803",0,10,10,FALSCH,332
image_666.png,1,farmbot_uzk_2,165,"1720771646,40417","24,8611429007401","75,1201647974365","5736,3168",811,53151621,53152432,FALSCH,"1,121","1,016","0,105","0,06",28,salinity,"9,67619","16,5062","20,8803",0,10,10,WAHR,332
image_667.png,1,farmbot_uzk_2,166,"1720771983,05385","25,101472495613","65,8930342565042","2538,576",370,24249179,24249549,FALSCH,"0,777","0,746","0,031","0,035",28,salinity,"24,06452","8,6697","8,623",0,6,6,FALSCH,333
image_668.png,1,farmbot_uzk_2,166,"1720771646,40417","24,8611429007401","75,1201647974365","5736,3168",811,53151621,53152432,FALSCH,"0,777","0,746","0,031","0,035",28,salinity,"24,06452","8,6697","8,623",0,6,6,WAHR,333
image_669.png,1,farmbot_uzk_2,167,"1720771983,05385","25,101472495613","65,8930342565042","2538,576",370,24249179,24249549,FALSCH,"0,878","0,844","0,034","0,037",28,salinity,"24,82353","17,4379","15,0227",1,9,10,FALSCH,334
image_670.png,1,farmbot_uzk_2,167,"1720771646,40417","24,8611429007401","75,1201647974365","5736,3168",811,53151621,53152432,FALSCH,"0,878","0,844","0,034","0,037",28,salinity,"24,82353","17,4379","15,0227",1,9,10,WAHR,334
image_671.png,1,farmbot_uzk_2,168,"1720771983,05385","25,101472495613","65,8930342565042","2538,576",370,24249179,24249549,FALSCH,"0,745","0,698","0,047","0,038",28,salinity,"14,85106","9,3371","9,922",0,7,7,FALSCH,335
image_672.png,1,farmbot_uzk_2,168,"1720771646,40417","24,8611429007401","75,1201647974365","5736,3168",811,53151621,53152432,FALSCH,"0,745","0,698","0,047","0,038",28,salinity,"14,85106","9,3371","9,922",0,7,7,WAHR,335
image_673.png,2,farmbot_uzk,1,"1720597635,80031","28,12","57,7","7393,9",1184,77597194,77598378,FALSCH,"0,024","0,018","0,006","0,003",7,control,3,"0,5879",0,3,6,9,WAHR,336
image_674.png,2,farmbot_uzk,1,"1720599459,43838","28,24","55,9","2082,9",357,23397091,23397448,FALSCH,"0,024","0,018","0,006","0,003",7,control,3,"0,5879",0,3,6,9,FALSCH,336
image_675.png,2,farmbot_uzk,2,"1720597635,80031","28,12","57,7","7393,9",1184,77597194,77598378,FALSCH,"0,027","0,018","0,009","0,001",7,control,2,"0,7323",0,4,4,8,WAHR,337
image_676.png,2,farmbot_uzk,2,"1720599459,43838","28,24","55,9","2082,9",357,23397091,23397448,FALSCH,"0,027","0,018","0,009","0,001",7,control,2,"0,7323",0,4,4,8,FALSCH,337
image_677.png,2,farmbot_uzk,3,"1720599459,43838","28,24","55,9","2082,9",357,23397091,23397448,FALSCH,"0,019","0,016","0,003","0,002",7,control,"5,33333","0,5538",0,4,4,8,FALSCH,338
image_678.png,2,farmbot_uzk,3,"1720597635,80031","28,12","57,7","7393,9",1184,77597194,77598378,FALSCH,"0,019","0,016","0,003","0,002",7,control,"5,33333","0,5538",0,4,4,8,WAHR,338
image_679.png,2,farmbot_uzk,4,"1720599459,43838","28,24","55,9","2082,9",357,23397091,23397448,FALSCH,"0,028","0,02","0,008","0,002",7,control,"2,5","0,7403",0,4,5,9,FALSCH,339
image_680.png,2,farmbot_uzk,4,"1720597635,80031","28,12","57,7","7393,9",1184,77597194,77598378,FALSCH,"0,028","0,02","0,008","0,002",7,control,"2,5","0,7403",0,4,5,9,WAHR,339
image_681.png,2,farmbot_uzk,5,"1720597635,80031","28,12","57,7","7393,9",1184,77597194,77598378,FALSCH,"0,024","0,015","0,009","0,001",7,control,"1,66667","0,821",0,4,5,9,WAHR,340
image_682.png,2,farmbot_uzk,5,"1720599459,43838","28,24","55,9","2082,9",357,23397091,23397448,FALSCH,"0,024","0,015","0,009","0,001",7,control,"1,66667","0,821",0,4,5,9,FALSCH,340
image_683.png,2,farmbot_uzk,6,"1720597635,80031","28,12","57,7","7393,9",1184,77597194,77598378,FALSCH,"0,021","0,019","0,002","0,001",7,control,"9,5","0,5895",0,3,5,8,WAHR,341
image_684.png,2,farmbot_uzk,6,"1720599459,43838","28,24","55,9","2082,9",357,23397091,23397448,FALSCH,"0,021","0,019","0,002","0,001",7,control,"9,5","0,5895",0,3,5,8,FALSCH,341
image_685.png,2,farmbot_uzk,7,"1720599748,44468","27,35","58,6","2422,9",444,29098862,29099306,FALSCH,"0,022","0,017","0,005","0,003",7,control,"3,4","0,7427",0,4,5,9,FALSCH,342
image_686.png,2,farmbot_uzk,7,"1720597937,92715","28,27","58,1","6927,2",1069,70060366,70061435,FALSCH,"0,022","0,017","0,005","0,003",7,control,"3,4","0,7427",0,4,5,9,WAHR,342
image_687.png,2,farmbot_uzk,8,"1720597937,92715","28,27","58,1","6927,2",1069,70060366,70061435,FALSCH,"0,02","0,016","0,004","0,002",7,control,4,"0,6197",0,4,4,8,WAHR,343
image_688.png,2,farmbot_uzk,8,"1720599748,44468","27,35","58,6","2422,9",444,29098862,29099306,FALSCH,"0,02","0,016","0,004","0,002",7,control,4,"0,6197",0,4,4,8,FALSCH,343
image_689.png,2,farmbot_uzk,9,"1720599748,44468","27,35","58,6","2422,9",444,29098862,29099306,FALSCH,"0,022","0,016","0,006","0,002",7,control,"2,66667","0,5993",0,2,6,8,FALSCH,344
image_690.png,2,farmbot_uzk,9,"1720597937,92715","28,27","58,1","6927,2",1069,70060366,70061435,FALSCH,"0,022","0,016","0,006","0,002",7,control,"2,66667","0,5993",0,2,6,8,WAHR,344
image_691.png,2,farmbot_uzk,10,"1720599748,44468","27,35","58,6","2422,9",444,29098862,29099306,FALSCH,"0,014","0,012","0,002","0,002",7,control,6,"0,5584",0,4,4,8,FALSCH,345
image_692.png,2,farmbot_uzk,10,"1720597937,92715","28,27","58,1","6927,2",1069,70060366,70061435,FALSCH,"0,014","0,012","0,002","0,002",7,control,6,"0,5584",0,4,4,8,WAHR,345
image_693.png,2,farmbot_uzk,11,"1720597937,92715","28,27","58,1","6927,2",1069,70060366,70061435,FALSCH,"0,013","0,01","0,003","0,002",7,control,"3,33333","0,3547",0,4,4,8,WAHR,346
image_694.png,2,farmbot_uzk,11,"1720599748,44468","27,35","58,6","2422,9",444,29098862,29099306,FALSCH,"0,013","0,01","0,003","0,002",7,control,"3,33333","0,3547",0,4,4,8,FALSCH,346
image_695.png,2,farmbot_uzk,12,"1720597937,92715","28,27","58,1","6927,2",1069,70060366,70061435,FALSCH,"0,021","0,016","0,005","0,003",7,control,"3,2","0,6458",0,4,5,9,WAHR,347
image_696.png,2,farmbot_uzk,12,"1720599748,44468","27,35","58,6","2422,9",444,29098862,29099306,FALSCH,"0,021","0,016","0,005","0,003",7,control,"3,2","0,6458",0,4,5,9,FALSCH,347
image_697.png,2,farmbot_uzk,13,"1720597686,16132","28,22","58,7","6569,3",1042,68290789,68291831,FALSCH,"0,03","0,016","0,014","0,002",7,control,"1,14286","0,6544",0,2,6,8,WAHR,348
image_698.png,2,farmbot_uzk,13,"1720599507,48028","27,89","56,5","2120,8",380,24904443,24904823,FALSCH,"0,03","0,016","0,014","0,002",7,control,"1,14286","0,6544",0,2,6,8,FALSCH,348
image_699.png,2,farmbot_uzk,14,"1720597686,16132","28,22","58,7","6569,3",1042,68290789,68291831,FALSCH,"0,023","0,016","0,007","0,002",7,control,"2,28571","0,8314",0,4,5,9,WAHR,349
image_700.png,2,farmbot_uzk,14,"1720599507,48028","27,89","56,5","2120,8",380,24904443,24904823,FALSCH,"0,023","0,016","0,007","0,002",7,control,"2,28571","0,8314",0,4,5,9,FALSCH,349
image_701.png,2,farmbot_uzk,15,"1720597686,16132","28,22","58,7","6569,3",1042,68290789,68291831,FALSCH,"0,021","0,014","0,007","0,001",7,control,2,"0,5835",0,2,6,8,WAHR,350
image_702.png,2,farmbot_uzk,15,"1720599507,48028","27,89","56,5","2120,8",380,24904443,24904823,FALSCH,"0,021","0,014","0,007","0,001",7,control,2,"0,5835",0,2,6,8,FALSCH,350
image_703.png,2,farmbot_uzk,16,"1720597686,16132","28,22","58,7","6569,3",1042,68290789,68291831,FALSCH,"0,024","0,018","0,006","0,003",7,control,3,"0,7012",0,2,6,8,WAHR,351
image_704.png,2,farmbot_uzk,16,"1720599507,48028","27,89","56,5","2120,8",380,24904443,24904823,FALSCH,"0,024","0,018","0,006","0,003",7,control,3,"0,7012",0,2,6,8,FALSCH,351
image_705.png,2,farmbot_uzk,17,"1720599507,48028","27,89","56,5","2120,8",380,24904443,24904823,FALSCH,"0,025","0,018","0,007","0,002",7,control,"2,57143","0,8414",0,2,6,8,FALSCH,352
image_706.png,2,farmbot_uzk,17,"1720597686,16132","28,22","58,7","6569,3",1042,68290789,68291831,FALSCH,"0,025","0,018","0,007","0,002",7,control,"2,57143","0,8414",0,2,6,8,WAHR,352
image_707.png,2,farmbot_uzk,18,"1720599507,48028","27,89","56,5","2120,8",380,24904443,24904823,FALSCH,"0,027","0,022","0,005","0,002",7,control,"4,4","0,6575",0,2,6,8,FALSCH,353
image_708.png,2,farmbot_uzk,18,"1720597686,16132","28,22","58,7","6569,3",1042,68290789,68291831,FALSCH,"0,027","0,022","0,005","0,002",7,control,"4,4","0,6575",0,2,6,8,WAHR,353
image_709.png,2,farmbot_uzk,19,"1720597888,68183","28,24","57,9","6454,7",1014,66455735,66456749,FALSCH,"0,025","0,016","0,009","0,001",7,control,"1,77778","0,5915",0,4,4,8,WAHR,354
image_710.png,2,farmbot_uzk,19,"1720599700,87418","27,22","59,7","2237,1",412,27001644,27002056,FALSCH,"0,025","0,016","0,009","0,001",7,control,"1,77778","0,5915",0,4,4,8,FALSCH,354
image_711.png,2,farmbot_uzk,20,"1720597888,68183","28,24","57,9","6454,7",1014,66455735,66456749,FALSCH,"0,032","0,027","0,005","0,002",7,control,"5,4","0,8214",0,2,5,7,WAHR,355
image_712.png,2,farmbot_uzk,20,"1720599700,87418","27,22","59,7","2237,1",412,27001644,27002056,FALSCH,"0,032","0,027","0,005","0,002",7,control,"5,4","0,8214",0,2,5,7,FALSCH,355
image_713.png,2,farmbot_uzk,21,"1720597888,68183","28,24","57,9","6454,7",1014,66455735,66456749,FALSCH,"0,037","0,018","0,019","0,004",7,control,"0,94737","0,8874",0,3,6,9,WAHR,356
image_714.png,2,farmbot_uzk,21,"1720599700,87418","27,22","59,7","2237,1",412,27001644,27002056,FALSCH,"0,037","0,018","0,019","0,004",7,control,"0,94737","0,8874",0,3,6,9,FALSCH,356
image_715.png,2,farmbot_uzk,22,"1720597888,68183","28,24","57,9","6454,7",1014,66455735,66456749,FALSCH,"0,024","0,018","0,006","0,004",7,control,3,"0,8063",0,4,5,9,WAHR,357
image_716.png,2,farmbot_uzk,22,"1720599700,87418","27,22","59,7","2237,1",412,27001644,27002056,FALSCH,"0,024","0,018","0,006","0,004",7,control,3,"0,8063",0,4,5,9,FALSCH,357
image_717.png,2,farmbot_uzk,23,"1720599700,87418","27,22","59,7","2237,1",412,27001644,27002056,FALSCH,"0,023","0,016","0,007","0,003",7,control,"2,28571","0,6304",0,2,6,8,FALSCH,358
image_718.png,2,farmbot_uzk,23,"1720597888,68183","28,24","57,9","6454,7",1014,66455735,66456749,FALSCH,"0,023","0,016","0,007","0,003",7,control,"2,28571","0,6304",0,2,6,8,WAHR,358
image_719.png,2,farmbot_uzk,24,"1720597888,68183","28,24","57,9","6454,7",1014,66455735,66456749,FALSCH,"0,021","0,016","0,005","0,003",7,control,"3,2","0,606",0,4,5,9,WAHR,359
image_720.png,2,farmbot_uzk,24,"1720599700,87418","27,22","59,7","2237,1",412,27001644,27002056,FALSCH,"0,021","0,016","0,005","0,003",7,control,"3,2","0,606",0,4,5,9,FALSCH,359
image_721.png,2,farmbot_uzk,25,"1720599554,5184","27,53","57,4","2282,2",401,26280752,26281153,FALSCH,"0,012","0,01","0,002","0,002",7,control,5,"0,5923",0,2,6,8,FALSCH,360
image_722.png,2,farmbot_uzk,25,"1720597736,45296","28,3","57,9","6531,3",1030,67504340,67505370,FALSCH,"0,012","0,01","0,002","0,002",7,control,5,"0,5923",0,2,6,8,WAHR,360
image_723.png,2,farmbot_uzk,26,"1720597736,45296","28,3","57,9","6531,3",1030,67504340,67505370,FALSCH,"0,016","0,008","0,008","0,002",7,control,1,"0,2234",0,2,5,7,WAHR,361
image_724.png,2,farmbot_uzk,26,"1720599554,5184","27,53","57,4","2282,2",401,26280752,26281153,FALSCH,"0,016","0,008","0,008","0,002",7,control,1,"0,2234",0,2,5,7,FALSCH,361
image_725.png,2,farmbot_uzk,27,"1720597736,45296","28,3","57,9","6531,3",1030,67504340,67505370,FALSCH,"0,044","0,015","0,029","0,004",7,control,"0,51724","0,5334",0,3,5,8,WAHR,362
image_726.png,2,farmbot_uzk,27,"1720599554,5184","27,53","57,4","2282,2",401,26280752,26281153,FALSCH,"0,044","0,015","0,029","0,004",7,control,"0,51724","0,5334",0,3,5,8,FALSCH,362
image_727.png,2,farmbot_uzk,28,"1720599554,5184","27,53","57,4","2282,2",401,26280752,26281153,FALSCH,"0,023","0,015","0,008","0,003",7,control,"1,875","0,5952",0,4,4,8,FALSCH,363
image_728.png,2,farmbot_uzk,28,"1720597736,45296","28,3","57,9","6531,3",1030,67504340,67505370,FALSCH,"0,023","0,015","0,008","0,003",7,control,"1,875","0,5952",0,4,4,8,WAHR,363
image_729.png,2,farmbot_uzk,29,"1720597736,45296","28,3","57,9","6531,3",1030,67504340,67505370,FALSCH,"0,017","0,004","0,013","0,003",7,control,"0,30769","0,3135",0,3,4,7,WAHR,364
image_730.png,2,farmbot_uzk,29,"1720599554,5184","27,53","57,4","2282,2",401,26280752,26281153,FALSCH,"0,017","0,004","0,013","0,003",7,control,"0,30769","0,3135",0,3,4,7,FALSCH,364
image_731.png,2,farmbot_uzk,30,"1720597736,45296","28,3","57,9","6531,3",1030,67504340,67505370,FALSCH,"0,026","0,011","0,015","0,003",7,control,"0,73333","0,4652",0,3,5,8,WAHR,365
image_732.png,2,farmbot_uzk,30,"1720599554,5184","27,53","57,4","2282,2",401,26280752,26281153,FALSCH,"0,026","0,011","0,015","0,003",7,control,"0,73333","0,4652",0,3,5,8,FALSCH,365
image_733.png,2,farmbot_uzk,31,"1720599652,10652","27,5","60,6","2186,2",394,25821972,25822366,FALSCH,"0,039","0,015","0,024","0,003",7,control,"0,625","0,6182",0,3,5,8,FALSCH,366
image_734.png,2,farmbot_uzk,31,"1720597838,16088","28,04",58,"6839,7",1065,69798198,69799263,FALSCH,"0,039","0,015","0,024","0,003",7,control,"0,625","0,6182",0,3,5,8,WAHR,366
image_735.png,2,farmbot_uzk,32,"1720597838,16088","28,04",58,"6839,7",1065,69798198,69799263,FALSCH,"0,029","0,016","0,013","0,004",7,control,"1,23077","0,5358",0,4,5,9,WAHR,367
image_736.png,2,farmbot_uzk,32,"1720599652,10652","27,5","60,6","2186,2",394,25821972,25822366,FALSCH,"0,029","0,016","0,013","0,004",7,control,"1,23077","0,5358",0,4,5,9,FALSCH,367
image_737.png,2,farmbot_uzk,33,"1720599652,10652","27,5","60,6","2186,2",394,25821972,25822366,FALSCH,"0,047","0,019","0,028","0,003",7,control,"0,67857","0,7395",0,3,6,9,FALSCH,368
image_738.png,2,farmbot_uzk,33,"1720597838,16088","28,04",58,"6839,7",1065,69798198,69799263,FALSCH,"0,047","0,019","0,028","0,003",7,control,"0,67857","0,7395",0,3,6,9,WAHR,368
image_739.png,2,farmbot_uzk,34,"1720599652,10652","27,5","60,6","2186,2",394,25821972,25822366,FALSCH,"0,034","0,018","0,016","0,0003",7,control,"1,125","0,738",0,4,4,8,FALSCH,369
image_740.png,2,farmbot_uzk,34,"1720597838,16088","28,04",58,"6839,7",1065,69798198,69799263,FALSCH,"0,034","0,018","0,016","0,0003",7,control,"1,125","0,738",0,4,4,8,WAHR,369
image_741.png,2,farmbot_uzk,35,"1720597838,16088","28,04",58,"6839,7",1065,69798198,69799263,FALSCH,"0,021","0,012","0,009","0,003",7,control,"1,33333","0,5907",0,4,3,7,WAHR,370
image_742.png,2,farmbot_uzk,35,"1720599652,10652","27,5","60,6","2186,2",394,25821972,25822366,FALSCH,"0,021","0,012","0,009","0,003",7,control,"1,33333","0,5907",0,4,3,7,FALSCH,370
image_743.png,2,farmbot_uzk,36,"1720597838,16088","28,04",58,"6839,7",1065,69798198,69799263,FALSCH,"0,029","0,017","0,012","0,003",7,control,"1,41667","0,5076",0,3,6,9,WAHR,371
image_744.png,2,farmbot_uzk,36,"1720599652,10652","27,5","60,6","2186,2",394,25821972,25822366,FALSCH,"0,029","0,017","0,012","0,003",7,control,"1,41667","0,5076",0,3,6,9,FALSCH,371
image_745.png,2,farmbot_uzk,37,"1720599602,17914","27,53","57,6","2560,4",471,30868385,30868856,FALSCH,"0,021","0,013","0,008","0,003",7,control,"1,625","0,6217",0,4,5,9,FALSCH,372
image_746.png,2,farmbot_uzk,37,"1720597786,77696","28,22","58,4","7049,8",1108,72616325,72617433,FALSCH,"0,021","0,013","0,008","0,003",7,control,"1,625","0,6217",0,4,5,9,WAHR,372
image_747.png,2,farmbot_uzk,38,"1720599602,17914","27,53","57,6","2560,4",471,30868385,30868856,FALSCH,"0,013","0,011","0,002","0,003",7,control,"5,5","0,362",0,3,4,7,FALSCH,373
image_748.png,2,farmbot_uzk,38,"1720597786,77696","28,22","58,4","7049,8",1108,72616325,72617433,FALSCH,"0,013","0,011","0,002","0,003",7,control,"5,5","0,362",0,3,4,7,WAHR,373
image_749.png,2,farmbot_uzk,39,"1720599602,17914","27,53","57,6","2560,4",471,30868385,30868856,FALSCH,"0,027","0,015","0,012","0,003",7,control,"1,25","0,5606",0,3,5,8,FALSCH,374
image_750.png,2,farmbot_uzk,39,"1720597786,77696","28,22","58,4","7049,8",1108,72616325,72617433,FALSCH,"0,027","0,015","0,012","0,003",7,control,"1,25","0,5606",0,3,5,8,WAHR,374
image_751.png,2,farmbot_uzk,40,"1720597786,77696","28,22","58,4","7049,8",1108,72616325,72617433,FALSCH,"0,022","0,01","0,012","0,003",7,control,"0,83333","0,4067",0,4,4,8,WAHR,375
image_752.png,2,farmbot_uzk,40,"1720599602,17914","27,53","57,6","2560,4",471,30868385,30868856,FALSCH,"0,022","0,01","0,012","0,003",7,control,"0,83333","0,4067",0,4,4,8,FALSCH,375
image_753.png,2,farmbot_uzk,41,"1720597786,77696","28,22","58,4","7049,8",1108,72616325,72617433,FALSCH,"0,017","0,012","0,005","0,003",7,control,"2,4","0,4476",0,2,5,7,WAHR,376
image_754.png,2,farmbot_uzk,41,"1720599602,17914","27,53","57,6","2560,4",471,30868385,30868856,FALSCH,"0,017","0,012","0,005","0,003",7,control,"2,4","0,4476",0,2,5,7,FALSCH,376
image_755.png,2,farmbot_uzk,42,"1720597786,77696","28,22","58,4","7049,8",1108,72616325,72617433,FALSCH,"0,037","0,016","0,021","0,004",7,control,"0,7619","0,4792",0,4,4,8,WAHR,377
image_756.png,2,farmbot_uzk,42,"1720599602,17914","27,53","57,6","2560,4",471,30868385,30868856,FALSCH,"0,037","0,016","0,021","0,004",7,control,"0,7619","0,4792",0,4,4,8,FALSCH,377
image_757.png,2,farmbot_uzk,43,"1721289897,82719","29,16","43,4","2370,8",428,28050263,28050691,FALSCH,"0,309","0,29","0,019","0,017",14,control,"15,26316","6,8937","6,7177",5,9,14,FALSCH,420
image_758.png,2,farmbot_uzk,43,"1721288839,30005","30,26","41,2","8204,7",1261,82643714,82644975,FALSCH,"0,309","0,29","0,019","0,017",14,control,"15,26316","6,8937","6,7177",5,9,14,WAHR,420
image_759.png,2,farmbot_uzk,44,"1721288839,30005","30,26","41,2","8204,7",1261,82643714,82644975,FALSCH,"0,212","0,186","0,026","0,012",14,control,"7,15385","4,9862","4,7234",5,6,11,WAHR,421
image_760.png,2,farmbot_uzk,44,"1721289897,82719","29,16","43,4","2370,8",428,28050263,28050691,FALSCH,"0,212","0,186","0,026","0,012",14,control,"7,15385","4,9862","4,7234",5,6,11,FALSCH,421
image_761.png,2,farmbot_uzk,45,"1721288839,30005","30,26","41,2","8204,7",1261,82643714,82644975,FALSCH,"0,554","0,525","0,029","0,02",14,control,"18,10345","8,1227","7,0277",4,9,13,WAHR,422
image_762.png,2,farmbot_uzk,45,"1721289897,82719","29,16","43,4","2370,8",428,28050263,28050691,FALSCH,"0,554","0,525","0,029","0,02",14,control,"18,10345","8,1227","7,0277",4,9,13,FALSCH,422
image_763.png,2,farmbot_uzk,46,"1721289897,82719","29,16","43,4","2370,8",428,28050263,28050691,FALSCH,"0,303","0,288","0,015","0,016",14,control,"19,2","7,4824","8,1795",7,4,11,FALSCH,423
image_764.png,2,farmbot_uzk,46,"1721288839,30005","30,26","41,2","8204,7",1261,82643714,82644975,FALSCH,"0,303","0,288","0,015","0,016",14,control,"19,2","7,4824","8,1795",7,4,11,WAHR,423
image_765.png,2,farmbot_uzk,47,"1721289897,82719","29,16","43,4","2370,8",428,28050263,28050691,FALSCH,"0,431","0,393","0,038","0,022",14,control,"10,34211","11,1451","9,7672",5,5,10,FALSCH,424
image_766.png,2,farmbot_uzk,47,"1721288839,30005","30,26","41,2","8204,7",1261,82643714,82644975,FALSCH,"0,431","0,393","0,038","0,022",14,control,"10,34211","11,1451","9,7672",5,5,10,WAHR,424
image_767.png,2,farmbot_uzk,48,"1721289897,82719","29,16","43,4","2370,8",428,28050263,28050691,FALSCH,"0,094","0,09","0,004","0,006",14,control,"22,5","2,2022","2,56",3,7,10,FALSCH,425
image_768.png,2,farmbot_uzk,48,"1721288839,30005","30,26","41,2","8204,7",1261,82643714,82644975,FALSCH,"0,094","0,09","0,004","0,006",14,control,"22,5","2,2022","2,56",3,7,10,WAHR,425
image_769.png,2,farmbot_uzk,49,"1721288642,25583","30,12","41,2","8326,5",1280,83888940,83890220,FALSCH,"0,446","0,42","0,026","0,025",14,control,"16,15385","11,6095","12,2385",6,8,14,WAHR,426
image_770.png,2,farmbot_uzk,49,"1721289700,69762","29,6","42,4","2501,2",464,30409614,30410078,FALSCH,"0,446","0,42","0,026","0,025",14,control,"16,15385","11,6095","12,2385",6,8,14,FALSCH,426
image_771.png,2,farmbot_uzk,50,"1721289700,69762","29,6","42,4","2501,2",464,30409614,30410078,FALSCH,"0,544","0,501","0,043","0,026",14,control,"11,65116","11,5634","12,1335",4,11,15,FALSCH,427
image_772.png,2,farmbot_uzk,50,"1721288642,25583","30,12","41,2","8326,5",1280,83888940,83890220,FALSCH,"0,544","0,501","0,043","0,026",14,control,"11,65116","11,5634","12,1335",4,11,15,WAHR,427
image_773.png,2,farmbot_uzk,51,"1721289700,69762","29,6","42,4","2501,2",464,30409614,30410078,FALSCH,"0,669","0,598","0,071","0,032",14,control,"8,42254","13,6678","15,0986",5,10,15,FALSCH,428
image_774.png,2,farmbot_uzk,51,"1721288642,25583","30,12","41,2","8326,5",1280,83888940,83890220,FALSCH,"0,669","0,598","0,071","0,032",14,control,"8,42254","13,6678","15,0986",5,10,15,WAHR,428
image_775.png,2,farmbot_uzk,52,"1721288642,25583","30,12","41,2","8326,5",1280,83888940,83890220,FALSCH,"0,48","0,441","0,039","0,03",14,control,"11,30769","9,6498","11,7614",5,7,12,WAHR,429
image_776.png,2,farmbot_uzk,52,"1721289700,69762","29,6","42,4","2501,2",464,30409614,30410078,FALSCH,"0,48","0,441","0,039","0,03",14,control,"11,30769","9,6498","11,7614",5,7,12,FALSCH,429
image_777.png,2,farmbot_uzk,53,"1721289700,69762","29,6","42,4","2501,2",464,30409614,30410078,FALSCH,"0,535","0,5114","0,0236","0,032",14,control,"21,66949","12,7566","13,9815",3,7,10,FALSCH,430
image_778.png,2,farmbot_uzk,53,"1721288642,25583","30,12","41,2","8326,5",1280,83888940,83890220,FALSCH,"0,535","0,5114","0,0236","0,032",14,control,"21,66949","12,7566","13,9815",3,7,10,WAHR,430
image_779.png,2,farmbot_uzk,54,"1721288642,25583","30,12","41,2","8326,5",1280,83888940,83890220,FALSCH,"0,311","0,258","0,053","0,018",14,control,"4,86792","7,9435","8,5295",5,7,12,WAHR,431
image_780.png,2,farmbot_uzk,54,"1721289700,69762","29,6","42,4","2501,2",464,30409614,30410078,FALSCH,"0,311","0,258","0,053","0,018",14,control,"4,86792","7,9435","8,5295",5,7,12,FALSCH,431
image_781.png,2,farmbot_uzk,55,"1721288806,23162","30,3","40,8","8189,7",1248,81791734,81792982,FALSCH,"0,285","0,259","0,026","0,019",14,control,"9,96154","9,0773","9,7012",4,7,11,WAHR,432
image_782.png,2,farmbot_uzk,55,"1721289864,9268","29,1","43,3","2184,4",390,25559825,25560215,FALSCH,"0,285","0,259","0,026","0,019",14,control,"9,96154","9,0773","9,7012",4,7,11,FALSCH,432
image_783.png,2,farmbot_uzk,56,"1721288806,23162","30,3","40,8","8189,7",1248,81791734,81792982,FALSCH,"0,278","0,254","0,024","0,017",14,control,"10,58333","8,13","7,618",4,6,10,WAHR,433
image_784.png,2,farmbot_uzk,56,"1721289864,9268","29,1","43,3","2184,4",390,25559825,25560215,FALSCH,"0,278","0,254","0,024","0,017",14,control,"10,58333","8,13","7,618",4,6,10,FALSCH,433
image_785.png,2,farmbot_uzk,57,"1721289864,9268","29,1","43,3","2184,4",390,25559825,25560215,FALSCH,"0,593","0,551","0,042","0,029",14,control,"13,11905","13,4395","15,0159",3,9,12,FALSCH,434
image_786.png,2,farmbot_uzk,57,"1721288806,23162","30,3","40,8","8189,7",1248,81791734,81792982,FALSCH,"0,593","0,551","0,042","0,029",14,control,"13,11905","13,4395","15,0159",3,9,12,WAHR,434
image_787.png,2,farmbot_uzk,58,"1721288806,23162","30,3","40,8","8189,7",1248,81791734,81792982,FALSCH,"0,207","0,166","0,041","0,011",14,control,"4,04878","5,4136","5,6097",4,7,11,WAHR,435
image_788.png,2,farmbot_uzk,58,"1721289864,9268","29,1","43,3","2184,4",390,25559825,25560215,FALSCH,"0,207","0,166","0,041","0,011",14,control,"4,04878","5,4136","5,6097",4,7,11,FALSCH,435
image_789.png,2,farmbot_uzk,59,"1721288806,23162","30,3","40,8","8189,7",1248,81791734,81792982,FALSCH,"0,586","0,562","0,024","0,036",14,control,"23,41667","12,7111","14,0445",2,10,12,WAHR,436
image_790.png,2,farmbot_uzk,59,"1721289864,9268","29,1","43,3","2184,4",390,25559825,25560215,FALSCH,"0,586","0,562","0,024","0,036",14,control,"23,41667","12,7111","14,0445",2,10,12,FALSCH,436
image_791.png,2,farmbot_uzk,60,"1721288806,23162","30,3","40,8","8189,7",1248,81791734,81792982,FALSCH,"0,341","0,283","0,058","0,016",14,control,"4,87931","8,4005","8,7441",5,6,11,WAHR,437
image_792.png,2,farmbot_uzk,60,"1721289864,9268","29,1","43,3","2184,4",390,25559825,25560215,FALSCH,"0,341","0,283","0,058","0,016",14,control,"4,87931","8,4005","8,7441",5,6,11,FALSCH,437
image_793.png,2,farmbot_uzk,61,"1721288674,87966","30,46","40,6","8295,1",1267,83036956,83038223,FALSCH,"0,3","0,286","0,014","0,019",14,control,"20,42857","9,0895","8,9582",4,6,10,WAHR,438
image_794.png,2,farmbot_uzk,61,"1721289734,65129","29,42",43,"2459,4",455,29819774,29820229,FALSCH,"0,3","0,286","0,014","0,019",14,control,"20,42857","9,0895","8,9582",4,6,10,FALSCH,438
image_795.png,2,farmbot_uzk,62,"1721289734,65129","29,42",43,"2459,4",455,29819774,29820229,FALSCH,"0,445","0,41","0,035","0,025",14,control,"11,71429","9,5592","11,5838",4,6,10,FALSCH,439
image_796.png,2,farmbot_uzk,62,"1721288674,87966","30,46","40,6","8295,1",1267,83036956,83038223,FALSCH,"0,445","0,41","0,035","0,025",14,control,"11,71429","9,5592","11,5838",4,6,10,WAHR,439
image_797.png,2,farmbot_uzk,63,"1721288674,87966","30,46","40,6","8295,1",1267,83036956,83038223,FALSCH,"0,73","0,699","0,031","0,033",14,control,"22,54839","18,5583","15,2346",4,11,15,WAHR,440
image_798.png,2,farmbot_uzk,63,"1721289734,65129","29,42",43,"2459,4",455,29819774,29820229,FALSCH,"0,73","0,699","0,031","0,033",14,control,"22,54839","18,5583","15,2346",4,11,15,FALSCH,440
image_799.png,2,farmbot_uzk,64,"1721288674,87966","30,46","40,6","8295,1",1267,83036956,83038223,FALSCH,"0,721","0,646","0,075","0,041",14,control,"8,61333","14,9932","16,7218",4,9,13,WAHR,441
image_800.png,2,farmbot_uzk,64,"1721289734,65129","29,42",43,"2459,4",455,29819774,29820229,FALSCH,"0,721","0,646","0,075","0,041",14,control,"8,61333","14,9932","16,7218",4,9,13,FALSCH,441
image_801.png,2,farmbot_uzk,65,"1721288674,87966","30,46","40,6","8295,1",1267,83036956,83038223,FALSCH,"0,556","0,525","0,031","0,031",14,control,"16,93548","13,7641","13,3288",3,11,14,WAHR,442
image_802.png,2,farmbot_uzk,65,"1721289734,65129","29,42",43,"2459,4",455,29819774,29820229,FALSCH,"0,556","0,525","0,031","0,031",14,control,"16,93548","13,7641","13,3288",3,11,14,FALSCH,442
image_803.png,2,farmbot_uzk,66,"1721289734,65129","29,42",43,"2459,4",455,29819774,29820229,FALSCH,"0,541","0,51","0,031","0,029",14,control,"16,45161","12,2268","12,6932",5,8,13,FALSCH,443
image_804.png,2,farmbot_uzk,66,"1721288674,87966","30,46","40,6","8295,1",1267,83036956,83038223,FALSCH,"0,541","0,51","0,031","0,029",14,control,"16,45161","12,2268","12,6932",5,8,13,WAHR,443
image_805.png,2,farmbot_uzk,67,"1721289831,45776","29,02","43,8","2465,6",462,30278532,30278994,FALSCH,"0,429","0,405","0,024","0,023",14,control,"16,875","10,9961","11,0458",4,9,13,FALSCH,444
image_806.png,2,farmbot_uzk,67,"1721288772,09737","30,44","41,2","8312,4",1276,83626790,83628066,FALSCH,"0,429","0,405","0,024","0,023",14,control,"16,875","10,9961","11,0458",4,9,13,WAHR,444
image_807.png,2,farmbot_uzk,68,"1721289831,45776","29,02","43,8","2465,6",462,30278532,30278994,FALSCH,"0,722","0,685","0,037","0,035",14,control,"18,51351","14,4567","14,8533",5,7,12,FALSCH,445
image_808.png,2,farmbot_uzk,68,"1721288772,09737","30,44","41,2","8312,4",1276,83626790,83628066,FALSCH,"0,722","0,685","0,037","0,035",14,control,"18,51351","14,4567","14,8533",5,7,12,WAHR,445
image_809.png,2,farmbot_uzk,69,"1721288772,09737","30,44","41,2","8312,4",1276,83626790,83628066,FALSCH,"0,612","0,576","0,036","0,033",14,control,16,"13,3084","14,854",3,10,13,WAHR,446
image_810.png,2,farmbot_uzk,69,"1721289831,45776","29,02","43,8","2465,6",462,30278532,30278994,FALSCH,"0,612","0,576","0,036","0,033",14,control,16,"13,3084","14,854",3,10,13,FALSCH,446
image_811.png,2,farmbot_uzk,70,"1721289831,45776","29,02","43,8","2465,6",462,30278532,30278994,FALSCH,"0,395","0,361","0,034","0,0287",14,control,"10,61765","11,1925","10,499",5,7,12,FALSCH,447
image_812.png,2,farmbot_uzk,70,"1721288772,09737","30,44","41,2","8312,4",1276,83626790,83628066,FALSCH,"0,395","0,361","0,034","0,0287",14,control,"10,61765","11,1925","10,499",5,7,12,WAHR,447
image_813.png,2,farmbot_uzk,71,"1721288772,09737","30,44","41,2","8312,4",1276,83626790,83628066,FALSCH,"0,6","0,5553","0,0447","0,035",14,control,"12,42282","15,9253","15,5719",4,10,14,WAHR,448
image_814.png,2,farmbot_uzk,71,"1721289831,45776","29,02","43,8","2465,6",462,30278532,30278994,FALSCH,"0,6","0,5553","0,0447","0,035",14,control,"12,42282","15,9253","15,5719",4,10,14,FALSCH,448
image_815.png,2,farmbot_uzk,72,"1721289831,45776","29,02","43,8","2465,6",462,30278532,30278994,FALSCH,"0,708","0,676","0,032","0,048",14,control,"21,125","15,388","18,1872",4,13,17,FALSCH,449
image_816.png,2,farmbot_uzk,72,"1721288772,09737","30,44","41,2","8312,4",1276,83626790,83628066,FALSCH,"0,708","0,676","0,032","0,048",14,control,"21,125","15,388","18,1872",4,13,17,WAHR,449
image_817.png,2,farmbot_uzk,73,"1721288708,93454","30,64","40,4","8280,6",1271,83299099,83300370,FALSCH,"0,511","0,469","0,042","0,044",14,control,"11,16667","13,2747","13,2171",3,11,14,WAHR,450
image_818.png,2,farmbot_uzk,73,"1721289766,78288","29,33","43,4","2389,9",441,28902244,28902685,FALSCH,"0,511","0,469","0,042","0,044",14,control,"11,16667","13,2747","13,2171",3,11,14,FALSCH,450
image_819.png,2,farmbot_uzk,74,"1721288708,93454","30,64","40,4","8280,6",1271,83299099,83300370,FALSCH,"0,579","0,548","0,031","0,034",14,control,"17,67742","13,7208","13,9765",4,9,13,WAHR,451
image_820.png,2,farmbot_uzk,74,"1721289766,78288","29,33","43,4","2389,9",441,28902244,28902685,FALSCH,"0,579","0,548","0,031","0,034",14,control,"17,67742","13,7208","13,9765",4,9,13,FALSCH,451
image_821.png,2,farmbot_uzk,75,"1721289766,78288","29,33","43,4","2389,9",441,28902244,28902685,FALSCH,"0,427","0,412","0,015","0,027",14,control,"27,46667","11,3986","11,0266",4,9,13,FALSCH,452
image_822.png,2,farmbot_uzk,75,"1721288708,93454","30,64","40,4","8280,6",1271,83299099,83300370,FALSCH,"0,427","0,412","0,015","0,027",14,control,"27,46667","11,3986","11,0266",4,9,13,WAHR,452
image_823.png,2,farmbot_uzk,76,"1721288708,93454","30,64","40,4","8280,6",1271,83299099,83300370,FALSCH,"0,386","0,365","0,021","0,026",14,control,"17,38095","10,4003","10,5876",4,9,13,WAHR,453
image_824.png,2,farmbot_uzk,76,"1721289766,78288","29,33","43,4","2389,9",441,28902244,28902685,FALSCH,"0,386","0,365","0,021","0,026",14,control,"17,38095","10,4003","10,5876",4,9,13,FALSCH,453
image_825.png,2,farmbot_uzk,77,"1721288708,93454","30,64","40,4","8280,6",1271,83299099,83300370,FALSCH,"0,358","0,339","0,019","0,023",14,control,"17,84211","10,1064","9,2851",4,10,14,WAHR,454
image_826.png,2,farmbot_uzk,77,"1721289766,78288","29,33","43,4","2389,9",441,28902244,28902685,FALSCH,"0,358","0,339","0,019","0,023",14,control,"17,84211","10,1064","9,2851",4,10,14,FALSCH,454
image_827.png,2,farmbot_uzk,78,"1721289766,78288","29,33","43,4","2389,9",441,28902244,28902685,FALSCH,"0,554","0,455","0,099","0,032",14,control,"4,59596","11,9661","12,2328",4,8,12,FALSCH,455
image_828.png,2,farmbot_uzk,78,"1721288708,93454","30,64","40,4","8280,6",1271,83299099,83300370,FALSCH,"0,554","0,455","0,099","0,032",14,control,"4,59596","11,9661","12,2328",4,8,12,WAHR,455
image_829.png,2,farmbot_uzk,79,"1721288739,42335","30,47","40,7",8214,1259,82512643,82513902,FALSCH,"0,312","0,292","0,02","0,023",14,control,"14,6","8,398","9,256",4,10,14,WAHR,456
image_830.png,2,farmbot_uzk,79,"1721289797,18475","29,11","43,6","2496,3",469,30737296,30737765,FALSCH,"0,312","0,292","0,02","0,023",14,control,"14,6","8,398","9,256",4,10,14,FALSCH,456
image_831.png,2,farmbot_uzk,80,"1721288739,42335","30,47","40,7",8214,1259,82512643,82513902,FALSCH,"0,265","0,242","0,023","0,018",14,control,"10,52174","6,5207","5,594",4,6,10,WAHR,457
image_832.png,2,farmbot_uzk,80,"1721289797,18475","29,11","43,6","2496,3",469,30737296,30737765,FALSCH,"0,265","0,242","0,023","0,018",14,control,"10,52174","6,5207","5,594",4,6,10,FALSCH,457
image_833.png,2,farmbot_uzk,81,"1721288739,42335","30,47","40,7",8214,1259,82512643,82513902,FALSCH,"0,379","0,358","0,021","0,023",14,control,"17,04762","9,7618","10,643",5,8,13,WAHR,458
image_834.png,2,farmbot_uzk,81,"1721289797,18475","29,11","43,6","2496,3",469,30737296,30737765,FALSCH,"0,379","0,358","0,021","0,023",14,control,"17,04762","9,7618","10,643",5,8,13,FALSCH,458
image_835.png,2,farmbot_uzk,82,"1721288739,42335","30,47","40,7",8214,1259,82512643,82513902,FALSCH,"0,456","0,325","0,131","0,039",14,control,"2,48092","12,7547","12,8127",5,7,12,WAHR,459
image_836.png,2,farmbot_uzk,82,"1721289797,18475","29,11","43,6","2496,3",469,30737296,30737765,FALSCH,"0,456","0,325","0,131","0,039",14,control,"2,48092","12,7547","12,8127",5,7,12,FALSCH,459
image_837.png,2,farmbot_uzk,83,"1721289797,18475","29,11","43,6","2496,3",469,30737296,30737765,FALSCH,"0,242","0,223","0,019","0,017",14,control,"11,73684","6,5994","6,6436",4,7,11,FALSCH,460
image_838.png,2,farmbot_uzk,83,"1721288739,42335","30,47","40,7",8214,1259,82512643,82513902,FALSCH,"0,242","0,223","0,019","0,017",14,control,"11,73684","6,5994","6,6436",4,7,11,WAHR,460
image_839.png,2,farmbot_uzk,84,"1721288739,42335","30,47","40,7",8214,1259,82512643,82513902,FALSCH,"0,644","0,585","0,059","0,039",14,control,"9,91525","15,8117","14,3809",5,10,15,WAHR,461
image_840.png,2,farmbot_uzk,84,"1721289797,18475","29,11","43,6","2496,3",469,30737296,30737765,FALSCH,"0,644","0,585","0,059","0,039",14,control,"9,91525","15,8117","14,3809",5,10,15,FALSCH,461
image_841.png,2,farmbot_uzk_2,1,"1720597569,88025","26,3725490196079","63,3173113603418","3854,4576",627,41092418,41093045,FALSCH,"0,021","0,017","0,004",0,7,control,"4,25","0,5327",0,4,4,8,WAHR,378
image_842.png,2,farmbot_uzk_2,1,"1720599538,59452","26,9386587319753","59,3789578088045","1948,1184",368,24117961,24118329,FALSCH,"0,021","0,017","0,004",0,7,control,"4,25","0,5327",0,4,4,8,FALSCH,378
image_843.png,2,farmbot_uzk_2,2,"1720599538,59452","26,9386587319753","59,3789578088045","1948,1184",368,24117961,24118329,FALSCH,"0,021","0,016","0,005",0,7,control,"3,2","0,7215",0,3,5,8,FALSCH,379
image_844.png,2,farmbot_uzk_2,2,"1720597569,88025","26,3725490196079","63,3173113603418","3854,4576",627,41092418,41093045,FALSCH,"0,021","0,016","0,005",0,7,control,"3,2","0,7215",0,3,5,8,WAHR,379
image_845.png,2,farmbot_uzk_2,3,"1720599538,59452","26,9386587319753","59,3789578088045","1948,1184",368,24117961,24118329,FALSCH,"0,022","0,013","0,009",0,7,control,"1,44444","0,6007",0,2,6,8,FALSCH,380
image_846.png,2,farmbot_uzk_2,3,"1720597569,88025","26,3725490196079","63,3173113603418","3854,4576",627,41092418,41093045,FALSCH,"0,022","0,013","0,009",0,7,control,"1,44444","0,6007",0,2,6,8,WAHR,380
image_847.png,2,farmbot_uzk_2,4,"1720599538,59452","26,9386587319753","59,3789578088045","1948,1184",368,24117961,24118329,FALSCH,"0,024","0,016","0,008",0,7,control,2,"0,6396",0,4,5,9,FALSCH,381
image_848.png,2,farmbot_uzk_2,4,"1720597569,88025","26,3725490196079","63,3173113603418","3854,4576",627,41092418,41093045,FALSCH,"0,024","0,016","0,008",0,7,control,2,"0,6396",0,4,5,9,WAHR,381
image_849.png,2,farmbot_uzk_2,5,"1720597569,88025","26,3725490196079","63,3173113603418","3854,4576",627,41092418,41093045,FALSCH,"0,02","0,013","0,007",0,7,control,"1,85714","0,5652",0,2,6,8,WAHR,382
image_850.png,2,farmbot_uzk_2,5,"1720599538,59452","26,9386587319753","59,3789578088045","1948,1184",368,24117961,24118329,FALSCH,"0,02","0,013","0,007",0,7,control,"1,85714","0,5652",0,2,6,8,FALSCH,382
image_851.png,2,farmbot_uzk_2,6,"1720599538,59452","26,9386587319753","59,3789578088045","1948,1184",368,24117961,24118329,FALSCH,"0,043","0,013","0,03",0,7,control,"0,43333","0,5359",0,2,6,8,FALSCH,383
image_852.png,2,farmbot_uzk_2,6,"1720597569,88025","26,3725490196079","63,3173113603418","3854,4576",627,41092418,41093045,FALSCH,"0,043","0,013","0,03",0,7,control,"0,43333","0,5359",0,2,6,8,WAHR,383
image_853.png,2,farmbot_uzk_2,7,"1720597805,09875","26,7704280155642","62,9633020523384","3826,3872",619,40568118,40568737,FALSCH,"0,012","0,009","0,003",0,7,control,3,"0,3821",0,4,4,8,WAHR,384
image_854.png,2,farmbot_uzk_2,7,"1720599769,91238","27,1362630655375","59,5040817883574","2062,1952",404,26477308,26477712,FALSCH,"0,012","0,009","0,003",0,7,control,3,"0,3821",0,4,4,8,FALSCH,384
image_855.png,2,farmbot_uzk_2,8,"1720599769,91238","27,1362630655375","59,5040817883574","2062,1952",404,26477308,26477712,FALSCH,"0,018","0,011","0,007","0,002",7,control,"1,57143","0,77",0,4,5,9,FALSCH,385
image_856.png,2,farmbot_uzk_2,8,"1720597805,09875","26,7704280155642","62,9633020523384","3826,3872",619,40568118,40568737,FALSCH,"0,018","0,011","0,007","0,002",7,control,"1,57143","0,77",0,4,5,9,WAHR,385
image_857.png,2,farmbot_uzk_2,9,"1720599769,91238","27,1362630655375","59,5040817883574","2062,1952",404,26477308,26477712,FALSCH,"0,014","0,008","0,006",0,7,control,"1,33333","0,5421",0,4,4,8,FALSCH,386
image_858.png,2,farmbot_uzk_2,9,"1720597805,09875","26,7704280155642","62,9633020523384","3826,3872",619,40568118,40568737,FALSCH,"0,014","0,008","0,006",0,7,control,"1,33333","0,5421",0,4,4,8,WAHR,386
image_859.png,2,farmbot_uzk_2,10,"1720599769,91238","27,1362630655375","59,5040817883574","2062,1952",404,26477308,26477712,FALSCH,"0,031","0,012","0,019","0,001",7,control,"0,63158","0,5401",0,4,5,9,FALSCH,387
image_860.png,2,farmbot_uzk_2,10,"1720597805,09875","26,7704280155642","62,9633020523384","3826,3872",619,40568118,40568737,FALSCH,"0,031","0,012","0,019","0,001",7,control,"0,63158","0,5401",0,4,5,9,WAHR,387
image_861.png,2,farmbot_uzk_2,11,"1720597805,09875","26,7704280155642","62,9633020523384","3826,3872",619,40568118,40568737,FALSCH,"0,012","0,008","0,004",0,7,control,2,"0,4536",0,4,4,8,WAHR,388
image_862.png,2,farmbot_uzk_2,11,"1720599769,91238","27,1362630655375","59,5040817883574","2062,1952",404,26477308,26477712,FALSCH,"0,012","0,008","0,004",0,7,control,2,"0,4536",0,4,4,8,FALSCH,388
image_863.png,2,farmbot_uzk_2,12,"1720599769,91238","27,1362630655375","59,5040817883574","2062,1952",404,26477308,26477712,FALSCH,"0,016","0,01","0,006","0,001",7,control,"1,66667","0,4992",0,2,5,7,FALSCH,389
image_864.png,2,farmbot_uzk_2,12,"1720597805,09875","26,7704280155642","62,9633020523384","3826,3872",619,40568118,40568737,FALSCH,"0,016","0,01","0,006","0,001",7,control,"1,66667","0,4992",0,2,5,7,WAHR,389
image_865.png,2,farmbot_uzk_2,13,"1720599576,72355","27,0374608987564","58,7396047913329","2018,1312",374,24511198,24511572,FALSCH,"0,03","0,015","0,015","0,002",7,control,1,"0,7371",0,3,6,9,FALSCH,390
image_866.png,2,farmbot_uzk_2,13,"1720597608,18203","26,3164721141375","63,2013427939269","4373,76",725,47515136,47515861,FALSCH,"0,03","0,015","0,015","0,002",7,control,1,"0,7371",0,3,6,9,WAHR,390
image_867.png,2,farmbot_uzk_2,14,"1720597608,18203","26,3164721141375","63,2013427939269","4373,76",725,47515136,47515861,FALSCH,"0,036","0,013","0,023","0,001",7,control,"0,56522","0,6939",0,3,6,9,WAHR,391
image_868.png,2,farmbot_uzk_2,14,"1720599576,72355","27,0374608987564","58,7396047913329","2018,1312",374,24511198,24511572,FALSCH,"0,036","0,013","0,023","0,001",7,control,"0,56522","0,6939",0,3,6,9,FALSCH,391
image_869.png,2,farmbot_uzk_2,15,"1720599576,72355","27,0374608987564","58,7396047913329","2018,1312",374,24511198,24511572,FALSCH,"0,046","0,017","0,029","0,001",7,control,"0,58621","0,6102",0,4,5,9,FALSCH,392
image_870.png,2,farmbot_uzk_2,15,"1720597608,18203","26,3164721141375","63,2013427939269","4373,76",725,47515136,47515861,FALSCH,"0,046","0,017","0,029","0,001",7,control,"0,58621","0,6102",0,4,5,9,WAHR,392
image_871.png,2,farmbot_uzk_2,16,"1720597608,18203","26,3164721141375","63,2013427939269","4373,76",725,47515136,47515861,FALSCH,"0,027","0,013","0,014","0,001",7,control,"0,92857","0,5131",0,3,5,8,WAHR,393
image_872.png,2,farmbot_uzk_2,16,"1720599576,72355","27,0374608987564","58,7396047913329","2018,1312",374,24511198,24511572,FALSCH,"0,027","0,013","0,014","0,001",7,control,"0,92857","0,5131",0,3,5,8,FALSCH,393
image_873.png,2,farmbot_uzk_2,17,"1720597608,18203","26,3164721141375","63,2013427939269","4373,76",725,47515136,47515861,FALSCH,"0,035","0,015","0,02",0,7,control,"0,75","0,5737",0,2,4,6,WAHR,394
image_874.png,2,farmbot_uzk_2,17,"1720599576,72355","27,0374608987564","58,7396047913329","2018,1312",374,24511198,24511572,FALSCH,"0,035","0,015","0,02",0,7,control,"0,75","0,5737",0,2,4,6,FALSCH,394
image_875.png,2,farmbot_uzk_2,18,"1720599576,72355","27,0374608987564","58,7396047913329","2018,1312",374,24511198,24511572,FALSCH,"0,029","0,018","0,011","0,001",7,control,"1,63636","0,715",0,3,5,8,FALSCH,395
image_876.png,2,farmbot_uzk_2,18,"1720597608,18203","26,3164721141375","63,2013427939269","4373,76",725,47515136,47515861,FALSCH,"0,029","0,018","0,011","0,001",7,control,"1,63636","0,715",0,3,5,8,WAHR,395
image_877.png,2,farmbot_uzk_2,19,"1720599731,6446","27,0214389257649","59,6459906919966","2014,0512",374,24511197,24511571,FALSCH,"0,021","0,018","0,003",0,7,control,6,"0,5421",0,2,4,6,FALSCH,396
image_878.png,2,farmbot_uzk_2,19,"1720597764,75056","26,7277027542535","62,6626993209735","4069,0656",662,43386253,43386915,FALSCH,"0,021","0,018","0,003",0,7,control,6,"0,5421",0,2,4,6,WAHR,396
image_879.png,2,farmbot_uzk_2,20,"1720597764,75056","26,7277027542535","62,6626993209735","4069,0656",662,43386253,43386915,FALSCH,"0,02","0,015","0,005",0,7,control,3,"0,4572",0,4,3,7,WAHR,397
image_880.png,2,farmbot_uzk_2,20,"1720599731,6446","27,0214389257649","59,6459906919966","2014,0512",374,24511197,24511571,FALSCH,"0,02","0,015","0,005",0,7,control,3,"0,4572",0,4,3,7,FALSCH,397
image_881.png,2,farmbot_uzk_2,21,"1720597764,75056","26,7277027542535","62,6626993209735","4069,0656",662,43386253,43386915,FALSCH,"0,02","0,015","0,005","0,001",7,control,3,"0,5648",0,3,4,7,WAHR,398
image_882.png,2,farmbot_uzk_2,21,"1720599731,6446","27,0214389257649","59,6459906919966","2014,0512",374,24511197,24511571,FALSCH,"0,02","0,015","0,005","0,001",7,control,3,"0,5648",0,3,4,7,FALSCH,398
image_883.png,2,farmbot_uzk_2,22,"1720599731,6446","27,0214389257649","59,6459906919966","2014,0512",374,24511197,24511571,FALSCH,"0,028","0,017","0,011","0,001",7,control,"1,54545","0,5323",0,3,4,7,FALSCH,399
image_884.png,2,farmbot_uzk_2,22,"1720597764,75056","26,7277027542535","62,6626993209735","4069,0656",662,43386253,43386915,FALSCH,"0,028","0,017","0,011","0,001",7,control,"1,54545","0,5323",0,3,4,7,WAHR,399
image_885.png,2,farmbot_uzk_2,23,"1720597764,75056","26,7277027542535","62,6626993209735","4069,0656",662,43386253,43386915,FALSCH,"0,014","0,009","0,005",0,7,control,"1,8","0,296",0,2,5,7,WAHR,400
image_886.png,2,farmbot_uzk_2,23,"1720599731,6446","27,0214389257649","59,6459906919966","2014,0512",374,24511197,24511571,FALSCH,"0,014","0,009","0,005",0,7,control,"1,8","0,296",0,2,5,7,FALSCH,400
image_887.png,2,farmbot_uzk_2,24,"1720599731,6446","27,0214389257649","59,6459906919966","2014,0512",374,24511197,24511571,FALSCH,"0,026","0,016","0,01","0,001",7,control,"1,6","0,4308",0,2,4,6,FALSCH,401
image_888.png,2,farmbot_uzk_2,24,"1720597764,75056","26,7277027542535","62,6626993209735","4069,0656",662,43386253,43386915,FALSCH,"0,026","0,016","0,01","0,001",7,control,"1,6","0,4308",0,2,4,6,WAHR,401
image_889.png,2,farmbot_uzk_2,25,"1720597647,84718","26,471351186389","62,7664606698711","4560,7872",769,50398794,50399563,FALSCH,"0,018","0,015","0,003","0,002",7,control,5,"0,5629",0,2,7,9,WAHR,402
image_890.png,2,farmbot_uzk_2,25,"1720599613,87257","26,9253070878157","59,4125276569772","2002,464",380,24904414,24904794,FALSCH,"0,018","0,015","0,003","0,002",7,control,5,"0,5629",0,2,7,9,FALSCH,402
image_891.png,2,farmbot_uzk_2,26,"1720597647,84718","26,471351186389","62,7664606698711","4560,7872",769,50398794,50399563,FALSCH,"0,034","0,016","0,018","0,001",7,control,"0,88889","0,7079",0,4,3,7,WAHR,403
image_892.png,2,farmbot_uzk_2,26,"1720599613,87257","26,9253070878157","59,4125276569772","2002,464",380,24904414,24904794,FALSCH,"0,034","0,016","0,018","0,001",7,control,"0,88889","0,7079",0,4,3,7,FALSCH,403
image_893.png,2,farmbot_uzk_2,27,"1720597647,84718","26,471351186389","62,7664606698711","4560,7872",769,50398794,50399563,FALSCH,"0,02","0,019","0,001","0,001",7,control,19,"0,3623",0,2,4,6,WAHR,404
image_894.png,2,farmbot_uzk_2,27,"1720599613,87257","26,9253070878157","59,4125276569772","2002,464",380,24904414,24904794,FALSCH,"0,02","0,019","0,001","0,001",7,control,19,"0,3623",0,2,4,6,FALSCH,404
image_895.png,2,farmbot_uzk_2,28,"1720599613,87257","26,9253070878157","59,4125276569772","2002,464",380,24904414,24904794,FALSCH,"0,029","0,018","0,011","0,001",7,control,"1,63636","0,4493",0,2,7,9,FALSCH,405
image_896.png,2,farmbot_uzk_2,28,"1720597647,84718","26,471351186389","62,7664606698711","4560,7872",769,50398794,50399563,FALSCH,"0,029","0,018","0,011","0,001",7,control,"1,63636","0,4493",0,2,7,9,WAHR,405
image_897.png,2,farmbot_uzk_2,29,"1720599613,87257","26,9253070878157","59,4125276569772","2002,464",380,24904414,24904794,FALSCH,"0,024","0,022","0,002","0,001",7,control,11,"0,6348",0,3,5,8,FALSCH,406
image_898.png,2,farmbot_uzk_2,29,"1720597647,84718","26,471351186389","62,7664606698711","4560,7872",769,50398794,50399563,FALSCH,"0,024","0,022","0,002","0,001",7,control,11,"0,6348",0,3,5,8,WAHR,406
image_899.png,2,farmbot_uzk_2,30,"1720597647,84718","26,471351186389","62,7664606698711","4560,7872",769,50398794,50399563,FALSCH,"0,018","0,013","0,005",0,7,control,"2,6","0,4918",0,2,6,8,WAHR,407
image_900.png,2,farmbot_uzk_2,30,"1720599613,87257","26,9253070878157","59,4125276569772","2002,464",380,24904414,24904794,FALSCH,"0,018","0,013","0,005",0,7,control,"2,6","0,4918",0,2,6,8,FALSCH,407
image_901.png,2,farmbot_uzk_2,31,"1720599692,41184","27,050812542916","60,8163576714733","2158,6464",403,26411795,26412198,FALSCH,"0,018","0,017","0,001","0,001",7,control,17,"0,5346",0,2,5,7,FALSCH,408
image_902.png,2,farmbot_uzk_2,31,"1720597726,34949","26,6983291371023","63,1113145647364","4265,5584",693,45417937,45418630,FALSCH,"0,018","0,017","0,001","0,001",7,control,17,"0,5346",0,2,5,7,WAHR,408
image_903.png,2,farmbot_uzk_2,32,"1720599692,41184","27,050812542916","60,8163576714733","2158,6464",403,26411795,26412198,FALSCH,"0,022","0,015","0,007","0,002",7,control,"2,14286","0,4754",0,2,5,7,FALSCH,409
image_904.png,2,farmbot_uzk_2,32,"1720597726,34949","26,6983291371023","63,1113145647364","4265,5584",693,45417937,45418630,FALSCH,"0,022","0,015","0,007","0,002",7,control,"2,14286","0,4754",0,2,5,7,WAHR,409
image_905.png,2,farmbot_uzk_2,33,"1720599692,41184","27,050812542916","60,8163576714733","2158,6464",403,26411795,26412198,FALSCH,"0,019","0,011","0,008","0,001",7,control,"1,375","0,5513",0,2,5,7,FALSCH,410
image_906.png,2,farmbot_uzk_2,33,"1720597726,34949","26,6983291371023","63,1113145647364","4265,5584",693,45417937,45418630,FALSCH,"0,019","0,011","0,008","0,001",7,control,"1,375","0,5513",0,2,5,7,WAHR,410
image_907.png,2,farmbot_uzk_2,34,"1720599692,41184","27,050812542916","60,8163576714733","2158,6464",403,26411795,26412198,FALSCH,"0,028","0,016","0,012","0,002",7,control,"1,33333","0,4444",0,3,5,8,FALSCH,411
image_908.png,2,farmbot_uzk_2,34,"1720597726,34949","26,6983291371023","63,1113145647364","4265,5584",693,45417937,45418630,FALSCH,"0,028","0,016","0,012","0,002",7,control,"1,33333","0,4444",0,3,5,8,WAHR,411
image_909.png,2,farmbot_uzk_2,35,"1720599692,41184","27,050812542916","60,8163576714733","2158,6464",403,26411795,26412198,FALSCH,"0,03","0,02","0,01","0,002",7,control,2,"0,5912",0,2,5,7,FALSCH,412
image_910.png,2,farmbot_uzk_2,35,"1720597726,34949","26,6983291371023","63,1113145647364","4265,5584",693,45417937,45418630,FALSCH,"0,03","0,02","0,01","0,002",7,control,2,"0,5912",0,2,5,7,WAHR,412
image_911.png,2,farmbot_uzk_2,36,"1720599692,41184","27,050812542916","60,8163576714733","2158,6464",403,26411795,26412198,FALSCH,"0,021","0,01","0,011",0,7,control,"0,90909","0,2099",0,2,4,6,FALSCH,413
image_912.png,2,farmbot_uzk_2,36,"1720597726,34949","26,6983291371023","63,1113145647364","4265,5584",693,45417937,45418630,FALSCH,"0,021","0,01","0,011",0,7,control,"0,90909","0,2099",0,2,4,6,WAHR,413
image_913.png,2,farmbot_uzk_2,37,"1720597686,57001","26,5835049973297","62,7771419851988","4291,8336",697,45680090,45680787,FALSCH,"0,032","0,019","0,013","0,003",7,control,"1,46154","0,8052",0,2,6,8,WAHR,414
image_914.png,2,farmbot_uzk_2,37,"1720599651,85915","26,9653620202945","60,4333562218662","1992,1824",373,24445655,24446028,FALSCH,"0,032","0,019","0,013","0,003",7,control,"1,46154","0,8052",0,2,6,8,FALSCH,414
image_915.png,2,farmbot_uzk_2,38,"1720597686,57001","26,5835049973297","62,7771419851988","4291,8336",697,45680090,45680787,FALSCH,"0,037","0,021","0,016","0,002",7,control,"1,3125","0,4526",0,3,5,8,WAHR,415
image_916.png,2,farmbot_uzk_2,38,"1720599651,85915","26,9653620202945","60,4333562218662","1992,1824",373,24445655,24446028,FALSCH,"0,037","0,021","0,016","0,002",7,control,"1,3125","0,4526",0,3,5,8,FALSCH,415
image_917.png,2,farmbot_uzk_2,39,"1720599651,85915","26,9653620202945","60,4333562218662","1992,1824",373,24445655,24446028,FALSCH,"0,039","0,018","0,021","0,001",7,control,"0,85714","0,7258",0,3,5,8,FALSCH,416
image_918.png,2,farmbot_uzk_2,39,"1720597686,57001","26,5835049973297","62,7771419851988","4291,8336",697,45680090,45680787,FALSCH,"0,039","0,018","0,021","0,001",7,control,"0,85714","0,7258",0,3,5,8,WAHR,416
image_919.png,2,farmbot_uzk_2,40,"1720597686,57001","26,5835049973297","62,7771419851988","4291,8336",697,45680090,45680787,FALSCH,"0,027","0,012","0,015","0,002",7,control,"0,8","0,5912",0,1,6,7,WAHR,417
image_920.png,2,farmbot_uzk_2,40,"1720599651,85915","26,9653620202945","60,4333562218662","1992,1824",373,24445655,24446028,FALSCH,"0,027","0,012","0,015","0,002",7,control,"0,8","0,5912",0,1,6,7,FALSCH,417
image_921.png,2,farmbot_uzk_2,41,"1720597686,57001","26,5835049973297","62,7771419851988","4291,8336",697,45680090,45680787,FALSCH,"0,022","0,015","0,007","0,001",7,control,"2,14286","0,4565",0,4,3,7,WAHR,418
image_922.png,2,farmbot_uzk_2,41,"1720599651,85915","26,9653620202945","60,4333562218662","1992,1824",373,24445655,24446028,FALSCH,"0,022","0,015","0,007","0,001",7,control,"2,14286","0,4565",0,4,3,7,FALSCH,418
image_923.png,2,farmbot_uzk_2,42,"1720599651,85915","26,9653620202945","60,4333562218662","1992,1824",373,24445655,24446028,FALSCH,"0,019","0,012","0,007","0,002",7,control,"1,71429","0,5629",0,3,2,5,FALSCH,419
image_924.png,2,farmbot_uzk_2,42,"1720597686,57001","26,5835049973297","62,7771419851988","4291,8336",697,45680090,45680787,FALSCH,"0,019","0,012","0,007","0,002",7,control,"1,71429","0,5629",0,3,2,5,WAHR,419
image_925.png,2,farmbot_uzk_2,43,"1721289963,73293","27,4059662775616","49,0882734416724","1779,5328",331,21693064,21693395,FALSCH,"0,599","0,47","0,129","0,028",14,control,"3,64341","9,9095","10,5393",4,5,9,FALSCH,462
image_926.png,2,farmbot_uzk_2,43,"1721289453,00725","28,041504539559","46,0898756389715","5485,4784",843,55248732,55249575,FALSCH,"0,599","0,47","0,129","0,028",14,control,"3,64341","9,9095","10,5393",4,5,9,WAHR,462
image_927.png,2,farmbot_uzk_2,44,"1721289453,00725","28,041504539559","46,0898756389715","5485,4784",843,55248732,55249575,FALSCH,"0,781","0,716","0,065","0,039",14,control,"11,01538","15,1125","14,9896",5,8,13,WAHR,463
image_928.png,2,farmbot_uzk_2,44,"1721289963,73293","27,4059662775616","49,0882734416724","1779,5328",331,21693064,21693395,FALSCH,"0,781","0,716","0,065","0,039",14,control,"11,01538","15,1125","14,9896",5,8,13,FALSCH,463
image_929.png,2,farmbot_uzk_2,45,"1721289963,73293","27,4059662775616","49,0882734416724","1779,5328",331,21693064,21693395,FALSCH,"0,443","0,419","0,024","0,037",14,control,"17,45833","14,2046","14,1204",4,10,14,FALSCH,464
image_930.png,2,farmbot_uzk_2,45,"1721289453,00725","28,041504539559","46,0898756389715","5485,4784",843,55248732,55249575,FALSCH,"0,443","0,419","0,024","0,037",14,control,"17,45833","14,2046","14,1204",4,10,14,WAHR,464
image_931.png,2,farmbot_uzk_2,46,"1721289453,00725","28,041504539559","46,0898756389715","5485,4784",843,55248732,55249575,FALSCH,"0,273","0,219","0,054","0,016",14,control,"4,05556","7,1181","6,7422",2,7,9,WAHR,465
image_932.png,2,farmbot_uzk_2,46,"1721289963,73293","27,4059662775616","49,0882734416724","1779,5328",331,21693064,21693395,FALSCH,"0,273","0,219","0,054","0,016",14,control,"4,05556","7,1181","6,7422",2,7,9,FALSCH,465
image_933.png,2,farmbot_uzk_2,47,"1721289453,00725","28,041504539559","46,0898756389715","5485,4784",843,55248732,55249575,FALSCH,"0,444","0,391","0,053","0,028",14,control,"7,37736","12,1655","11,4601",4,7,11,WAHR,466
image_934.png,2,farmbot_uzk_2,47,"1721289963,73293","27,4059662775616","49,0882734416724","1779,5328",331,21693064,21693395,FALSCH,"0,444","0,391","0,053","0,028",14,control,"7,37736","12,1655","11,4601",4,7,11,FALSCH,466
image_935.png,2,farmbot_uzk_2,48,"1721289963,73293","27,4059662775616","49,0882734416724","1779,5328",331,21693064,21693395,FALSCH,"0,675","0,552","0,123","0,04",14,control,"4,4878","16,7778","15,501",4,8,12,FALSCH,467
image_936.png,2,farmbot_uzk_2,48,"1721289453,00725","28,041504539559","46,0898756389715","5485,4784",843,55248732,55249575,FALSCH,"0,675","0,552","0,123","0,04",14,control,"4,4878","16,7778","15,501",4,8,12,WAHR,467
image_937.png,2,farmbot_uzk_2,49,"1721289829,33777","27,5608453498131","47,6508735790036","2061,3792",409,26804991,26805400,FALSCH,"0,366","0,337","0,029","0,023",14,control,"11,62069","62,788","9,5856",3,5,8,FALSCH,468
image_938.png,2,farmbot_uzk_2,49,"1721289318,52922","27,8305485618372","45,9494926375219","5462,4672",844,55314263,55315107,FALSCH,"0,366","0,337","0,029","0,023",14,control,"11,62069","62,788","9,5856",3,5,8,WAHR,468
image_939.png,2,farmbot_uzk_2,50,"1721289829,33777","27,5608453498131","47,6508735790036","2061,3792",409,26804991,26805400,FALSCH,"0,451","0,391","0,06","0,021",14,control,"6,51667","51,4351","7,1218",3,7,10,FALSCH,469
image_940.png,2,farmbot_uzk_2,50,"1721289318,52922","27,8305485618372","45,9494926375219","5462,4672",844,55314263,55315107,FALSCH,"0,451","0,391","0,06","0,021",14,control,"6,51667","51,4351","7,1218",3,7,10,WAHR,469
image_941.png,2,farmbot_uzk_2,51,"1721289318,52922","27,8305485618372","45,9494926375219","5462,4672",844,55314263,55315107,FALSCH,"0,569","0,541","0,028","0,039",14,control,"19,32143","49,1474","15,5801",3,8,11,WAHR,470
image_942.png,2,farmbot_uzk_2,51,"1721289829,33777","27,5608453498131","47,6508735790036","2061,3792",409,26804991,26805400,FALSCH,"0,569","0,541","0,028","0,039",14,control,"19,32143","49,1474","15,5801",3,8,11,FALSCH,470
image_943.png,2,farmbot_uzk_2,52,"1721289318,52922","27,8305485618372","45,9494926375219","5462,4672",844,55314263,55315107,FALSCH,"0,381","0,367","0,014","0,02",14,control,"26,21429","63,8006","8,3024",5,9,14,WAHR,471
image_944.png,2,farmbot_uzk_2,52,"1721289829,33777","27,5608453498131","47,6508735790036","2061,3792",409,26804991,26805400,FALSCH,"0,381","0,367","0,014","0,02",14,control,"26,21429","63,8006","8,3024",5,9,14,FALSCH,471
image_945.png,2,farmbot_uzk_2,53,"1721289829,33777","27,5608453498131","47,6508735790036","2061,3792",409,26804991,26805400,FALSCH,"0,41","0,382","0,028","0,022",14,control,"13,64286","49,5427","9,2758",5,5,10,FALSCH,472
image_946.png,2,farmbot_uzk_2,53,"1721289318,52922","27,8305485618372","45,9494926375219","5462,4672",844,55314263,55315107,FALSCH,"0,41","0,382","0,028","0,022",14,control,"13,64286","49,5427","9,2758",5,5,10,WAHR,472
image_947.png,2,farmbot_uzk_2,54,"1721289829,33777","27,5608453498131","47,6508735790036","2061,3792",409,26804991,26805400,FALSCH,"0,337","0,317","0,02","0,032",14,control,"15,85","78,5324","8,0003",4,8,12,FALSCH,473
image_948.png,2,farmbot_uzk_2,54,"1721289318,52922","27,8305485618372","45,9494926375219","5462,4672",844,55314263,55315107,FALSCH,"0,337","0,317","0,02","0,032",14,control,"15,85","78,5324","8,0003",4,8,12,WAHR,473
image_949.png,2,farmbot_uzk_2,55,"1721289430,40198","28,0121309224079","46,1600671396963","5548,6368",861,56428407,56429268,FALSCH,"0,701","0,596","0,105","0,044",14,control,"5,67619","18,2214","18,6927",2,10,12,WAHR,474
image_950.png,2,farmbot_uzk_2,55,"1721289941,90299","27,4193179217212","48,2688639658198","1594,7904",283,18547260,18547543,FALSCH,"0,701","0,596","0,105","0,044",14,control,"5,67619","18,2214","18,6927",2,10,12,FALSCH,474
image_951.png,2,farmbot_uzk_2,56,"1721289430,40198","28,0121309224079","46,1600671396963","5548,6368",861,56428407,56429268,FALSCH,"0,607","0,554","0,053","0,033",14,control,"10,45283","12,8769","13,8028",3,7,10,WAHR,475
image_952.png,2,farmbot_uzk_2,56,"1721289941,90299","27,4193179217212","48,2688639658198","1594,7904",283,18547260,18547543,FALSCH,"0,607","0,554","0,053","0,033",14,control,"10,45283","12,8769","13,8028",3,7,10,FALSCH,475
image_953.png,2,farmbot_uzk_2,57,"1721289430,40198","28,0121309224079","46,1600671396963","5548,6368",861,56428407,56429268,FALSCH,"0,401","0,367","0,034","0,018",14,control,"10,79412","8,1071","8,36543",4,7,11,WAHR,476
image_954.png,2,farmbot_uzk_2,57,"1721289941,90299","27,4193179217212","48,2688639658198","1594,7904",283,18547260,18547543,FALSCH,"0,401","0,367","0,034","0,018",14,control,"10,79412","8,1071","8,36543",4,7,11,FALSCH,476
image_955.png,2,farmbot_uzk_2,58,"1721289430,40198","28,0121309224079","46,1600671396963","5548,6368",861,56428407,56429268,FALSCH,"0,661","0,629","0,032","0,052",14,control,"19,65625","17,6314","17,5473",5,9,14,WAHR,477
image_956.png,2,farmbot_uzk_2,58,"1721289941,90299","27,4193179217212","48,2688639658198","1594,7904",283,18547260,18547543,FALSCH,"0,661","0,629","0,032","0,052",14,control,"19,65625","17,6314","17,5473",5,9,14,FALSCH,477
image_957.png,2,farmbot_uzk_2,59,"1721289941,90299","27,4193179217212","48,2688639658198","1594,7904",283,18547260,18547543,FALSCH,"0,277","0,243","0,034","0,022",14,control,"7,14706","8,9924","9,0589",3,8,11,FALSCH,478
image_958.png,2,farmbot_uzk_2,59,"1721289430,40198","28,0121309224079","46,1600671396963","5548,6368",861,56428407,56429268,FALSCH,"0,277","0,243","0,034","0,022",14,control,"7,14706","8,9924","9,0589",3,8,11,WAHR,478
image_959.png,2,farmbot_uzk_2,60,"1721289941,90299","27,4193179217212","48,2688639658198","1594,7904",283,18547260,18547543,FALSCH,"0,375","0,358","0,017","0,023",14,control,"21,05882","8,3314","9,6705",5,5,10,FALSCH,479
image_960.png,2,farmbot_uzk_2,60,"1721289430,40198","28,0121309224079","46,1600671396963","5548,6368",861,56428407,56429268,FALSCH,"0,375","0,358","0,017","0,023",14,control,"21,05882","8,3314","9,6705",5,5,10,WAHR,479
image_961.png,2,farmbot_uzk_2,61,"1721289340,82462","27,8999771114672","46,4835584039063","5541,9456",862,56493942,56494804,FALSCH,"0,214","0,204","0,01","0,016",14,control,"20,4","6,2752","6,2373",5,8,13,WAHR,480
image_962.png,2,farmbot_uzk_2,61,"1721289851,49087","27,5608453498131","47,1396963454643","2059,9104",408,26739454,26739862,FALSCH,"0,214","0,204","0,01","0,016",14,control,"20,4","6,2752","6,2373",5,8,13,FALSCH,480
image_963.png,2,farmbot_uzk_2,62,"1721289340,82462","27,8999771114672","46,4835584039063","5541,9456",862,56493942,56494804,FALSCH,"0,245","0,221","0,024","0,018",14,control,"9,20833","6,8258","6,704",3,7,10,WAHR,481
image_964.png,2,farmbot_uzk_2,62,"1721289851,49087","27,5608453498131","47,1396963454643","2059,9104",408,26739454,26739862,FALSCH,"0,245","0,221","0,024","0,018",14,control,"9,20833","6,8258","6,704",3,7,10,FALSCH,481
image_965.png,2,farmbot_uzk_2,63,"1721289340,82462","27,8999771114672","46,4835584039063","5541,9456",862,56493942,56494804,FALSCH,"0,245","0,236","0,009","0,018",14,control,"26,22222","7,6283","7,5337",5,5,10,WAHR,482
image_966.png,2,farmbot_uzk_2,63,"1721289851,49087","27,5608453498131","47,1396963454643","2059,9104",408,26739454,26739862,FALSCH,"0,245","0,236","0,009","0,018",14,control,"26,22222","7,6283","7,5337",5,5,10,FALSCH,482
image_967.png,2,farmbot_uzk_2,64,"1721289851,49087","27,5608453498131","47,1396963454643","2059,9104",408,26739454,26739862,FALSCH,"0,163","0,135","0,028","0,012",14,control,"4,82143","4,895","4,7808",5,6,11,FALSCH,483
image_968.png,2,farmbot_uzk_2,64,"1721289340,82462","27,8999771114672","46,4835584039063","5541,9456",862,56493942,56494804,FALSCH,"0,163","0,135","0,028","0,012",14,control,"4,82143","4,895","4,7808",5,6,11,WAHR,483
image_969.png,2,farmbot_uzk_2,65,"1721289851,49087","27,5608453498131","47,1396963454643","2059,9104",408,26739454,26739862,FALSCH,"0,144","0,135","0,009","0,014",14,control,15,"4,1148","3,7698",5,7,12,FALSCH,484
image_970.png,2,farmbot_uzk_2,65,"1721289340,82462","27,8999771114672","46,4835584039063","5541,9456",862,56493942,56494804,FALSCH,"0,144","0,135","0,009","0,014",14,control,15,"4,1148","3,7698",5,7,12,WAHR,484
image_971.png,2,farmbot_uzk_2,66,"1721289340,82462","27,8999771114672","46,4835584039063","5541,9456",862,56493942,56494804,FALSCH,"0,15","0,141","0,009","0,01",14,control,"15,66667","3,4861","3,542",5,7,12,WAHR,485
image_972.png,2,farmbot_uzk_2,66,"1721289851,49087","27,5608453498131","47,1396963454643","2059,9104",408,26739454,26739862,FALSCH,"0,15","0,141","0,009","0,01",14,control,"15,66667","3,4861","3,542",5,7,12,FALSCH,485
image_973.png,2,farmbot_uzk_2,67,"1721289917,68757","27,5448233768215","47,325856412604","1828,656",345,22610589,22610934,FALSCH,"0,277","0,271","0,006","0,014",14,control,"45,16667","9,1707","7,2945",4,9,13,FALSCH,486
image_974.png,2,farmbot_uzk_2,67,"1721289408,10187","28,0254825665675","46,2500953688869","5561,2032",864,56625020,56625884,FALSCH,"0,277","0,271","0,006","0,014",14,control,"45,16667","9,1707","7,2945",4,9,13,WAHR,486
image_975.png,2,farmbot_uzk_2,68,"1721289408,10187","28,0254825665675","46,2500953688869","5561,2032",864,56625020,56625884,FALSCH,"0,199","0,187","0,012","0,013",14,control,"15,58333","4,8387","7,5668",5,5,10,WAHR,487
image_976.png,2,farmbot_uzk_2,68,"1721289917,68757","27,5448233768215","47,325856412604","1828,656",345,22610589,22610934,FALSCH,"0,199","0,187","0,012","0,013",14,control,"15,58333","4,8387","7,5668",5,5,10,FALSCH,487
image_977.png,2,farmbot_uzk_2,69,"1721289917,68757","27,5448233768215","47,325856412604","1828,656",345,22610589,22610934,FALSCH,"0,197","0,188","0,009","0,018",14,control,"20,88889","6,6915","7,9543",5,6,11,FALSCH,488
image_978.png,2,farmbot_uzk_2,69,"1721289408,10187","28,0254825665675","46,2500953688869","5561,2032",864,56625020,56625884,FALSCH,"0,197","0,188","0,009","0,018",14,control,"20,88889","6,6915","7,9543",5,6,11,WAHR,488
image_979.png,2,farmbot_uzk_2,70,"1721289408,10187","28,0254825665675","46,2500953688869","5561,2032",864,56625020,56625884,FALSCH,"0,333","0,285","0,048","0,024",14,control,"5,9375","7,1621","11,1046",3,5,8,WAHR,489
image_980.png,2,farmbot_uzk_2,70,"1721289917,68757","27,5448233768215","47,325856412604","1828,656",345,22610589,22610934,FALSCH,"0,333","0,285","0,048","0,024",14,control,"5,9375","7,1621","11,1046",3,5,8,FALSCH,489
image_981.png,2,farmbot_uzk_2,71,"1721289917,68757","27,5448233768215","47,325856412604","1828,656",345,22610589,22610934,FALSCH,"0,295","0,281","0,014","0,012",14,control,"20,07143","4,8178","4,6922",4,8,12,FALSCH,490
image_982.png,2,farmbot_uzk_2,71,"1721289408,10187","28,0254825665675","46,2500953688869","5561,2032",864,56625020,56625884,FALSCH,"0,295","0,281","0,014","0,012",14,control,"20,07143","4,8178","4,6922",4,8,12,WAHR,490
image_983.png,2,farmbot_uzk_2,72,"1721289917,68757","27,5448233768215","47,325856412604","1828,656",345,22610589,22610934,FALSCH,"0,288","0,258","0,03","0,01",14,control,"8,6","6,8381","5,4865",6,8,14,FALSCH,491
image_984.png,2,farmbot_uzk_2,72,"1721289408,10187","28,0254825665675","46,2500953688869","5561,2032",864,56625020,56625884,FALSCH,"0,288","0,258","0,03","0,01",14,control,"8,6","6,8381","5,4865",6,8,14,WAHR,491
image_985.png,2,farmbot_uzk_2,73,"1721289873,57713","27,6009002822919","47,1442740520333","1892,1408",366,23986874,23987240,FALSCH,"0,119","0,112","0,007","0,001",14,control,16,"2,6106","3,1785",5,4,9,FALSCH,492
image_986.png,2,farmbot_uzk_2,73,"1721289364,28056","27,8999771114672","45,8716716258488","5520,8928",856,56100717,56101573,FALSCH,"0,119","0,112","0,007","0,001",14,control,16,"2,6106","3,1785",5,4,9,WAHR,492
image_987.png,2,farmbot_uzk_2,74,"1721289364,28056","27,8999771114672","45,8716716258488","5520,8928",856,56100717,56101573,FALSCH,"0,101","0,085","0,016","0,007",14,control,"5,3125","1,8031","2,4373",5,5,10,WAHR,493
image_988.png,2,farmbot_uzk_2,74,"1721289873,57713","27,6009002822919","47,1442740520333","1892,1408",366,23986874,23987240,FALSCH,"0,101","0,085","0,016","0,007",14,control,"5,3125","1,8031","2,4373",5,5,10,FALSCH,493
image_989.png,2,farmbot_uzk_2,75,"1721289364,28056","27,8999771114672","45,8716716258488","5520,8928",856,56100717,56101573,FALSCH,"0,232","0,215","0,017","0,022",14,control,"12,64706","5,6831","6,1337",5,6,11,WAHR,494
image_990.png,2,farmbot_uzk_2,75,"1721289873,57713","27,6009002822919","47,1442740520333","1892,1408",366,23986874,23987240,FALSCH,"0,232","0,215","0,017","0,022",14,control,"12,64706","5,6831","6,1337",5,6,11,FALSCH,494
image_991.png,2,farmbot_uzk_2,76,"1721289873,57713","27,6009002822919","47,1442740520333","1892,1408",366,23986874,23987240,FALSCH,"0,244","0,199","0,045","0,016",14,control,"4,42222","5,2524","6,3668",5,5,10,FALSCH,495
image_992.png,2,farmbot_uzk_2,76,"1721289364,28056","27,8999771114672","45,8716716258488","5520,8928",856,56100717,56101573,FALSCH,"0,244","0,199","0,045","0,016",14,control,"4,42222","5,2524","6,3668",5,5,10,WAHR,495
image_993.png,2,farmbot_uzk_2,77,"1721289364,28056","27,8999771114672","45,8716716258488","5520,8928",856,56100717,56101573,FALSCH,"0,153","0,146","0,007","0,013",14,control,"20,85714","4,2275","4,9322",4,8,12,WAHR,496
image_994.png,2,farmbot_uzk_2,77,"1721289873,57713","27,6009002822919","47,1442740520333","1892,1408",366,23986874,23987240,FALSCH,"0,153","0,146","0,007","0,013",14,control,"20,85714","4,2275","4,9322",4,8,12,FALSCH,496
image_995.png,2,farmbot_uzk_2,78,"1721289364,28056","27,8999771114672","45,8716716258488","5520,8928",856,56100717,56101573,FALSCH,"0,188","0,172","0,016","0,014",14,control,"10,75","5,4041","5,8252",4,8,12,WAHR,497
image_996.png,2,farmbot_uzk_2,78,"1721289873,57713","27,6009002822919","47,1442740520333","1892,1408",366,23986874,23987240,FALSCH,"0,188","0,172","0,016","0,014",14,control,"10,75","5,4041","5,8252",4,8,12,FALSCH,497
image_997.png,2,farmbot_uzk_2,79,"1721289895,22221","27,5875486381323","46,9794766155489","2042,6112",399,26149620,26150019,FALSCH,"0,178","0,152","0,026","0,012",14,control,"5,84615","5,8731","5,6615",5,5,10,FALSCH,498
image_998.png,2,farmbot_uzk_2,79,"1721289385,86057","27,9427023727779","46,2149996185245","5522,3616",857,56166254,56167111,FALSCH,"0,178","0,152","0,026","0,012",14,control,"5,84615","5,8731","5,6615",5,5,10,WAHR,498
image_999.png,2,farmbot_uzk_2,80,"1721289385,86057","27,9427023727779","46,2149996185245","5522,3616",857,56166254,56167111,FALSCH,"0,352","0,298","0,054","0,022",14,control,"5,51852","6,6473","8,6378",4,8,12,WAHR,499
image_1000.png,2,farmbot_uzk_2,80,"1721289895,22221","27,5875486381323","46,9794766155489","2042,6112",399,26149620,26150019,FALSCH,"0,352","0,298","0,054","0,022",14,control,"5,51852","6,6473","8,6378",4,8,12,FALSCH,499
image_1001.png,2,farmbot_uzk_2,81,"1721289385,86057","27,9427023727779","46,2149996185245","5522,3616",857,56166254,56167111,FALSCH,"0,121","0,108","0,013","0,005",14,control,"8,30769","3,9417","3,8683",4,6,10,WAHR,500
image_1002.png,2,farmbot_uzk_2,81,"1721289895,22221","27,5875486381323","46,9794766155489","2042,6112",399,26149620,26150019,FALSCH,"0,121","0,108","0,013","0,005",14,control,"8,30769","3,9417","3,8683",4,6,10,FALSCH,500
image_1003.png,2,farmbot_uzk_2,82,"1721289895,22221","27,5875486381323","46,9794766155489","2042,6112",399,26149620,26150019,FALSCH,"0,096","0,089","0,007","0,01",14,control,"12,71429","3,1993","3,3272",5,7,12,FALSCH,501
image_1004.png,2,farmbot_uzk_2,82,"1721289385,86057","27,9427023727779","46,2149996185245","5522,3616",857,56166254,56167111,FALSCH,"0,096","0,089","0,007","0,01",14,control,"12,71429","3,1993","3,3272",5,7,12,WAHR,501
image_1005.png,2,farmbot_uzk_2,83,"1721289895,22221","27,5875486381323","46,9794766155489","2042,6112",399,26149620,26150019,FALSCH,"0,156","0,144","0,012","0,011",14,control,12,"3,8113","4,5245",4,7,11,FALSCH,502
image_1006.png,2,farmbot_uzk_2,83,"1721289385,86057","27,9427023727779","46,2149996185245","5522,3616",857,56166254,56167111,FALSCH,"0,156","0,144","0,012","0,011",14,control,12,"3,8113","4,5245",4,7,11,WAHR,502
image_1007.png,2,farmbot_uzk_2,84,"1721289895,22221","27,5875486381323","46,9794766155489","2042,6112",399,26149620,26150019,FALSCH,"0,397","0,366","0,031","0,023",14,control,"11,80645","11,4686","11,1361",5,8,13,FALSCH,503
image_1008.png,2,farmbot_uzk_2,84,"1721289385,86057","27,9427023727779","46,2149996185245","5522,3616",857,56166254,56167111,FALSCH,"0,397","0,366","0,031","0,023",14,control,"11,80645","11,4686","11,1361",5,8,13,WAHR,503
image_1009.png,3,farmbot_uzk,1,"1722498952,92106","29,79","51,4",634,140,9175285,9175425,FALSCH,"0,055","0,045","0,01","0,0019",14,control,"4,5","1,1754","1,6582",4,4,8,FALSCH,504
image_1010.png,3,farmbot_uzk,1,"1722495766,04792","30,44","50,8","3399,3",756,49546533,49547289,FALSCH,"0,055","0,045","0,01","0,0019",14,control,"4,5","1,1754","1,6582",4,4,8,WAHR,504
image_1011.png,3,farmbot_uzk,2,"1722498952,92106","29,79","51,4",634,140,9175285,9175425,FALSCH,"0,061","0,048","0,013","0,0022",14,control,"3,69231","2,134","1,983",4,6,10,FALSCH,505
image_1012.png,3,farmbot_uzk,2,"1722495766,04792","30,44","50,8","3399,3",756,49546533,49547289,FALSCH,"0,061","0,048","0,013","0,0022",14,control,"3,69231","2,134","1,983",4,6,10,WAHR,505
image_1013.png,3,farmbot_uzk,3,"1722495766,04792","30,44","50,8","3399,3",756,49546533,49547289,FALSCH,"0,109","0,091","0,018","0,0036",14,control,"5,05556","2,7696","2,5002",4,7,11,WAHR,506
image_1014.png,3,farmbot_uzk,3,"1722498952,92106","29,79","51,4",634,140,9175285,9175425,FALSCH,"0,109","0,091","0,018","0,0036",14,control,"5,05556","2,7696","2,5002",4,7,11,FALSCH,506
image_1015.png,3,farmbot_uzk,4,"1722498952,92106","29,79","51,4",634,140,9175285,9175425,FALSCH,"0,03","0,024","0,006","0,0024",14,control,4,"0,8451",,5,2,7,FALSCH,507
image_1016.png,3,farmbot_uzk,4,"1722495766,04792","30,44","50,8","3399,3",756,49546533,49547289,FALSCH,"0,03","0,024","0,006","0,0024",14,control,4,"0,8451",,5,2,7,WAHR,507
image_1017.png,3,farmbot_uzk,5,"1722498952,92106","29,79","51,4",634,140,9175285,9175425,FALSCH,"0,156","0,128","0,028","0,0049",14,control,"4,57143","2,5221","2,6827",4,7,11,FALSCH,508
image_1018.png,3,farmbot_uzk,5,"1722495766,04792","30,44","50,8","3399,3",756,49546533,49547289,FALSCH,"0,156","0,128","0,028","0,0049",14,control,"4,57143","2,5221","2,6827",4,7,11,WAHR,508
image_1019.png,3,farmbot_uzk,6,"1722495766,04792","30,44","50,8","3399,3",756,49546533,49547289,FALSCH,"0,066","0,058","0,008","0,0038",14,control,"7,25","1,8227","2,1512",4,6,10,WAHR,509
image_1020.png,3,farmbot_uzk,6,"1722498952,92106","29,79","51,4",634,140,9175285,9175425,FALSCH,"0,066","0,058","0,008","0,0038",14,control,"7,25","1,8227","2,1512",4,6,10,FALSCH,509
image_1021.png,3,farmbot_uzk,7,"1722495798,15986","30,47","50,6","3546,7",773,50660692,50661465,FALSCH,"0,082","0,065","0,017","0,0023",14,control,"3,82353","1,48","1,4765",2,5,7,WAHR,510
image_1022.png,3,farmbot_uzk,7,"1722498985,43147","29,65","51,9",630,140,9175284,9175424,FALSCH,"0,082","0,065","0,017","0,0023",14,control,"3,82353","1,48","1,4765",2,5,7,FALSCH,510
image_1023.png,3,farmbot_uzk,8,"1722495798,15986","30,47","50,6","3546,7",773,50660692,50661465,FALSCH,"0,072","0,053","0,019","0,0019",14,control,"2,78947","1,6363","1,9126",4,5,9,WAHR,511
image_1024.png,3,farmbot_uzk,8,"1722498985,43147","29,65","51,9",630,140,9175284,9175424,FALSCH,"0,072","0,053","0,019","0,0019",14,control,"2,78947","1,6363","1,9126",4,5,9,FALSCH,511
image_1025.png,3,farmbot_uzk,9,"1722495798,15986","30,47","50,6","3546,7",773,50660692,50661465,FALSCH,"0,125","0,101","0,024","0,0041",14,control,"4,20833","3,0109","3,0908",4,6,10,WAHR,512
image_1026.png,3,farmbot_uzk,9,"1722498985,43147","29,65","51,9",630,140,9175284,9175424,FALSCH,"0,125","0,101","0,024","0,0041",14,control,"4,20833","3,0109","3,0908",4,6,10,FALSCH,512
image_1027.png,3,farmbot_uzk,10,"1722495798,15986","30,47","50,6","3546,7",773,50660692,50661465,FALSCH,"0,111","0,098","0,013","0,004",14,control,"7,53846","2,7858","2,6168",3,6,9,WAHR,513
image_1028.png,3,farmbot_uzk,10,"1722498985,43147","29,65","51,9",630,140,9175284,9175424,FALSCH,"0,111","0,098","0,013","0,004",14,control,"7,53846","2,7858","2,6168",3,6,9,FALSCH,513
image_1029.png,3,farmbot_uzk,11,"1722495798,15986","30,47","50,6","3546,7",773,50660692,50661465,FALSCH,"0,127","0,104","0,023","0,0047",14,control,"4,52174","2,3009","2,4998",3,6,9,WAHR,514
image_1030.png,3,farmbot_uzk,11,"1722498985,43147","29,65","51,9",630,140,9175284,9175424,FALSCH,"0,127","0,104","0,023","0,0047",14,control,"4,52174","2,3009","2,4998",3,6,9,FALSCH,514
image_1031.png,3,farmbot_uzk,12,"1722498985,43147","29,65","51,9",630,140,9175284,9175424,FALSCH,"0,07","0,063","0,007","0,0019",14,control,9,"1,3278","1,2104",5,4,9,FALSCH,515
image_1032.png,3,farmbot_uzk,12,"1722495798,15986","30,47","50,6","3546,7",773,50660692,50661465,FALSCH,"0,07","0,063","0,007","0,0019",14,control,9,"1,3278","1,2104",5,4,9,WAHR,515
image_1033.png,3,farmbot_uzk,13,"1722495834,80251","30,64","50,4","3594,3",786,51512680,51513466,FALSCH,"0,055","0,048","0,007","0,0028",14,control,"6,85714","1,621","1,6005",3,4,7,WAHR,516
image_1034.png,3,farmbot_uzk,13,"1722499022,61131","29,54","52,5","610,4",135,8847596,8847731,FALSCH,"0,055","0,048","0,007","0,0028",14,control,"6,85714","1,621","1,6005",3,4,7,FALSCH,516
image_1035.png,3,farmbot_uzk,14,"1722499022,61131","29,54","52,5","610,4",135,8847596,8847731,FALSCH,"0,065","0,06","0,005","0,0028",14,control,12,"1,8988","1,7122",4,4,8,FALSCH,517
image_1036.png,3,farmbot_uzk,14,"1722495834,80251","30,64","50,4","3594,3",786,51512680,51513466,FALSCH,"0,065","0,06","0,005","0,0028",14,control,12,"1,8988","1,7122",4,4,8,WAHR,517
image_1037.png,3,farmbot_uzk,15,"1722495834,80251","30,64","50,4","3594,3",786,51512680,51513466,FALSCH,"0,079","0,071","0,008","0,005",14,control,"8,875","2,4518","2,428",4,6,10,WAHR,518
image_1038.png,3,farmbot_uzk,15,"1722499022,61131","29,54","52,5","610,4",135,8847596,8847731,FALSCH,"0,079","0,071","0,008","0,005",14,control,"8,875","2,4518","2,428",4,6,10,FALSCH,518
image_1039.png,3,farmbot_uzk,16,"1722499022,61131","29,54","52,5","610,4",135,8847596,8847731,FALSCH,"0,059","0,043","0,016","0,0026",14,control,"2,6875","1,6432","1,7112",4,4,8,FALSCH,519
image_1040.png,3,farmbot_uzk,16,"1722495834,80251","30,64","50,4","3594,3",786,51512680,51513466,FALSCH,"0,059","0,043","0,016","0,0026",14,control,"2,6875","1,6432","1,7112",4,4,8,WAHR,519
image_1041.png,3,farmbot_uzk,17,"1722495834,80251","30,64","50,4","3594,3",786,51512680,51513466,FALSCH,"0,083","0,069","0,014","0,0043",14,control,"4,92857","2,4196","2,2054",4,6,10,WAHR,520
image_1042.png,3,farmbot_uzk,17,"1722499022,61131","29,54","52,5","610,4",135,8847596,8847731,FALSCH,"0,083","0,069","0,014","0,0043",14,control,"4,92857","2,4196","2,2054",4,6,10,FALSCH,520
image_1043.png,3,farmbot_uzk,18,"1722499022,61131","29,54","52,5","610,4",135,8847596,8847731,FALSCH,"0,052","0,041","0,011","0,003",14,control,"3,72727","1,7983","1,7783",4,4,8,FALSCH,521
image_1044.png,3,farmbot_uzk,18,"1722495834,80251","30,64","50,4","3594,3",786,51512680,51513466,FALSCH,"0,052","0,041","0,011","0,003",14,control,"3,72727","1,7983","1,7783",4,4,8,WAHR,521
image_1045.png,3,farmbot_uzk,19,"1722499055,5651","29,33","52,9","622,9",138,9044209,9044347,FALSCH,"0,057","0,047","0,01","0,0034",14,control,"4,7","2,0966","2,0006",3,5,8,FALSCH,522
image_1046.png,3,farmbot_uzk,19,"1722495868,56799","30,84","50,2","3605,7",791,51840366,51841157,FALSCH,"0,057","0,047","0,01","0,0034",14,control,"4,7","2,0966","2,0006",3,5,8,WAHR,522
image_1047.png,3,farmbot_uzk,20,"1722499055,5651","29,33","52,9","622,9",138,9044209,9044347,FALSCH,"0,117","0,097","0,02","0,0055",14,control,"4,85","3,0494","2,9804",4,4,8,FALSCH,523
image_1048.png,3,farmbot_uzk,20,"1722495868,56799","30,84","50,2","3605,7",791,51840366,51841157,FALSCH,"0,117","0,097","0,02","0,0055",14,control,"4,85","3,0494","2,9804",4,4,8,WAHR,523
image_1049.png,3,farmbot_uzk,21,"1722495868,56799","30,84","50,2","3605,7",791,51840366,51841157,FALSCH,"0,084","0,066","0,018","0,0034",14,control,"3,66667","1,8749","2,3186",4,4,8,WAHR,524
image_1050.png,3,farmbot_uzk,21,"1722499055,5651","29,33","52,9","622,9",138,9044209,9044347,FALSCH,"0,084","0,066","0,018","0,0034",14,control,"3,66667","1,8749","2,3186",4,4,8,FALSCH,524
image_1051.png,3,farmbot_uzk,22,"1722499055,5651","29,33","52,9","622,9",138,9044209,9044347,FALSCH,"0,087","0,072","0,015","0,004",14,control,"4,8","2,3759","2,2569",3,6,9,FALSCH,525
image_1052.png,3,farmbot_uzk,22,"1722495868,56799","30,84","50,2","3605,7",791,51840366,51841157,FALSCH,"0,087","0,072","0,015","0,004",14,control,"4,8","2,3759","2,2569",3,6,9,WAHR,525
image_1053.png,3,farmbot_uzk,23,"1722495868,56799","30,84","50,2","3605,7",791,51840366,51841157,FALSCH,"0,075","0,067","0,008","0,0033",14,control,"8,375","2,1261","2,0548",4,5,9,WAHR,526
image_1054.png,3,farmbot_uzk,23,"1722499055,5651","29,33","52,9","622,9",138,9044209,9044347,FALSCH,"0,075","0,067","0,008","0,0033",14,control,"8,375","2,1261","2,0548",4,5,9,FALSCH,526
image_1055.png,3,farmbot_uzk,24,"1722499055,5651","29,33","52,9","622,9",138,9044209,9044347,FALSCH,"0,173","0,124","0,049","0,0065",14,control,"2,53061","2,7876","3,2368",4,6,10,FALSCH,527
image_1056.png,3,farmbot_uzk,24,"1722495868,56799","30,84","50,2","3605,7",791,51840366,51841157,FALSCH,"0,173","0,124","0,049","0,0065",14,control,"2,53061","2,7876","3,2368",4,6,10,WAHR,527
image_1057.png,3,farmbot_uzk,25,"1722499096,03457","29,2","53,3","631,1",138,9044211,9044349,FALSCH,"0,094","0,083","0,011","0,0053",14,control,"7,54545","2,6043","2,6253",4,5,9,FALSCH,528
image_1058.png,3,farmbot_uzk,25,"1722495906,70982","31,02","49,9","3595,8",787,51578217,51579004,FALSCH,"0,094","0,083","0,011","0,0053",14,control,"7,54545","2,6043","2,6253",4,5,9,WAHR,528
image_1059.png,3,farmbot_uzk,26,"1722495906,70982","31,02","49,9","3595,8",787,51578217,51579004,FALSCH,"0,086","0,074","0,012","0,004",14,control,"6,16667","2,033","1,7839",4,5,9,WAHR,529
image_1060.png,3,farmbot_uzk,26,"1722499096,03457","29,2","53,3","631,1",138,9044211,9044349,FALSCH,"0,086","0,074","0,012","0,004",14,control,"6,16667","2,033","1,7839",4,5,9,FALSCH,529
image_1061.png,3,farmbot_uzk,27,"1722495906,70982","31,02","49,9","3595,8",787,51578217,51579004,FALSCH,"0,038","0,033","0,005","0,0018",14,control,"6,6","1,0823","0,9569",4,4,8,WAHR,530
image_1062.png,3,farmbot_uzk,27,"1722499096,03457","29,2","53,3","631,1",138,9044211,9044349,FALSCH,"0,038","0,033","0,005","0,0018",14,control,"6,6","1,0823","0,9569",4,4,8,FALSCH,530
image_1063.png,3,farmbot_uzk,28,"1722495906,70982","31,02","49,9","3595,8",787,51578217,51579004,FALSCH,"0,089","0,064","0,025","0,0038",14,control,"2,56","2,0876","2,237",3,6,9,WAHR,531
image_1064.png,3,farmbot_uzk,28,"1722499096,03457","29,2","53,3","631,1",138,9044211,9044349,FALSCH,"0,089","0,064","0,025","0,0038",14,control,"2,56","2,0876","2,237",3,6,9,FALSCH,531
image_1065.png,3,farmbot_uzk,29,"1722495906,70982","31,02","49,9","3595,8",787,51578217,51579004,FALSCH,"0,041","0,036","0,005","0,0022",14,control,"7,2","1,3762","1,2086",3,3,6,WAHR,532
image_1066.png,3,farmbot_uzk,29,"1722499096,03457","29,2","53,3","631,1",138,9044211,9044349,FALSCH,"0,041","0,036","0,005","0,0022",14,control,"7,2","1,3762","1,2086",3,3,6,FALSCH,532
image_1067.png,3,farmbot_uzk,30,"1722495906,70982","31,02","49,9","3595,8",787,51578217,51579004,FALSCH,"0,05","0,038","0,012","0,0013",14,control,"3,16667","1,0343","0,8278",3,4,7,WAHR,533
image_1068.png,3,farmbot_uzk,30,"1722499096,03457","29,2","53,3","631,1",138,9044211,9044349,FALSCH,"0,05","0,038","0,012","0,0013",14,control,"3,16667","1,0343","0,8278",3,4,7,FALSCH,533
image_1069.png,3,farmbot_uzk,31,"1722499128,52133","29,02","54,2",627,138,9044210,9044348,FALSCH,"0,152","0,135","0,017","0,0054",14,control,"7,94118","2,0964","2,8296",4,6,10,FALSCH,534
image_1070.png,3,farmbot_uzk,31,"1722495938,66143","31,19","49,9","3596,9",785,51447144,51447929,FALSCH,"0,152","0,135","0,017","0,0054",14,control,"7,94118","2,0964","2,8296",4,6,10,WAHR,534
image_1071.png,3,farmbot_uzk,32,"1722495938,66143","31,19","49,9","3596,9",785,51447144,51447929,FALSCH,"0,045","0,037","0,008","0,0022",14,control,"4,625","1,3736","1,2149",5,4,9,WAHR,535
image_1072.png,3,farmbot_uzk,32,"1722499128,52133","29,02","54,2",627,138,9044210,9044348,FALSCH,"0,045","0,037","0,008","0,0022",14,control,"4,625","1,3736","1,2149",5,4,9,FALSCH,535
image_1073.png,3,farmbot_uzk,33,"1722495938,66143","31,19","49,9","3596,9",785,51447144,51447929,FALSCH,"0,122","0,109","0,013","0,0048",14,control,"8,38462","2,6567","2,826",3,6,9,WAHR,536
image_1074.png,3,farmbot_uzk,33,"1722499128,52133","29,02","54,2",627,138,9044210,9044348,FALSCH,"0,122","0,109","0,013","0,0048",14,control,"8,38462","2,6567","2,826",3,6,9,FALSCH,536
image_1075.png,3,farmbot_uzk,34,"1722499128,52133","29,02","54,2",627,138,9044210,9044348,FALSCH,"0,052","0,048","0,004","0,0024",14,control,12,"0,9905","0,9661",4,3,7,FALSCH,537
image_1076.png,3,farmbot_uzk,34,"1722495938,66143","31,19","49,9","3596,9",785,51447144,51447929,FALSCH,"0,052","0,048","0,004","0,0024",14,control,12,"0,9905","0,9661",4,3,7,WAHR,537
image_1077.png,3,farmbot_uzk,35,"1722499128,52133","29,02","54,2",627,138,9044210,9044348,FALSCH,"0,15","0,087","0,063","0,0028",14,control,"1,38095","2,0396","2,0261",3,5,8,FALSCH,538
image_1078.png,3,farmbot_uzk,35,"1722495938,66143","31,19","49,9","3596,9",785,51447144,51447929,FALSCH,"0,15","0,087","0,063","0,0028",14,control,"1,38095","2,0396","2,0261",3,5,8,WAHR,538
image_1079.png,3,farmbot_uzk,36,"1722495938,66143","31,19","49,9","3596,9",785,51447144,51447929,FALSCH,"0,106","0,088","0,018","0,0043",14,control,"4,88889","2,357","2,2517",3,7,10,WAHR,539
image_1080.png,3,farmbot_uzk,36,"1722499128,52133","29,02","54,2",627,138,9044210,9044348,FALSCH,"0,106","0,088","0,018","0,0043",14,control,"4,88889","2,357","2,2517",3,7,10,FALSCH,539
image_1081.png,3,farmbot_uzk,37,"1722495976,02283","31,09",50,"3580,8",775,50791776,50792551,FALSCH,"0,083","0,062","0,021","0,0043",14,control,"2,95238","2,2832","2,107",4,4,8,WAHR,540
image_1082.png,3,farmbot_uzk,37,"1722499166,07768","28,85","54,5",627,138,9044210,9044348,FALSCH,"0,083","0,062","0,021","0,0043",14,control,"2,95238","2,2832","2,107",4,4,8,FALSCH,540
image_1083.png,3,farmbot_uzk,38,"1722499166,07768","28,85","54,5",627,138,9044210,9044348,FALSCH,"0,095","0,081","0,014","0,0054",14,control,"5,78571","2,8403","2,8006",4,5,9,FALSCH,541
image_1084.png,3,farmbot_uzk,38,"1722495976,02283","31,09",50,"3580,8",775,50791776,50792551,FALSCH,"0,095","0,081","0,014","0,0054",14,control,"5,78571","2,8403","2,8006",4,5,9,WAHR,541
image_1085.png,3,farmbot_uzk,39,"1722495976,02283","31,09",50,"3580,8",775,50791776,50792551,FALSCH,"0,084","0,072","0,012","0,0042",14,control,6,"2,1096","2,0549",3,6,9,WAHR,542
image_1086.png,3,farmbot_uzk,39,"1722499166,07768","28,85","54,5",627,138,9044210,9044348,FALSCH,"0,084","0,072","0,012","0,0042",14,control,6,"2,1096","2,0549",3,6,9,FALSCH,542
image_1087.png,3,farmbot_uzk,40,"1722495976,02283","31,09",50,"3580,8",775,50791776,50792551,FALSCH,"0,059","0,052","0,007","0,0028",14,control,"7,42857","1,5789","1,1836",4,4,8,WAHR,543
image_1088.png,3,farmbot_uzk,40,"1722499166,07768","28,85","54,5",627,138,9044210,9044348,FALSCH,"0,059","0,052","0,007","0,0028",14,control,"7,42857","1,5789","1,1836",4,4,8,FALSCH,543
image_1089.png,3,farmbot_uzk,41,"1722499166,07768","28,85","54,5",627,138,9044210,9044348,FALSCH,"0,098","0,074","0,024","0,0038",14,control,"3,08333","2,4605","2,3357",4,6,10,FALSCH,544
image_1090.png,3,farmbot_uzk,41,"1722495976,02283","31,09",50,"3580,8",775,50791776,50792551,FALSCH,"0,098","0,074","0,024","0,0038",14,control,"3,08333","2,4605","2,3357",4,6,10,WAHR,544
image_1091.png,3,farmbot_uzk,42,"1722495976,02283","31,09",50,"3580,8",775,50791776,50792551,FALSCH,"0,096","0,082","0,014","0,0045",14,control,"5,85714","2,5425","2,4888",3,6,9,WAHR,545
image_1092.png,3,farmbot_uzk,42,"1722499166,07768","28,85","54,5",627,138,9044210,9044348,FALSCH,"0,096","0,082","0,014","0,0045",14,control,"5,85714","2,5425","2,4888",3,6,9,FALSCH,545
image_1093.png,3,farmbot_uzk,43,"1722496007,14265","31,16","49,8","3618,5",783,51316076,51316859,FALSCH,"0,09","0,076","0,014","0,0035",14,control,"5,42857","1,9888","1,7704",4,4,8,WAHR,546
image_1094.png,3,farmbot_uzk,43,"1722499199,34952","28,76","55,2","624,1",136,8913136,8913272,FALSCH,"0,09","0,076","0,014","0,0035",14,control,"5,42857","1,9888","1,7704",4,4,8,FALSCH,546
image_1095.png,3,farmbot_uzk,44,"1722499199,34952","28,76","55,2","624,1",136,8913136,8913272,FALSCH,"0,078","0,06","0,018","0,0027",14,control,"3,33333","1,4528","1,4601",3,5,8,FALSCH,547
image_1096.png,3,farmbot_uzk,44,"1722496007,14265","31,16","49,8","3618,5",783,51316076,51316859,FALSCH,"0,078","0,06","0,018","0,0027",14,control,"3,33333","1,4528","1,4601",3,5,8,WAHR,547
image_1097.png,3,farmbot_uzk,45,"1722499199,34952","28,76","55,2","624,1",136,8913136,8913272,FALSCH,"0,058","0,046","0,012","0,0022",14,control,"3,83333","1,5876","1,8616",3,5,8,FALSCH,548
image_1098.png,3,farmbot_uzk,45,"1722496007,14265","31,16","49,8","3618,5",783,51316076,51316859,FALSCH,"0,058","0,046","0,012","0,0022",14,control,"3,83333","1,5876","1,8616",3,5,8,WAHR,548
image_1099.png,3,farmbot_uzk,46,"1722499199,34952","28,76","55,2","624,1",136,8913136,8913272,FALSCH,"0,066","0,055","0,011","0,0023",14,control,5,"1,6857","1,0797",3,4,7,FALSCH,549
image_1100.png,3,farmbot_uzk,46,"1722496007,14265","31,16","49,8","3618,5",783,51316076,51316859,FALSCH,"0,066","0,055","0,011","0,0023",14,control,5,"1,6857","1,0797",3,4,7,WAHR,549
image_1101.png,3,farmbot_uzk,47,"1722499199,34952","28,76","55,2","624,1",136,8913136,8913272,FALSCH,"0,087","0,068","0,019","0,0031",14,control,"3,57895","1,7988","1,7571",3,6,9,FALSCH,550
image_1102.png,3,farmbot_uzk,47,"1722496007,14265","31,16","49,8","3618,5",783,51316076,51316859,FALSCH,"0,087","0,068","0,019","0,0031",14,control,"3,57895","1,7988","1,7571",3,6,9,WAHR,550
image_1103.png,3,farmbot_uzk,48,"1722496007,14265","31,16","49,8","3618,5",783,51316076,51316859,FALSCH,"0,057","0,056","0,001","0,0024",14,control,56,"1,4659","1,453",4,4,8,WAHR,551
image_1104.png,3,farmbot_uzk,48,"1722499199,34952","28,76","55,2","624,1",136,8913136,8913272,FALSCH,"0,057","0,056","0,001","0,0024",14,control,56,"1,4659","1,453",4,4,8,FALSCH,551
image_1105.png,3,farmbot_uzk,49,"1722496044,14269","31,34","49,1",3610,780,51119464,51120244,FALSCH,"0,129","0,111","0,018","0,0046",14,control,"6,16667","1,993","2,0922",3,6,9,WAHR,552
image_1106.png,3,farmbot_uzk,49,"1722499236,61937","28,58","55,7","608,9",134,8782059,8782193,FALSCH,"0,129","0,111","0,018","0,0046",14,control,"6,16667","1,993","2,0922",3,6,9,FALSCH,552
image_1107.png,3,farmbot_uzk,50,"1722496044,14269","31,34","49,1",3610,780,51119464,51120244,FALSCH,"0,215","0,179","0,036","0,0061",14,control,"4,97222","3,302","3,3461",4,6,10,WAHR,553
image_1108.png,3,farmbot_uzk,50,"1722499236,61937","28,58","55,7","608,9",134,8782059,8782193,FALSCH,"0,215","0,179","0,036","0,0061",14,control,"4,97222","3,302","3,3461",4,6,10,FALSCH,553
image_1109.png,3,farmbot_uzk,51,"1722499236,61937","28,58","55,7","608,9",134,8782059,8782193,FALSCH,"0,064","0,056","0,008","0,0036",14,control,7,"1,7971","1,4891",4,4,8,FALSCH,554
image_1110.png,3,farmbot_uzk,51,"1722496044,14269","31,34","49,1",3610,780,51119464,51120244,FALSCH,"0,064","0,056","0,008","0,0036",14,control,7,"1,7971","1,4891",4,4,8,WAHR,554
image_1111.png,3,farmbot_uzk,52,"1722499236,61937","28,58","55,7","608,9",134,8782059,8782193,FALSCH,"0,134","0,118","0,016","0,0055",14,control,"7,375","3,4038","2,8601",3,7,10,FALSCH,555
image_1112.png,3,farmbot_uzk,52,"1722496044,14269","31,34","49,1",3610,780,51119464,51120244,FALSCH,"0,134","0,118","0,016","0,0055",14,control,"7,375","3,4038","2,8601",3,7,10,WAHR,555
image_1113.png,3,farmbot_uzk,53,"1722496044,14269","31,34","49,1",3610,780,51119464,51120244,FALSCH,"0,118","0,107","0,011","0,0063",14,control,"9,72727","3,5188","2,963",4,5,9,WAHR,556
image_1114.png,3,farmbot_uzk,53,"1722499236,61937","28,58","55,7","608,9",134,8782059,8782193,FALSCH,"0,118","0,107","0,011","0,0063",14,control,"9,72727","3,5188","2,963",4,5,9,FALSCH,556
image_1115.png,3,farmbot_uzk,54,"1722496044,14269","31,34","49,1",3610,780,51119464,51120244,FALSCH,"0,04","0,032","0,008","0,0025",14,control,4,"1,4635","1,2146",3,4,7,WAHR,557
image_1116.png,3,farmbot_uzk,54,"1722499236,61937","28,58","55,7","608,9",134,8782059,8782193,FALSCH,"0,04","0,032","0,008","0,0025",14,control,4,"1,4635","1,2146",3,4,7,FALSCH,557
image_1117.png,3,farmbot_uzk,55,"1723104328,43132","28,11","39,8","2593,9",616,40371206,40371822,FALSCH,"0,099","0,083","0,016","0,0045",14,control,"5,1875","2,7452","2,4092",4,5,9,WAHR,558
image_1118.png,3,farmbot_uzk,55,"1722496076,23658","31,37","49,5","3623,7",781,51185004,51185785,FALSCH,"0,099","0,083","0,016","0,0045",14,control,"5,1875","2,7452","2,4092",4,5,9,WAHR,558
image_1119.png,3,farmbot_uzk,55,"1723105311,59221","26,8","42,9","886,8",201,13173082,13173283,FALSCH,"0,099","0,083","0,016","0,0045",14,control,"5,1875","2,7452","2,4092",4,5,9,FALSCH,558
image_1120.png,3,farmbot_uzk,55,"1722499268,53093","28,52","56,8","601,9",132,8650984,8651116,FALSCH,"0,099","0,083","0,016","0,0045",14,control,"5,1875","2,7452","2,4092",4,5,9,FALSCH,558
image_1121.png,3,farmbot_uzk,56,"1723104328,43132","28,11","39,8","2593,9",616,40371206,40371822,FALSCH,"0,114","0,103","0,011","0,0056",14,control,"9,36364","3,2358","2,9352",4,5,9,WAHR,559
image_1122.png,3,farmbot_uzk,56,"1723105311,59221","26,8","42,9","886,8",201,13173082,13173283,FALSCH,"0,114","0,103","0,011","0,0056",14,control,"9,36364","3,2358","2,9352",4,5,9,FALSCH,559
image_1123.png,3,farmbot_uzk,56,"1722499268,53093","28,52","56,8","601,9",132,8650984,8651116,FALSCH,"0,114","0,103","0,011","0,0056",14,control,"9,36364","3,2358","2,9352",4,5,9,FALSCH,559
image_1124.png,3,farmbot_uzk,56,"1722496076,23658","31,37","49,5","3623,7",781,51185004,51185785,FALSCH,"0,114","0,103","0,011","0,0056",14,control,"9,36364","3,2358","2,9352",4,5,9,WAHR,559
image_1125.png,3,farmbot_uzk,57,"1722496076,23658","31,37","49,5","3623,7",781,51185004,51185785,FALSCH,"0,758","0,717","0,041","0,026",21,control,"17,4878","4,8611",,0,14,14,WAHR,560
image_1126.png,3,farmbot_uzk,57,"1722499268,53093","28,52","56,8","601,9",132,8650984,8651116,FALSCH,"0,758","0,717","0,041","0,026",21,control,"17,4878","4,8611",,0,14,14,FALSCH,560
image_1127.png,3,farmbot_uzk,57,"1723104328,43132","28,11","39,8","2593,9",616,40371206,40371822,FALSCH,"0,758","0,717","0,041","0,026",21,control,"17,4878","4,8611",,0,14,14,WAHR,560
image_1128.png,3,farmbot_uzk,57,"1723105311,59221","26,8","42,9","886,8",201,13173082,13173283,FALSCH,"0,758","0,717","0,041","0,026",21,control,"17,4878","4,8611",,0,14,14,FALSCH,560
image_1129.png,3,farmbot_uzk,58,"1723105311,59221","26,8","42,9","886,8",201,13173082,13173283,FALSCH,"0,77","0,636","0,134","0,0386",21,control,"4,74627","8,1047",,3,11,14,FALSCH,561
image_1130.png,3,farmbot_uzk,58,"1723104328,43132","28,11","39,8","2593,9",616,40371206,40371822,FALSCH,"0,77","0,636","0,134","0,0386",21,control,"4,74627","8,1047",,3,11,14,WAHR,561
image_1131.png,3,farmbot_uzk,58,"1722496076,23658","31,37","49,5","3623,7",781,51185004,51185785,FALSCH,"0,77","0,636","0,134","0,0386",21,control,"4,74627","8,1047",,3,11,14,WAHR,561
image_1132.png,3,farmbot_uzk,58,"1722499268,53093","28,52","56,8","601,9",132,8650984,8651116,FALSCH,"0,77","0,636","0,134","0,0386",21,control,"4,74627","8,1047",,3,11,14,FALSCH,561
image_1133.png,3,farmbot_uzk,59,"1723105311,59221","26,8","42,9","886,8",201,13173082,13173283,FALSCH,"0,851","0,731","0,12","0,0398",21,control,"6,09167","12,6773",,2,11,13,FALSCH,562
image_1134.png,3,farmbot_uzk,59,"1723104328,43132","28,11","39,8","2593,9",616,40371206,40371822,FALSCH,"0,851","0,731","0,12","0,0398",21,control,"6,09167","12,6773",,2,11,13,WAHR,562
image_1135.png,3,farmbot_uzk,59,"1722496076,23658","31,37","49,5","3623,7",781,51185004,51185785,FALSCH,"0,851","0,731","0,12","0,0398",21,control,"6,09167","12,6773",,2,11,13,WAHR,562
image_1136.png,3,farmbot_uzk,59,"1722499268,53093","28,52","56,8","601,9",132,8650984,8651116,FALSCH,"0,851","0,731","0,12","0,0398",21,control,"6,09167","12,6773",,2,11,13,FALSCH,562
image_1137.png,3,farmbot_uzk,60,"1723104328,43132","28,11","39,8","2593,9",616,40371206,40371822,FALSCH,"0,536","0,501","0,035","0,0293",21,control,"14,31429","12,7027",,1,9,10,WAHR,563
image_1138.png,3,farmbot_uzk,60,"1722496076,23658","31,37","49,5","3623,7",781,51185004,51185785,FALSCH,"0,536","0,501","0,035","0,0293",21,control,"14,31429","12,7027",,1,9,10,WAHR,563
image_1139.png,3,farmbot_uzk,60,"1723105311,59221","26,8","42,9","886,8",201,13173082,13173283,FALSCH,"0,536","0,501","0,035","0,0293",21,control,"14,31429","12,7027",,1,9,10,FALSCH,563
image_1140.png,3,farmbot_uzk,60,"1722499268,53093","28,52","56,8","601,9",132,8650984,8651116,FALSCH,"0,536","0,501","0,035","0,0293",21,control,"14,31429","12,7027",,1,9,10,FALSCH,563
image_1141.png,3,farmbot_uzk,61,"1723104396,52475","28,27","39,6","2587,2",617,40436741,40437358,FALSCH,"0,668","0,547","0,121","0,0293",21,control,"4,52066","9,9963",,3,10,13,WAHR,564
image_1142.png,3,farmbot_uzk,61,"1723105378,50086","26,26","44,2","895,3",204,13369694,13369898,FALSCH,"0,668","0,547","0,121","0,0293",21,control,"4,52066","9,9963",,3,10,13,FALSCH,564
image_1143.png,3,farmbot_uzk,62,"1723104396,52475","28,27","39,6","2587,2",617,40436741,40437358,FALSCH,"0,311","0,264","0,047","0,0171",21,control,"5,61702","3,4408",,0,7,7,WAHR,565
image_1144.png,3,farmbot_uzk,62,"1723105378,50086","26,26","44,2","895,3",204,13369694,13369898,FALSCH,"0,311","0,264","0,047","0,0171",21,control,"5,61702","3,4408",,0,7,7,FALSCH,565
image_1145.png,3,farmbot_uzk,63,"1723104396,52475","28,27","39,6","2587,2",617,40436741,40437358,FALSCH,"0,682","0,619","0,063","0,0275",21,control,"9,8254","9,5277",,4,11,15,WAHR,566
image_1146.png,3,farmbot_uzk,63,"1723105378,50086","26,26","44,2","895,3",204,13369694,13369898,FALSCH,"0,682","0,619","0,063","0,0275",21,control,"9,8254","9,5277",,4,11,15,FALSCH,566
image_1147.png,3,farmbot_uzk,64,"1723104396,52475","28,27","39,6","2587,2",617,40436741,40437358,FALSCH,"0,683","0,67","0,013","0,0277",21,control,"51,53846","11,7198","11,5592",2,7,9,WAHR,567
image_1148.png,3,farmbot_uzk,64,"1723105378,50086","26,26","44,2","895,3",204,13369694,13369898,FALSCH,"0,683","0,67","0,013","0,0277",21,control,"51,53846","11,7198","11,5592",2,7,9,FALSCH,567
image_1149.png,3,farmbot_uzk,65,"1723105378,50086","26,26","44,2","895,3",204,13369694,13369898,FALSCH,"0,57","0,463","0,107","0,024",21,control,"4,3271","8,6027","7,9846",1,9,10,FALSCH,568
image_1150.png,3,farmbot_uzk,65,"1723104396,52475","28,27","39,6","2587,2",617,40436741,40437358,FALSCH,"0,57","0,463","0,107","0,024",21,control,"4,3271","8,6027","7,9846",1,9,10,WAHR,568
image_1151.png,3,farmbot_uzk,66,"1723105378,50086","26,26","44,2","895,3",204,13369694,13369898,FALSCH,"0,538","0,483","0,055","0,0108",21,control,"8,78182","8,038","4,3734",2,11,13,FALSCH,569
image_1152.png,3,farmbot_uzk,66,"1723104396,52475","28,27","39,6","2587,2",617,40436741,40437358,FALSCH,"0,538","0,483","0,055","0,0108",21,control,"8,78182","8,038","4,3734",2,11,13,WAHR,569
image_1153.png,3,farmbot_uzk,67,"1723104468,94813","28,58","39,6","2608,3",623,40829966,40830589,FALSCH,"0,696","0,523","0,173","0,0251",21,control,"3,02312","8,6529","6,9989",2,11,13,WAHR,570
image_1154.png,3,farmbot_uzk,67,"1723105442,29177","26,16","44,3","895,3",204,13369694,13369898,FALSCH,"0,696","0,523","0,173","0,0251",21,control,"3,02312","8,6529","6,9989",2,11,13,FALSCH,570
image_1155.png,3,farmbot_uzk,68,"1723105442,29177","26,16","44,3","895,3",204,13369694,13369898,FALSCH,"0,54","0,427","0,113","0,0213",21,control,"3,77876","6,6765","7,8472",3,13,16,FALSCH,571
image_1156.png,3,farmbot_uzk,68,"1723104468,94813","28,58","39,6","2608,3",623,40829966,40830589,FALSCH,"0,54","0,427","0,113","0,0213",21,control,"3,77876","6,6765","7,8472",3,13,16,WAHR,571
image_1157.png,3,farmbot_uzk,69,"1723105442,29177","26,16","44,3","895,3",204,13369694,13369898,FALSCH,"0,565","0,335","0,23","0,0152",21,control,"1,45652","5,6974","5,3358",5,9,14,FALSCH,572
image_1158.png,3,farmbot_uzk,69,"1723104468,94813","28,58","39,6","2608,3",623,40829966,40830589,FALSCH,"0,565","0,335","0,23","0,0152",21,control,"1,45652","5,6974","5,3358",5,9,14,WAHR,572
image_1159.png,3,farmbot_uzk,70,"1723104468,94813","28,58","39,6","2608,3",623,40829966,40830589,FALSCH,"0,825","0,763","0,062","0,024",21,control,"12,30645","9,6467","8,9131",3,10,13,WAHR,573
image_1160.png,3,farmbot_uzk,70,"1723105442,29177","26,16","44,3","895,3",204,13369694,13369898,FALSCH,"0,825","0,763","0,062","0,024",21,control,"12,30645","9,6467","8,9131",3,10,13,FALSCH,573
image_1161.png,3,farmbot_uzk,71,"1723104468,94813","28,58","39,6","2608,3",623,40829966,40830589,FALSCH,"0,417","0,374","0,043","0,02",21,control,"8,69767","7,2303","7,2737",6,7,13,WAHR,574
image_1162.png,3,farmbot_uzk,71,"1723105442,29177","26,16","44,3","895,3",204,13369694,13369898,FALSCH,"0,417","0,374","0,043","0,02",21,control,"8,69767","7,2303","7,2737",6,7,13,FALSCH,574
image_1163.png,3,farmbot_uzk,72,"1723105442,29177","26,16","44,3","895,3",204,13369694,13369898,FALSCH,"0,658","0,552","0,106","0,0302",21,control,"5,20755","12,1075","10,8268",2,11,13,FALSCH,575
image_1164.png,3,farmbot_uzk,72,"1723104468,94813","28,58","39,6","2608,3",623,40829966,40830589,FALSCH,"0,658","0,552","0,106","0,0302",21,control,"5,20755","12,1075","10,8268",2,11,13,WAHR,575
image_1165.png,3,farmbot_uzk,73,"1723104533,81012","28,85","38,2","2600,9",618,40502281,40502899,FALSCH,"0,666","0,517","0,149","0,0291",21,control,"3,4698","15,1325","11,7192",4,10,14,WAHR,576
image_1166.png,3,farmbot_uzk,73,"1723105510,3097","26,14","44,8","870,7",190,12452175,12452363,FALSCH,"0,666","0,517","0,149","0,0291",21,control,"3,4698","15,1325","11,7192",4,10,14,FALSCH,576
image_1167.png,3,farmbot_uzk,74,"1723105510,3097","26,14","44,8","870,7",190,12452175,12452363,FALSCH,"0,838","0,698","0,14","0,0355",21,control,"4,98571","10,7441","14,0569",2,11,13,FALSCH,577
image_1168.png,3,farmbot_uzk,74,"1723104533,81012","28,85","38,2","2600,9",618,40502281,40502899,FALSCH,"0,838","0,698","0,14","0,0355",21,control,"4,98571","10,7441","14,0569",2,11,13,WAHR,577
image_1169.png,3,farmbot_uzk,75,"1723104533,81012","28,85","38,2","2600,9",618,40502281,40502899,FALSCH,"0,896","0,851","0,045","0,0361",21,control,"18,91111","19,6808","15,6626",3,15,18,WAHR,578
image_1170.png,3,farmbot_uzk,75,"1723105510,3097","26,14","44,8","870,7",190,12452175,12452363,FALSCH,"0,896","0,851","0,045","0,0361",21,control,"18,91111","19,6808","15,6626",3,15,18,FALSCH,578
image_1171.png,3,farmbot_uzk,76,"1723105510,3097","26,14","44,8","870,7",190,12452175,12452363,FALSCH,"0,155","0,089","0,066","0,0056",21,drought,"1,34848","1,6719","1,7884",2,7,9,FALSCH,579
image_1172.png,3,farmbot_uzk,76,"1723104533,81012","28,85","38,2","2600,9",618,40502281,40502899,FALSCH,"0,155","0,089","0,066","0,0056",21,drought,"1,34848","1,6719","1,7884",2,7,9,WAHR,579
image_1173.png,3,farmbot_uzk,77,"1723104533,81012","28,85","38,2","2600,9",618,40502281,40502899,FALSCH,"0,334","0,219","0,115","0,0163",21,drought,"1,90435","4,6944","4,9143",4,6,10,WAHR,580
image_1174.png,3,farmbot_uzk,77,"1723105510,3097","26,14","44,8","870,7",190,12452175,12452363,FALSCH,"0,334","0,219","0,115","0,0163",21,drought,"1,90435","4,6944","4,9143",4,6,10,FALSCH,580
image_1175.png,3,farmbot_uzk,78,"1723105510,3097","26,14","44,8","870,7",190,12452175,12452363,FALSCH,"0,322","0,224","0,098","0,015",21,drought,"2,28571","4,4918","5,3538",4,9,13,FALSCH,581
image_1176.png,3,farmbot_uzk,78,"1723104533,81012","28,85","38,2","2600,9",618,40502281,40502899,FALSCH,"0,322","0,224","0,098","0,015",21,drought,"2,28571","4,4918","5,3538",4,9,13,WAHR,581
image_1177.png,3,farmbot_uzk,79,"1723104602,28597","28,96","38,9","2488,8",600,39322594,39323194,FALSCH,"0,193","0,127","0,066","0,0085",21,drought,"1,92424","4,3309","4,3373",2,7,9,WAHR,582
image_1178.png,3,farmbot_uzk,79,"1723105575,26621","25,84","46,3","953,4",213,13959538,13959751,FALSCH,"0,193","0,127","0,066","0,0085",21,drought,"1,92424","4,3309","4,3373",2,7,9,FALSCH,582
image_1179.png,3,farmbot_uzk,80,"1723105575,26621","25,84","46,3","953,4",213,13959538,13959751,FALSCH,"0,418","0,354","0,064","0,0199",21,drought,"5,53125","6,108","7,4672",0,9,9,FALSCH,583
image_1180.png,3,farmbot_uzk,80,"1723104602,28597","28,96","38,9","2488,8",600,39322594,39323194,FALSCH,"0,418","0,354","0,064","0,0199",21,drought,"5,53125","6,108","7,4672",0,9,9,WAHR,583
image_1181.png,3,farmbot_uzk,81,"1723105575,26621","25,84","46,3","953,4",213,13959538,13959751,FALSCH,"0,266","0,236","0,03","0,014",21,drought,"7,86667","6,5469","6,4657",3,9,12,FALSCH,584
image_1182.png,3,farmbot_uzk,81,"1723104602,28597","28,96","38,9","2488,8",600,39322594,39323194,FALSCH,"0,266","0,236","0,03","0,014",21,drought,"7,86667","6,5469","6,4657",3,9,12,WAHR,584
image_1183.png,3,farmbot_uzk,82,"1723105575,26621","25,84","46,3","953,4",213,13959538,13959751,FALSCH,"0,577","0,508","0,069","0,023",21,drought,"7,36232","9,1354","9,7038",2,9,11,FALSCH,585
image_1184.png,3,farmbot_uzk,82,"1723104602,28597","28,96","38,9","2488,8",600,39322594,39323194,FALSCH,"0,577","0,508","0,069","0,023",21,drought,"7,36232","9,1354","9,7038",2,9,11,WAHR,585
image_1185.png,3,farmbot_uzk,83,"1723105575,26621","25,84","46,3","953,4",213,13959538,13959751,FALSCH,"0,416","0,339","0,077","0,0153",21,drought,"4,4026","5,4016","5,545",2,9,11,FALSCH,586
image_1186.png,3,farmbot_uzk,83,"1723104602,28597","28,96","38,9","2488,8",600,39322594,39323194,FALSCH,"0,416","0,339","0,077","0,0153",21,drought,"4,4026","5,4016","5,545",2,9,11,WAHR,586
image_1187.png,3,farmbot_uzk,84,"1723105575,26621","25,84","46,3","953,4",213,13959538,13959751,FALSCH,"0,403","0,362","0,041","0,0201",21,drought,"8,82927","6,5483","6,7986",3,12,15,FALSCH,587
image_1188.png,3,farmbot_uzk,84,"1723104602,28597","28,96","38,9","2488,8",600,39322594,39323194,FALSCH,"0,403","0,362","0,041","0,0201",21,drought,"8,82927","6,5483","6,7986",3,12,15,WAHR,587
image_1189.png,3,farmbot_uzk,85,"1723105701,18655","25,67","47,1","990,1",213,13959547,13959760,FALSCH,"0,1","0,069","0,031","0,0033",21,drought,"2,22581","2,2787","2,2279",2,7,9,FALSCH,588
image_1190.png,3,farmbot_uzk,85,"1723104733,55242","28,65","38,8","2452,1",575,37684169,37684744,FALSCH,"0,1","0,069","0,031","0,0033",21,drought,"2,22581","2,2787","2,2279",2,7,9,WAHR,588
image_1191.png,3,farmbot_uzk,86,"1723105701,18655","25,67","47,1","990,1",213,13959547,13959760,FALSCH,"0,207","0,177","0,03","0,0098",21,drought,"5,9","4,3464","4,342",2,7,9,FALSCH,589
image_1192.png,3,farmbot_uzk,86,"1723104733,55242","28,65","38,8","2452,1",575,37684169,37684744,FALSCH,"0,207","0,177","0,03","0,0098",21,drought,"5,9","4,3464","4,342",2,7,9,WAHR,589
image_1193.png,3,farmbot_uzk,87,"1723105701,18655","25,67","47,1","990,1",213,13959547,13959760,FALSCH,"0,327","0,278","0,049","0,0138",21,drought,"5,67347","6,9386","7,0564",2,8,10,FALSCH,590
image_1194.png,3,farmbot_uzk,87,"1723104733,55242","28,65","38,8","2452,1",575,37684169,37684744,FALSCH,"0,327","0,278","0,049","0,0138",21,drought,"5,67347","6,9386","7,0564",2,8,10,WAHR,590
image_1195.png,3,farmbot_uzk,88,"1723105701,18655","25,67","47,1","990,1",213,13959547,13959760,FALSCH,"0,196","0,157","0,039","0,0092",21,drought,"4,02564","2,1592",,2,8,10,FALSCH,591
image_1196.png,3,farmbot_uzk,88,"1723104733,55242","28,65","38,8","2452,1",575,37684169,37684744,FALSCH,"0,196","0,157","0,039","0,0092",21,drought,"4,02564","2,1592",,2,8,10,WAHR,591
image_1197.png,3,farmbot_uzk,89,"1723104733,55242","28,65","38,8","2452,1",575,37684169,37684744,FALSCH,"0,264","0,211","0,053","0,0118",21,drought,"3,98113","14,9014",,4,9,13,WAHR,592
image_1198.png,3,farmbot_uzk,89,"1723105701,18655","25,67","47,1","990,1",213,13959547,13959760,FALSCH,"0,264","0,211","0,053","0,0118",21,drought,"3,98113","14,9014",,4,9,13,FALSCH,592
image_1199.png,3,farmbot_uzk,90,"1723104733,55242","28,65","38,8","2452,1",575,37684169,37684744,FALSCH,"0,666","0,58","0,086","0,0447",21,drought,"6,74419","9,1271",,3,9,12,WAHR,593
image_1200.png,3,farmbot_uzk,90,"1723105701,18655","25,67","47,1","990,1",213,13959547,13959760,FALSCH,"0,666","0,58","0,086","0,0447",21,drought,"6,74419","9,1271",,3,9,12,FALSCH,593
image_1201.png,3,farmbot_uzk,91,"1723104797,63943","28,96","38,5","2638,6",627,41092120,41092747,FALSCH,"0,265","0,229","0,036","0,0131",21,drought,"6,36111","5,66",,3,11,14,WAHR,594
image_1202.png,3,farmbot_uzk,91,"1723105766,31639","25,58","45,9",1115,248,16253360,16253608,FALSCH,"0,265","0,229","0,036","0,0131",21,drought,"6,36111","5,66",,3,11,14,FALSCH,594
image_1203.png,3,farmbot_uzk,92,"1723105766,31639","25,58","45,9",1115,248,16253360,16253608,FALSCH,"0,507","0,4","0,107","0,0274",21,drought,"3,73832",,,0,10,10,FALSCH,595
image_1204.png,3,farmbot_uzk,92,"1723104797,63943","28,96","38,5","2638,6",627,41092120,41092747,FALSCH,"0,507","0,4","0,107","0,0274",21,drought,"3,73832",,,0,10,10,WAHR,595
image_1205.png,3,farmbot_uzk,93,"1723104797,63943","28,96","38,5","2638,6",627,41092120,41092747,FALSCH,"0,158","0,143","0,015","0,0163",21,drought,"9,53333","6,6799","6,3258",3,7,10,WAHR,596
image_1206.png,3,farmbot_uzk,93,"1723105766,31639","25,58","45,9",1115,248,16253360,16253608,FALSCH,"0,158","0,143","0,015","0,0163",21,drought,"9,53333","6,6799","6,3258",3,7,10,FALSCH,596
image_1207.png,3,farmbot_uzk,94,"1723105766,31639","25,58","45,9",1115,248,16253360,16253608,FALSCH,"0,297","0,261","0,036","0,0128",21,drought,"7,25","4,8316","4,8026",4,7,11,FALSCH,597
image_1208.png,3,farmbot_uzk,94,"1723104797,63943","28,96","38,5","2638,6",627,41092120,41092747,FALSCH,"0,297","0,261","0,036","0,0128",21,drought,"7,25","4,8316","4,8026",4,7,11,WAHR,597
image_1209.png,3,farmbot_uzk,95,"1723104797,63943","28,96","38,5","2638,6",627,41092120,41092747,FALSCH,"0,369","0,339","0,03","0,0046",21,salinity,"11,3","2,419","2,275",6,8,14,WAHR,598
image_1210.png,3,farmbot_uzk,95,"1723105766,31639","25,58","45,9",1115,248,16253360,16253608,FALSCH,"0,369","0,339","0,03","0,0046",21,salinity,"11,3","2,419","2,275",6,8,14,FALSCH,598
image_1211.png,3,farmbot_uzk,96,"1723104797,63943","28,96","38,5","2638,6",627,41092120,41092747,FALSCH,"0,172","0,094","0,078","0,0026",21,salinity,"1,20513","2,5239","2,1475",2,6,8,WAHR,599
image_1212.png,3,farmbot_uzk,96,"1723105766,31639","25,58","45,9",1115,248,16253360,16253608,FALSCH,"0,172","0,094","0,078","0,0026",21,salinity,"1,20513","2,5239","2,1475",2,6,8,FALSCH,599
image_1213.png,3,farmbot_uzk,97,"1723104861,55112","29,13","38,4","2630,1",624,40895508,40896132,FALSCH,"0,302","0,251","0,051","0,011",21,salinity,"4,92157","4,7308","4,6827",3,6,9,WAHR,600
image_1214.png,3,farmbot_uzk,97,"1723105831,33484","25,6","45,5","1185,6",260,17039817,17040077,FALSCH,"0,302","0,251","0,051","0,011",21,salinity,"4,92157","4,7308","4,6827",3,6,9,FALSCH,600
image_1215.png,3,farmbot_uzk,98,"1723105831,33484","25,6","45,5","1185,6",260,17039817,17040077,FALSCH,"0,596","0,422","0,174","0,0237",21,salinity,"2,42529","9,737","10,4951",3,7,10,FALSCH,601
image_1216.png,3,farmbot_uzk,98,"1723104861,55112","29,13","38,4","2630,1",624,40895508,40896132,FALSCH,"0,596","0,422","0,174","0,0237",21,salinity,"2,42529","9,737","10,4951",3,7,10,WAHR,601
image_1217.png,3,farmbot_uzk,99,"1723105831,33484","25,6","45,5","1185,6",260,17039817,17040077,FALSCH,"0,811","0,5","0,311","0,0167",21,salinity,"1,60772","6,3574","6,426",5,9,14,FALSCH,602
image_1218.png,3,farmbot_uzk,99,"1723104861,55112","29,13","38,4","2630,1",624,40895508,40896132,FALSCH,"0,811","0,5","0,311","0,0167",21,salinity,"1,60772","6,3574","6,426",5,9,14,WAHR,602
image_1219.png,3,farmbot_uzk,100,"1723105831,33484","25,6","45,5","1185,6",260,17039817,17040077,FALSCH,"0,583","0,41","0,173","0,0175",21,salinity,"2,36994","9,3375","8,351",3,12,15,FALSCH,603
image_1220.png,3,farmbot_uzk,100,"1723104861,55112","29,13","38,4","2630,1",624,40895508,40896132,FALSCH,"0,583","0,41","0,173","0,0175",21,salinity,"2,36994","9,3375","8,351",3,12,15,WAHR,603
image_1221.png,3,farmbot_uzk,101,"1723105831,33484","25,6","45,5","1185,6",260,17039817,17040077,FALSCH,"0,445","0,296","0,149","0,029",21,salinity,"1,98658","10,7753","10,8605",3,7,10,FALSCH,604
image_1222.png,3,farmbot_uzk,101,"1723104861,55112","29,13","38,4","2630,1",624,40895508,40896132,FALSCH,"0,445","0,296","0,149","0,029",21,salinity,"1,98658","10,7753","10,8605",3,7,10,WAHR,604
image_1223.png,3,farmbot_uzk,102,"1723104861,55112","29,13","38,4","2630,1",624,40895508,40896132,FALSCH,"0,8","0,48","0,32","0,0045",21,salinity,"1,5","1,3502","1,2625",2,10,12,WAHR,605
image_1224.png,3,farmbot_uzk,102,"1723105831,33484","25,6","45,5","1185,6",260,17039817,17040077,FALSCH,"0,8","0,48","0,32","0,0045",21,salinity,"1,5","1,3502","1,2625",2,10,12,FALSCH,605
image_1225.png,3,farmbot_uzk,103,"1723105914,30143","25,63","46,1",1183,261,17105353,17105614,FALSCH,"0,352","0,265","0,087","0,0139",21,salinity,"3,04598","5,8873","5,5936",3,8,11,FALSCH,606
image_1226.png,3,farmbot_uzk,103,"1723104928,14354","29,5","37,5","2642,7",627,41092121,41092748,FALSCH,"0,352","0,265","0,087","0,0139",21,salinity,"3,04598","5,8873","5,5936",3,8,11,WAHR,606
image_1227.png,3,farmbot_uzk,104,"1723105914,30143","25,63","46,1",1183,261,17105353,17105614,FALSCH,"0,127","0,087","0,04","0,0222",21,salinity,"2,175","9,1723","9,7346",2,3,5,FALSCH,607
image_1228.png,3,farmbot_uzk,104,"1723104928,14354","29,5","37,5","2642,7",627,41092121,41092748,FALSCH,"0,127","0,087","0,04","0,0222",21,salinity,"2,175","9,1723","9,7346",2,3,5,WAHR,607
image_1229.png,3,farmbot_uzk,105,"1723104928,14354","29,5","37,5","2642,7",627,41092121,41092748,FALSCH,"0,463","0,413","0,05","0,0146",21,salinity,"8,26","7,207","5,5007",2,9,11,WAHR,608
image_1230.png,3,farmbot_uzk,105,"1723105914,30143","25,63","46,1",1183,261,17105353,17105614,FALSCH,"0,463","0,413","0,05","0,0146",21,salinity,"8,26","7,207","5,5007",2,9,11,FALSCH,608
image_1231.png,3,farmbot_uzk,106,"1723104928,14354","29,5","37,5","2642,7",627,41092121,41092748,FALSCH,"0,575","0,438","0,137","0,0234",21,salinity,"3,19708","9,5145","9,4774",3,10,13,WAHR,609
image_1232.png,3,farmbot_uzk,106,"1723105914,30143","25,63","46,1",1183,261,17105353,17105614,FALSCH,"0,575","0,438","0,137","0,0234",21,salinity,"3,19708","9,5145","9,4774",3,10,13,FALSCH,609
image_1233.png,3,farmbot_uzk,107,"1723104928,14354","29,5","37,5","2642,7",627,41092121,41092748,FALSCH,"0,622","0,554","0,068","0,0248",21,salinity,"8,14706","9,6429","9,2039",4,9,13,WAHR,610
image_1234.png,3,farmbot_uzk,107,"1723105914,30143","25,63","46,1",1183,261,17105353,17105614,FALSCH,"0,622","0,554","0,068","0,0248",21,salinity,"8,14706","9,6429","9,2039",4,9,13,FALSCH,610
image_1235.png,3,farmbot_uzk,108,"1723105914,30143","25,63","46,1",1183,261,17105353,17105614,FALSCH,"0,619","0,521","0,098","0,0184",21,salinity,"5,31633","7,0799","7,1442",1,9,10,FALSCH,611
image_1236.png,3,farmbot_uzk,108,"1723104928,14354","29,5","37,5","2642,7",627,41092121,41092748,FALSCH,"0,619","0,521","0,098","0,0184",21,salinity,"5,31633","7,0799","7,1442",1,9,10,WAHR,611
image_1237.png,3,farmbot_uzk,109,"1723105022,05001","29,52","36,6","2671,9",633,41485348,41485981,FALSCH,"0,764","0,642","0,122","0,0158",21,salinity,"5,2623","12,0468","11,681",4,8,12,WAHR,612
image_1238.png,3,farmbot_uzk,109,"1723105979,13816","25,68","45,8","1205,2",265,17367505,17367770,FALSCH,"0,764","0,642","0,122","0,0158",21,salinity,"5,2623","12,0468","11,681",4,8,12,FALSCH,612
image_1239.png,3,farmbot_uzk,110,"1723105022,05001","29,52","36,6","2671,9",633,41485348,41485981,FALSCH,"0,425","0,357","0,068","0,0244",21,salinity,"5,25","8,2266","8,656",3,8,11,WAHR,613
image_1240.png,3,farmbot_uzk,110,"1723105979,13816","25,68","45,8","1205,2",265,17367505,17367770,FALSCH,"0,425","0,357","0,068","0,0244",21,salinity,"5,25","8,2266","8,656",3,8,11,FALSCH,613
image_1241.png,3,farmbot_uzk,111,"1723105022,05001","29,52","36,6","2671,9",633,41485348,41485981,FALSCH,"0,873","0,755","0,118","0,0246",21,salinity,"6,39831","9,7024","9,748",3,9,12,WAHR,614
image_1242.png,3,farmbot_uzk,111,"1723105979,13816","25,68","45,8","1205,2",265,17367505,17367770,FALSCH,"0,873","0,755","0,118","0,0246",21,salinity,"6,39831","9,7024","9,748",3,9,12,FALSCH,614
image_1243.png,3,farmbot_uzk,112,"1723105979,13816","25,68","45,8","1205,2",265,17367505,17367770,FALSCH,"0,654","0,622","0,032","0,0255",21,salinity,"19,4375","9,6532","9,4731",2,10,12,FALSCH,615
image_1244.png,3,farmbot_uzk,112,"1723105022,05001","29,52","36,6","2671,9",633,41485348,41485981,FALSCH,"0,654","0,622","0,032","0,0255",21,salinity,"19,4375","9,6532","9,4731",2,10,12,WAHR,615
image_1245.png,3,farmbot_uzk,113,"1723105022,05001","29,52","36,6","2671,9",633,41485348,41485981,FALSCH,"1,233","1,163","0,07","0,0858",28,control,"16,61429","23,3558","29,1669",2,24,26,WAHR,616
image_1246.png,3,farmbot_uzk,113,"1723105979,13816","25,68","45,8","1205,2",265,17367505,17367770,FALSCH,"1,233","1,163","0,07","0,0858",28,control,"16,61429","23,3558","29,1669",2,24,26,FALSCH,616
image_1247.png,3,farmbot_uzk,114,"1723105979,13816","25,68","45,8","1205,2",265,17367505,17367770,FALSCH,"0,906","0,864","0,042","0,0473",28,control,"20,57143","15,6749","17,0226",1,20,21,FALSCH,617
image_1248.png,3,farmbot_uzk,114,"1723105022,05001","29,52","36,6","2671,9",633,41485348,41485981,FALSCH,"0,906","0,864","0,042","0,0473",28,control,"20,57143","15,6749","17,0226",1,20,21,WAHR,617
image_1249.png,3,farmbot_uzk,115,"1723710936,23847","29,2","47,6","1263,8",266,17433056,17433322,FALSCH,"0,464","0,404","0,06","0,033",28,control,"6,73333","9,9295","8,7589",1,16,17,FALSCH,618
image_1250.png,3,farmbot_uzk,115,"1723709931,60601","30,88","43,7","5865,2",1046,68552763,68553809,FALSCH,"0,464","0,404","0,06","0,033",28,control,"6,73333","9,9295","8,7589",1,16,17,WAHR,618
image_1251.png,3,farmbot_uzk,116,"1723709931,60601","30,88","43,7","5865,2",1046,68552763,68553809,FALSCH,"0,479","0,447","0,032","0,0341",28,control,"13,96875","10,2884","9,8798",4,8,12,WAHR,619
image_1252.png,3,farmbot_uzk,116,"1723710936,23847","29,2","47,6","1263,8",266,17433056,17433322,FALSCH,"0,479","0,447","0,032","0,0341",28,control,"13,96875","10,2884","9,8798",4,8,12,FALSCH,619
image_1253.png,3,farmbot_uzk,117,"1723709931,60601","30,88","43,7","5865,2",1046,68552763,68553809,FALSCH,"0,188","0,156","0,032","0,0098",28,control,"4,875","2,2587","2,5952",3,9,12,WAHR,620
image_1254.png,3,farmbot_uzk,117,"1723710936,23847","29,2","47,6","1263,8",266,17433056,17433322,FALSCH,"0,188","0,156","0,032","0,0098",28,control,"4,875","2,2587","2,5952",3,9,12,FALSCH,620
image_1255.png,3,farmbot_uzk,118,"1723710936,23847","29,2","47,6","1263,8",266,17433056,17433322,FALSCH,"0,573","0,532","0,041","0,035",28,control,"12,97561","10,487","10,509",4,11,15,FALSCH,621
image_1256.png,3,farmbot_uzk,118,"1723709931,60601","30,88","43,7","5865,2",1046,68552763,68553809,FALSCH,"0,573","0,532","0,041","0,035",28,control,"12,97561","10,487","10,509",4,11,15,WAHR,621
image_1257.png,3,farmbot_uzk,119,"1723709931,60601","30,88","43,7","5865,2",1046,68552763,68553809,FALSCH,"0,173","0,125","0,048","0,0065",28,control,"2,60417","2,5895","2,6042",4,5,9,WAHR,622
image_1258.png,3,farmbot_uzk,119,"1723710936,23847","29,2","47,6","1263,8",266,17433056,17433322,FALSCH,"0,173","0,125","0,048","0,0065",28,control,"2,60417","2,5895","2,6042",4,5,9,FALSCH,622
image_1259.png,3,farmbot_uzk,120,"1723710936,23847","29,2","47,6","1263,8",266,17433056,17433322,FALSCH,"0,292","0,25","0,042","0,0172",28,control,"5,95238","5,7845","5,2964",2,11,13,FALSCH,623
image_1260.png,3,farmbot_uzk,120,"1723709931,60601","30,88","43,7","5865,2",1046,68552763,68553809,FALSCH,"0,292","0,25","0,042","0,0172",28,control,"5,95238","5,7845","5,2964",2,11,13,WAHR,623
image_1261.png,3,farmbot_uzk,121,"1723711016,07213","28,68","47,9","1154,6",250,16384443,16384693,FALSCH,"0,179","0,124","0,055","0,0079",28,control,"2,25455","2,3274","1,5455",2,7,9,FALSCH,624
image_1262.png,3,farmbot_uzk,121,"1723710007,65952","31,12","43,6","5919,6",1058,69339216,69340274,FALSCH,"0,179","0,124","0,055","0,0079",28,control,"2,25455","2,3274","1,5455",2,7,9,WAHR,624
image_1263.png,3,farmbot_uzk,122,"1723710007,65952","31,12","43,6","5919,6",1058,69339216,69340274,FALSCH,"0,53","0,501","0,029","0,03297",28,control,"17,27586","11,7993","11,539",3,13,16,WAHR,625
image_1264.png,3,farmbot_uzk,122,"1723711016,07213","28,68","47,9","1154,6",250,16384443,16384693,FALSCH,"0,53","0,501","0,029","0,03297",28,control,"17,27586","11,7993","11,539",3,13,16,FALSCH,625
image_1265.png,3,farmbot_uzk,123,"1723711016,07213","28,68","47,9","1154,6",250,16384443,16384693,FALSCH,"0,122","0,107","0,015","0,0066",28,control,"7,13333","2,3746","1,8801",4,4,8,FALSCH,626
image_1266.png,3,farmbot_uzk,123,"1723710007,65952","31,12","43,6","5919,6",1058,69339216,69340274,FALSCH,"0,122","0,107","0,015","0,0066",28,control,"7,13333","2,3746","1,8801",4,4,8,WAHR,626
image_1267.png,3,farmbot_uzk,124,"1723711016,07213","28,68","47,9","1154,6",250,16384443,16384693,FALSCH,"0,307","0,255","0,052","0,0174",28,control,"4,90385","5,1327","6,821",3,11,14,FALSCH,627
image_1268.png,3,farmbot_uzk,124,"1723710007,65952","31,12","43,6","5919,6",1058,69339216,69340274,FALSCH,"0,307","0,255","0,052","0,0174",28,control,"4,90385","5,1327","6,821",3,11,14,WAHR,627
image_1269.png,3,farmbot_uzk,125,"1723710007,65952","31,12","43,6","5919,6",1058,69339216,69340274,FALSCH,"0,196","0,164","0,032","0,0107",28,control,"5,125","5,3472","3,5202",2,11,13,WAHR,628
image_1270.png,3,farmbot_uzk,125,"1723711016,07213","28,68","47,9","1154,6",250,16384443,16384693,FALSCH,"0,196","0,164","0,032","0,0107",28,control,"5,125","5,3472","3,5202",2,11,13,FALSCH,628
image_1271.png,3,farmbot_uzk,126,"1723711016,07213","28,68","47,9","1154,6",250,16384443,16384693,FALSCH,"0,193","0,159","0,034","0,009",28,control,"4,67647","4,3929","3,3804",3,7,10,FALSCH,629
image_1272.png,3,farmbot_uzk,126,"1723710007,65952","31,12","43,6","5919,6",1058,69339216,69340274,FALSCH,"0,193","0,159","0,034","0,009",28,control,"4,67647","4,3929","3,3804",3,7,10,WAHR,629
image_1273.png,3,farmbot_uzk,127,"1723711083,44111","28,85","48,2","858,6",179,11731269,11731448,FALSCH,"0,577","0,493","0,084","0,0291",28,control,"5,86905","8,138","7,7926",3,7,10,FALSCH,630
image_1274.png,3,farmbot_uzk,127,"1723710081,31858","31,28","43,4","5949,9",1062,69601370,69602432,FALSCH,"0,577","0,493","0,084","0,0291",28,control,"5,86905","8,138","7,7926",3,7,10,WAHR,630
image_1275.png,3,farmbot_uzk,128,"1723711083,44111","28,85","48,2","858,6",179,11731269,11731448,FALSCH,"0,501","0,313","0,188","0,0224",28,control,"1,66489","6,7923","7,3583",2,13,15,FALSCH,631
image_1276.png,3,farmbot_uzk,128,"1723710081,31858","31,28","43,4","5949,9",1062,69601370,69602432,FALSCH,"0,501","0,313","0,188","0,0224",28,control,"1,66489","6,7923","7,3583",2,13,15,WAHR,631
image_1277.png,3,farmbot_uzk,129,"1723711083,44111","28,85","48,2","858,6",179,11731269,11731448,FALSCH,"0,491","0,407","0,084","0,0342",28,control,"4,84524","8,9626","8,1502",3,11,14,FALSCH,632
image_1278.png,3,farmbot_uzk,129,"1723710081,31858","31,28","43,4","5949,9",1062,69601370,69602432,FALSCH,"0,491","0,407","0,084","0,0342",28,control,"4,84524","8,9626","8,1502",3,11,14,WAHR,632
image_1279.png,3,farmbot_uzk,130,"1723711083,44111","28,85","48,2","858,6",179,11731269,11731448,FALSCH,"0,486","0,376","0,11","0,0222",28,control,"3,41818","8,2436","8,0077",4,9,13,FALSCH,633
image_1280.png,3,farmbot_uzk,130,"1723710081,31858","31,28","43,4","5949,9",1062,69601370,69602432,FALSCH,"0,486","0,376","0,11","0,0222",28,control,"3,41818","8,2436","8,0077",4,9,13,WAHR,633
image_1281.png,3,farmbot_uzk,131,"1723711083,44111","28,85","48,2","858,6",179,11731269,11731448,FALSCH,"0,337","0,266","0,071","0,0144",28,control,"3,74648","5,7171","5,4119",2,6,8,FALSCH,634
image_1282.png,3,farmbot_uzk,131,"1723710081,31858","31,28","43,4","5949,9",1062,69601370,69602432,FALSCH,"0,337","0,266","0,071","0,0144",28,control,"3,74648","5,7171","5,4119",2,6,8,WAHR,634
image_1283.png,3,farmbot_uzk,132,"1723710081,31858","31,28","43,4","5949,9",1062,69601370,69602432,FALSCH,"0,277","0,138","0,139","0,0074",28,drought,"0,99281","3,7627","3,0506",4,9,13,WAHR,635
image_1284.png,3,farmbot_uzk,132,"1723711083,44111","28,85","48,2","858,6",179,11731269,11731448,FALSCH,"0,277","0,138","0,139","0,0074",28,drought,"0,99281","3,7627","3,0506",4,9,13,FALSCH,635
image_1285.png,3,farmbot_uzk,133,"1723710169,49599","31,56","42,5","5870,8",1047,68618301,68619348,FALSCH,"0,538","0,502","0,036","0,0104",28,drought,"13,94444","3,0075","3,7329",2,16,18,WAHR,636
image_1286.png,3,farmbot_uzk,133,"1723711157,84715","28,18","49,7","522,9",81,5308596,5308677,FALSCH,"0,538","0,502","0,036","0,0104",28,drought,"13,94444","3,0075","3,7329",2,16,18,FALSCH,636
image_1287.png,3,farmbot_uzk,134,"1723711157,84715","28,18","49,7","522,9",81,5308596,5308677,FALSCH,"0,459","0,405","0,054","0,0257",28,drought,"7,5","6,4099","8,2144",3,16,19,FALSCH,637
image_1288.png,3,farmbot_uzk,134,"1723710169,49599","31,56","42,5","5870,8",1047,68618301,68619348,FALSCH,"0,459","0,405","0,054","0,0257",28,drought,"7,5","6,4099","8,2144",3,16,19,WAHR,637
image_1289.png,3,farmbot_uzk,135,"1723710169,49599","31,56","42,5","5870,8",1047,68618301,68619348,FALSCH,"0,14","0,113","0,027","0,0392",28,drought,"4,18519","10,5318","12,093",0,6,6,WAHR,638
image_1290.png,3,farmbot_uzk,135,"1723711157,84715","28,18","49,7","522,9",81,5308596,5308677,FALSCH,"0,14","0,113","0,027","0,0392",28,drought,"4,18519","10,5318","12,093",0,6,6,FALSCH,638
image_1291.png,3,farmbot_uzk,136,"1723710169,49599","31,56","42,5","5870,8",1047,68618301,68619348,FALSCH,"0,488","0,406","0,082","0,0227",28,drought,"4,95122","7,5454","7,5788",0,11,11,WAHR,639
image_1292.png,3,farmbot_uzk,136,"1723711157,84715","28,18","49,7","522,9",81,5308596,5308677,FALSCH,"0,488","0,406","0,082","0,0227",28,drought,"4,95122","7,5454","7,5788",0,11,11,FALSCH,639
image_1293.png,3,farmbot_uzk,137,"1723711157,84715","28,18","49,7","522,9",81,5308596,5308677,FALSCH,"0,187","0,136","0,051","0,0123",28,drought,"2,66667","4,1954","3,3091",3,8,11,FALSCH,640
image_1294.png,3,farmbot_uzk,137,"1723710169,49599","31,56","42,5","5870,8",1047,68618301,68619348,FALSCH,"0,187","0,136","0,051","0,0123",28,drought,"2,66667","4,1954","3,3091",3,8,11,WAHR,640
image_1295.png,3,farmbot_uzk,138,"1723711157,84715","28,18","49,7","522,9",81,5308596,5308677,FALSCH,"0,338","0,246","0,092","0,0378",28,drought,"2,67391","10,0267","8,6011",2,11,13,FALSCH,641
image_1296.png,3,farmbot_uzk,138,"1723710169,49599","31,56","42,5","5870,8",1047,68618301,68619348,FALSCH,"0,338","0,246","0,092","0,0378",28,drought,"2,67391","10,0267","8,6011",2,11,13,WAHR,641
image_1297.png,3,farmbot_uzk,139,"1723710241,10423","31,18",43,"5381,7",914,59901808,59902722,FALSCH,"0,876","0,748","0,128","0,0506",28,drought,"5,84375","13,8316","14,9201",0,22,22,WAHR,642
image_1298.png,3,farmbot_uzk,139,"1723711223,04174","28,32",49,"1306,9",262,17170920,17171182,FALSCH,"0,876","0,748","0,128","0,0506",28,drought,"5,84375","13,8316","14,9201",0,22,22,FALSCH,642
image_1299.png,3,farmbot_uzk,140,"1723710241,10423","31,18",43,"5381,7",914,59901808,59902722,FALSCH,"0,86","0,812","0,048","0,0683",28,drought,"16,91667","18,8561","20,6202",3,17,20,WAHR,643
image_1300.png,3,farmbot_uzk,140,"1723711223,04174","28,32",49,"1306,9",262,17170920,17171182,FALSCH,"0,86","0,812","0,048","0,0683",28,drought,"16,91667","18,8561","20,6202",3,17,20,FALSCH,643
image_1301.png,3,farmbot_uzk,141,"1723711223,04174","28,32",49,"1306,9",262,17170920,17171182,FALSCH,"0,66","0,615","0,045","0,0422",28,drought,"13,66667","8,6233","9,4005",0,15,15,FALSCH,644
image_1302.png,3,farmbot_uzk,141,"1723710241,10423","31,18",43,"5381,7",914,59901808,59902722,FALSCH,"0,66","0,615","0,045","0,0422",28,drought,"13,66667","8,6233","9,4005",0,15,15,WAHR,644
image_1303.png,3,farmbot_uzk,142,"1723711223,04174","28,32",49,"1306,9",262,17170920,17171182,FALSCH,"0,477","0,442","0,035","0,049",28,drought,"12,62857","4,891","5,8541",0,10,10,FALSCH,645
image_1304.png,3,farmbot_uzk,142,"1723710241,10423","31,18",43,"5381,7",914,59901808,59902722,FALSCH,"0,477","0,442","0,035","0,049",28,drought,"12,62857","4,891","5,8541",0,10,10,WAHR,645
image_1305.png,3,farmbot_uzk,143,"1723710241,10423","31,18",43,"5381,7",914,59901808,59902722,FALSCH,"0,554","0,473","0,081","0,038",28,drought,"5,83951","11,4369","12,0126",0,11,11,WAHR,646
image_1306.png,3,farmbot_uzk,143,"1723711223,04174","28,32",49,"1306,9",262,17170920,17171182,FALSCH,"0,554","0,473","0,081","0,038",28,drought,"5,83951","11,4369","12,0126",0,11,11,FALSCH,646
image_1307.png,3,farmbot_uzk,144,"1723711223,04174","28,32",49,"1306,9",262,17170920,17171182,FALSCH,"0,332","0,309","0,023","0,0222",28,drought,"13,43478","5,1881","3,108",2,7,9,FALSCH,647
image_1308.png,3,farmbot_uzk,144,"1723710241,10423","31,18",43,"5381,7",914,59901808,59902722,FALSCH,"0,332","0,309","0,023","0,0222",28,drought,"13,43478","5,1881","3,108",2,7,9,WAHR,647
image_1309.png,3,farmbot_uzk,145,"1723711297,4468","27,8","49,7","1331,2",273,17891829,17892102,FALSCH,"0,677","0,641","0,036","0,0338",28,drought,"17,80556","8,171","7,3362",0,9,9,FALSCH,648
image_1310.png,3,farmbot_uzk,145,"1723710315,90653","30,99","43,5","5983,4",1082,70912111,70913193,FALSCH,"0,677","0,641","0,036","0,0338",28,drought,"17,80556","8,171","7,3362",0,9,9,WAHR,648
image_1311.png,3,farmbot_uzk,146,"1723710315,90653","30,99","43,5","5983,4",1082,70912111,70913193,FALSCH,"0,6","0,558","0,042","0,0366",28,drought,"13,28571","10,4147","11,9293",2,12,14,WAHR,649
image_1312.png,3,farmbot_uzk,146,"1723711297,4468","27,8","49,7","1331,2",273,17891829,17892102,FALSCH,"0,6","0,558","0,042","0,0366",28,drought,"13,28571","10,4147","11,9293",2,12,14,FALSCH,649
image_1313.png,3,farmbot_uzk,147,"1723711297,4468","27,8","49,7","1331,2",273,17891829,17892102,FALSCH,"0,416","0,4","0,016","0,0301",28,drought,25,"8,1013","8,8543",4,8,12,FALSCH,650
image_1314.png,3,farmbot_uzk,147,"1723710315,90653","30,99","43,5","5983,4",1082,70912111,70913193,FALSCH,"0,416","0,4","0,016","0,0301",28,drought,25,"8,1013","8,8543",4,8,12,WAHR,650
image_1315.png,3,farmbot_uzk,148,"1723710315,90653","30,99","43,5","5983,4",1082,70912111,70913193,FALSCH,"0,59","0,536","0,054","0,0466",28,drought,"9,92593","12,9814","15,0105",3,14,17,WAHR,651
image_1316.png,3,farmbot_uzk,148,"1723711297,4468","27,8","49,7","1331,2",273,17891829,17892102,FALSCH,"0,59","0,536","0,054","0,0466",28,drought,"9,92593","12,9814","15,0105",3,14,17,FALSCH,651
image_1317.png,3,farmbot_uzk,149,"1723711297,4468","27,8","49,7","1331,2",273,17891829,17892102,FALSCH,"0,738","0,676","0,062","0,0492",28,drought,"10,90323","13,0712","13,8423",0,13,13,FALSCH,652
image_1318.png,3,farmbot_uzk,149,"1723710315,90653","30,99","43,5","5983,4",1082,70912111,70913193,FALSCH,"0,738","0,676","0,062","0,0492",28,drought,"10,90323","13,0712","13,8423",0,13,13,WAHR,652
image_1319.png,3,farmbot_uzk,150,"1723710315,90653","30,99","43,5","5983,4",1082,70912111,70913193,FALSCH,"0,686","0,574","0,112","0,0409",28,drought,"5,125","12,6977","12,5342",0,15,15,WAHR,653
image_1320.png,3,farmbot_uzk,150,"1723711297,4468","27,8","49,7","1331,2",273,17891829,17892102,FALSCH,"0,686","0,574","0,112","0,0409",28,drought,"5,125","12,6977","12,5342",0,15,15,FALSCH,653
image_1321.png,3,farmbot_uzk,151,"1723711367,39001","28,25","49,9","1197,2",254,16646600,16646854,FALSCH,"0,814","0,747","0,067","0,0325",28,salinity,"11,14925","13,7827","13,3594",0,9,9,FALSCH,654
image_1322.png,3,farmbot_uzk,151,"1723710411,44007","31,46","42,2","6092,7",1087,71239821,71240908,FALSCH,"0,814","0,747","0,067","0,0325",28,salinity,"11,14925","13,7827","13,3594",0,9,9,WAHR,654
image_1323.png,3,farmbot_uzk,152,"1723710411,44007","31,46","42,2","6092,7",1087,71239821,71240908,FALSCH,"0,987","0,91","0,077","0,0451",28,salinity,"11,81818","12,9444","13,5786",0,12,12,WAHR,655
image_1324.png,3,farmbot_uzk,152,"1723711367,39001","28,25","49,9","1197,2",254,16646600,16646854,FALSCH,"0,987","0,91","0,077","0,0451",28,salinity,"11,81818","12,9444","13,5786",0,12,12,FALSCH,655
image_1325.png,3,farmbot_uzk,153,"1723711367,39001","28,25","49,9","1197,2",254,16646600,16646854,FALSCH,"0,777","0,694","0,083","0,0361",28,salinity,"8,36145","13,2097","12,4642",0,10,10,FALSCH,656
image_1326.png,3,farmbot_uzk,153,"1723710411,44007","31,46","42,2","6092,7",1087,71239821,71240908,FALSCH,"0,777","0,694","0,083","0,0361",28,salinity,"8,36145","13,2097","12,4642",0,10,10,WAHR,656
image_1327.png,3,farmbot_uzk,154,"1723711367,39001","28,25","49,9","1197,2",254,16646600,16646854,FALSCH,"0,304","0,272","0,032","0,012",28,salinity,"8,5","2,6737","2,549",4,9,13,FALSCH,657
image_1328.png,3,farmbot_uzk,154,"1723710411,44007","31,46","42,2","6092,7",1087,71239821,71240908,FALSCH,"0,304","0,272","0,032","0,012",28,salinity,"8,5","2,6737","2,549",4,9,13,WAHR,657
image_1329.png,3,farmbot_uzk,155,"1723710411,44007","31,46","42,2","6092,7",1087,71239821,71240908,FALSCH,"0,752","0,679","0,073","0,038",28,salinity,"9,30137","12,4328","12,1714",0,8,8,WAHR,658
image_1330.png,3,farmbot_uzk,155,"1723711367,39001","28,25","49,9","1197,2",254,16646600,16646854,FALSCH,"0,752","0,679","0,073","0,038",28,salinity,"9,30137","12,4328","12,1714",0,8,8,FALSCH,658
image_1331.png,3,farmbot_uzk,156,"1723711367,39001","28,25","49,9","1197,2",254,16646600,16646854,FALSCH,"1,003","0,881","0,122","0,0453",28,salinity,"7,22131","11,8085","11,3255",3,9,12,FALSCH,659
image_1332.png,3,farmbot_uzk,156,"1723710411,44007","31,46","42,2","6092,7",1087,71239821,71240908,FALSCH,"1,003","0,881","0,122","0,0453",28,salinity,"7,22131","11,8085","11,3255",3,9,12,WAHR,659
image_1333.png,3,farmbot_uzk,157,"1723710535,34745","31,71","41,7","6077,9",1088,71305354,71306442,FALSCH,"0,661","0,569","0,092","0,0221",28,salinity,"6,18478","7,6205","7,1493",0,10,10,WAHR,660
image_1334.png,3,farmbot_uzk,157,"1723711438,2501","28,62",48,"1152,5",243,15925686,15925929,FALSCH,"0,661","0,569","0,092","0,0221",28,salinity,"6,18478","7,6205","7,1493",0,10,10,FALSCH,660
image_1335.png,3,farmbot_uzk,158,"1723711438,2501","28,62",48,"1152,5",243,15925686,15925929,FALSCH,"0,254","0,167","0,087","0,0093",28,salinity,"1,91954","2,8574","2,8854",0,7,7,FALSCH,661
image_1336.png,3,farmbot_uzk,158,"1723710535,34745","31,71","41,7","6077,9",1088,71305354,71306442,FALSCH,"0,254","0,167","0,087","0,0093",28,salinity,"1,91954","2,8574","2,8854",0,7,7,WAHR,661
image_1337.png,3,farmbot_uzk,159,"1723711438,2501","28,62",48,"1152,5",243,15925686,15925929,FALSCH,"0,281","0,237","0,044","0,0151",28,salinity,"5,38636","4,2458","3,4616",2,4,6,FALSCH,662
image_1338.png,3,farmbot_uzk,159,"1723710535,34745","31,71","41,7","6077,9",1088,71305354,71306442,FALSCH,"0,281","0,237","0,044","0,0151",28,salinity,"5,38636","4,2458","3,4616",2,4,6,WAHR,662
image_1339.png,3,farmbot_uzk,160,"1723710535,34745","31,71","41,7","6077,9",1088,71305354,71306442,FALSCH,"0,159","0,112","0,047","0,0039",28,salinity,"2,38298","1,2456","1,1968",0,7,7,WAHR,663
image_1340.png,3,farmbot_uzk,160,"1723711438,2501","28,62",48,"1152,5",243,15925686,15925929,FALSCH,"0,159","0,112","0,047","0,0039",28,salinity,"2,38298","1,2456","1,1968",0,7,7,FALSCH,663
image_1341.png,3,farmbot_uzk,161,"1723710535,34745","31,71","41,7","6077,9",1088,71305354,71306442,FALSCH,"1,058","0,763","0,295","0,0311",28,salinity,"2,58644","10,1953","9,8154",0,8,8,WAHR,664
image_1342.png,3,farmbot_uzk,161,"1723711438,2501","28,62",48,"1152,5",243,15925686,15925929,FALSCH,"1,058","0,763","0,295","0,0311",28,salinity,"2,58644","10,1953","9,8154",0,8,8,FALSCH,664
image_1343.png,3,farmbot_uzk,162,"1723710535,34745","31,71","41,7","6077,9",1088,71305354,71306442,FALSCH,"0,392","0,321","0,071","0,0157",28,salinity,"4,52113","4,9826","4,4237",0,11,11,WAHR,665
image_1344.png,3,farmbot_uzk,162,"1723711438,2501","28,62",48,"1152,5",243,15925686,15925929,FALSCH,"0,392","0,321","0,071","0,0157",28,salinity,"4,52113","4,9826","4,4237",0,11,11,FALSCH,665
image_1345.png,3,farmbot_uzk,163,"1723710605,26942","31,15","42,2","6006,1",1078,70649970,70651048,FALSCH,"0,629","0,49","0,139","0,021",28,salinity,"3,52518","6,1882","6,6516",3,5,8,WAHR,666
image_1346.png,3,farmbot_uzk,163,"1723711510,44502","28,58","48,4","1198,1",249,16318917,16319166,FALSCH,"0,629","0,49","0,139","0,021",28,salinity,"3,52518","6,1882","6,6516",3,5,8,FALSCH,666
image_1347.png,3,farmbot_uzk,164,"1723710605,26942","31,15","42,2","6006,1",1078,70649970,70651048,FALSCH,"0,087","0,024","0,063","0,0016",28,salinity,"0,38095","0,3115",,0,1,1,WAHR,667
image_1348.png,3,farmbot_uzk,164,"1723711510,44502","28,58","48,4","1198,1",249,16318917,16319166,FALSCH,"0,087","0,024","0,063","0,0016",28,salinity,"0,38095","0,3115",,0,1,1,FALSCH,667
image_1349.png,3,farmbot_uzk,165,"1723711510,44502","28,58","48,4","1198,1",249,16318917,16319166,FALSCH,"0,469","0,366","0,103","0,0156",28,salinity,"3,5534","4,8527","3,8825",4,11,15,FALSCH,668
image_1350.png,3,farmbot_uzk,165,"1723710605,26942","31,15","42,2","6006,1",1078,70649970,70651048,FALSCH,"0,469","0,366","0,103","0,0156",28,salinity,"3,5534","4,8527","3,8825",4,11,15,WAHR,668
image_1351.png,3,farmbot_uzk,166,"1723710605,26942","31,15","42,2","6006,1",1078,70649970,70651048,FALSCH,"0,431","0,368","0,063","0,0228",28,salinity,"5,84127","7,4095","6,1659",4,5,9,WAHR,669
image_1352.png,3,farmbot_uzk,166,"1723711510,44502","28,58","48,4","1198,1",249,16318917,16319166,FALSCH,"0,431","0,368","0,063","0,0228",28,salinity,"5,84127","7,4095","6,1659",4,5,9,FALSCH,669
image_1353.png,3,farmbot_uzk,167,"1723710605,26942","31,15","42,2","6006,1",1078,70649970,70651048,FALSCH,"2,054","1,944","0,11","0,0769",28,salinity,"17,67273","21,7061","23,5502",3,25,28,WAHR,670
image_1354.png,3,farmbot_uzk,167,"1723711510,44502","28,58","48,4","1198,1",249,16318917,16319166,FALSCH,"2,054","1,944","0,11","0,0769",28,salinity,"17,67273","21,7061","23,5502",3,25,28,FALSCH,670
image_1355.png,3,farmbot_uzk,168,"1723710605,26942","31,15","42,2","6006,1",1078,70649970,70651048,FALSCH,"0,53","0,481","0,049","0,0341",28,salinity,"9,81633","8,8817","9,5103",0,9,9,WAHR,671
image_1356.png,3,farmbot_uzk,168,"1723711510,44502","28,58","48,4","1198,1",249,16318917,16319166,FALSCH,"0,53","0,481","0,049","0,0341",28,salinity,"9,81633","8,8817","9,5103",0,9,9,FALSCH,671
image_1357.png,3,farmbot_uzk_2,1,"1722495728,68556","27,8145265888457","57,3434042877852","3999,0528",606,39716184,39716790,FALSCH,"0,12","0,099","0,021","0,0048",14,control,"4,71429","2,5158","2,4439",4,5,9,WAHR,672
image_1358.png,3,farmbot_uzk_2,1,"1722498951,51043","28,3379110399023","55,3566796368353","1099,4784",168,11010425,11010593,FALSCH,"0,12","0,099","0,021","0,0048",14,control,"4,71429","2,5158","2,4439",4,5,9,FALSCH,672
image_1359.png,3,farmbot_uzk_2,2,"1722495728,68556","27,8145265888457","57,3434042877852","3999,0528",606,39716184,39716790,FALSCH,"0,16","0,132","0,028","0,0065",14,control,"4,71429","3,0382","2,7517",4,7,11,WAHR,673
image_1360.png,3,farmbot_uzk_2,2,"1722498951,51043","28,3379110399023","55,3566796368353","1099,4784",168,11010425,11010593,FALSCH,"0,16","0,132","0,028","0,0065",14,control,"4,71429","3,0382","2,7517",4,7,11,FALSCH,673
image_1361.png,3,farmbot_uzk_2,3,"1722495728,68556","27,8145265888457","57,3434042877852","3999,0528",606,39716184,39716790,FALSCH,"0,061","0,044","0,017","0,0032",14,control,"2,58824","1,4624","3,1593",4,6,10,WAHR,674
image_1362.png,3,farmbot_uzk_2,3,"1722498951,51043","28,3379110399023","55,3566796368353","1099,4784",168,11010425,11010593,FALSCH,"0,061","0,044","0,017","0,0032",14,control,"2,58824","1,4624","3,1593",4,6,10,FALSCH,674
image_1363.png,3,farmbot_uzk_2,4,"1722498951,51043","28,3379110399023","55,3566796368353","1099,4784",168,11010425,11010593,FALSCH,"0,094","0,074","0,02","0,0048",14,control,"3,7","2,2745","2,221",4,5,9,FALSCH,675
image_1364.png,3,farmbot_uzk_2,4,"1722495728,68556","27,8145265888457","57,3434042877852","3999,0528",606,39716184,39716790,FALSCH,"0,094","0,074","0,02","0,0048",14,control,"3,7","2,2745","2,221",4,5,9,WAHR,675
image_1365.png,3,farmbot_uzk_2,5,"1722495728,68556","27,8145265888457","57,3434042877852","3999,0528",606,39716184,39716790,FALSCH,"0,131","0,106","0,025","0,0025",14,control,"4,24","3,1875","1,4561",4,5,9,WAHR,676
image_1366.png,3,farmbot_uzk_2,5,"1722498951,51043","28,3379110399023","55,3566796368353","1099,4784",168,11010425,11010593,FALSCH,"0,131","0,106","0,025","0,0025",14,control,"4,24","3,1875","1,4561",4,5,9,FALSCH,676
image_1367.png,3,farmbot_uzk_2,6,"1722498951,51043","28,3379110399023","55,3566796368353","1099,4784",168,11010425,11010593,FALSCH,"0,065","0,04","0,025","0,0023",14,control,"1,6","1,7494","1,3215",3,4,7,FALSCH,677
image_1368.png,3,farmbot_uzk_2,6,"1722495728,68556","27,8145265888457","57,3434042877852","3999,0528",606,39716184,39716790,FALSCH,"0,065","0,04","0,025","0,0023",14,control,"1,6","1,7494","1,3215",3,4,7,WAHR,677
image_1369.png,3,farmbot_uzk_2,7,"1722498973,46825","28,2791638056001","55,4055085069047","1105,0272",169,11075963,11076132,FALSCH,"0,045","0,034","0,011","0,0022",14,control,"3,09091","1,3673","1,504",4,4,8,FALSCH,678
image_1370.png,3,farmbot_uzk_2,7,"1722495750,69118","27,801174944686","57,6668955519951","4150,0128",631,41354637,41355268,FALSCH,"0,045","0,034","0,011","0,0022",14,control,"3,09091","1,3673","1,504",4,4,8,WAHR,678
image_1371.png,3,farmbot_uzk_2,8,"1722498973,46825","28,2791638056001","55,4055085069047","1105,0272",169,11075963,11076132,FALSCH,"0,081","0,05","0,031","0,0036",14,control,"1,6129","1,3858","1,7499",4,5,9,FALSCH,679
image_1372.png,3,farmbot_uzk_2,8,"1722495750,69118","27,801174944686","57,6668955519951","4150,0128",631,41354637,41355268,FALSCH,"0,081","0,05","0,031","0,0036",14,control,"1,6129","1,3858","1,7499",4,5,9,WAHR,679
image_1373.png,3,farmbot_uzk_2,9,"1722495750,69118","27,801174944686","57,6668955519951","4150,0128",631,41354637,41355268,FALSCH,"0,078","0,063","0,015","0,0037",14,control,"4,2","2,2233",,4,5,9,WAHR,680
image_1374.png,3,farmbot_uzk_2,9,"1722498973,46825","28,2791638056001","55,4055085069047","1105,0272",169,11075963,11076132,FALSCH,"0,078","0,063","0,015","0,0037",14,control,"4,2","2,2233",,4,5,9,FALSCH,680
image_1375.png,3,farmbot_uzk_2,10,"1722495750,69118","27,801174944686","57,6668955519951","4150,0128",631,41354637,41355268,FALSCH,"0,06","0,05","0,01","0,0027",14,control,5,"1,4582",,4,4,8,WAHR,681
image_1376.png,3,farmbot_uzk_2,10,"1722498973,46825","28,2791638056001","55,4055085069047","1105,0272",169,11075963,11076132,FALSCH,"0,06","0,05","0,01","0,0027",14,control,5,"1,4582",,4,4,8,FALSCH,681
image_1377.png,3,farmbot_uzk_2,11,"1722498973,46825","28,2791638056001","55,4055085069047","1105,0272",169,11075963,11076132,FALSCH,"0,099","0,087","0,012","0,0051",14,control,"7,25","2,6139",,4,5,9,FALSCH,682
image_1378.png,3,farmbot_uzk_2,11,"1722495750,69118","27,801174944686","57,6668955519951","4150,0128",631,41354637,41355268,FALSCH,"0,099","0,087","0,012","0,0051",14,control,"7,25","2,6139",,4,5,9,WAHR,682
image_1379.png,3,farmbot_uzk_2,12,"1722498973,46825","28,2791638056001","55,4055085069047","1105,0272",169,11075963,11076132,FALSCH,"0,166","0,131","0,035","0,0089",14,control,"3,74286","4,2162",,3,5,8,FALSCH,683
image_1380.png,3,farmbot_uzk_2,12,"1722495750,69118","27,801174944686","57,6668955519951","4150,0128",631,41354637,41355268,FALSCH,"0,166","0,131","0,035","0,0089",14,control,"3,74286","4,2162",,3,5,8,WAHR,683
image_1381.png,3,farmbot_uzk_2,13,"1722498999,54488","28,2658121614405","55,6939040207523","1081,3632",164,10748274,10748438,FALSCH,"0,105","0,084","0,021","0,0039",14,control,4,"2,5982",,3,4,7,FALSCH,684
image_1382.png,3,farmbot_uzk_2,13,"1722495775,73173","27,8305485618372","57,5906004425116","4297,7088",651,42665406,42666057,FALSCH,"0,105","0,084","0,021","0,0039",14,control,4,"2,5982",,3,4,7,WAHR,684
image_1383.png,3,farmbot_uzk_2,14,"1722498999,54488","28,2658121614405","55,6939040207523","1081,3632",164,10748274,10748438,FALSCH,"0,072","0,051","0,021","0,0027",14,control,"2,42857","1,8279",,3,6,9,FALSCH,685
image_1384.png,3,farmbot_uzk_2,14,"1722495775,73173","27,8305485618372","57,5906004425116","4297,7088",651,42665406,42666057,FALSCH,"0,072","0,051","0,021","0,0027",14,control,"2,42857","1,8279",,3,6,9,WAHR,685
image_1385.png,3,farmbot_uzk_2,15,"1722495775,73173","27,8305485618372","57,5906004425116","4297,7088",651,42665406,42666057,FALSCH,"0,085","0,076","0,009","0,0036",14,control,"8,44444","2,5008",,3,5,8,WAHR,686
image_1386.png,3,farmbot_uzk_2,15,"1722498999,54488","28,2658121614405","55,6939040207523","1081,3632",164,10748274,10748438,FALSCH,"0,085","0,076","0,009","0,0036",14,control,"8,44444","2,5008",,3,5,8,FALSCH,686
image_1387.png,3,farmbot_uzk_2,16,"1722498999,54488","28,2658121614405","55,6939040207523","1081,3632",164,10748274,10748438,FALSCH,"0,065","0,049","0,016","0,002",14,control,"3,0625","1,5341",,4,4,8,FALSCH,687
image_1388.png,3,farmbot_uzk_2,16,"1722495775,73173","27,8305485618372","57,5906004425116","4297,7088",651,42665406,42666057,FALSCH,"0,065","0,049","0,016","0,002",14,control,"3,0625","1,5341",,4,4,8,WAHR,687
image_1389.png,3,farmbot_uzk_2,17,"1722498999,54488","28,2658121614405","55,6939040207523","1081,3632",164,10748274,10748438,FALSCH,"0,052","0,042","0,01","0,0024",14,control,"4,2","1,0943",,2,4,6,FALSCH,688
image_1390.png,3,farmbot_uzk_2,17,"1722495775,73173","27,8305485618372","57,5906004425116","4297,7088",651,42665406,42666057,FALSCH,"0,052","0,042","0,01","0,0024",14,control,"4,2","1,0943",,2,4,6,WAHR,688
image_1391.png,3,farmbot_uzk_2,18,"1722498999,54488","28,2658121614405","55,6939040207523","1081,3632",164,10748274,10748438,FALSCH,"0,098","0,074","0,024","0,0038",14,control,"3,08333","1,9906",,3,4,7,FALSCH,689
image_1392.png,3,farmbot_uzk_2,18,"1722495775,73173","27,8305485618372","57,5906004425116","4297,7088",651,42665406,42666057,FALSCH,"0,098","0,074","0,024","0,0038",14,control,"3,08333","1,9906",,3,4,7,WAHR,689
image_1393.png,3,farmbot_uzk_2,19,"1722499022,3292","28,2097352559701","55,8358129243916","1090,992",165,10813813,10813978,FALSCH,"0,088","0,073","0,015","0,0039",14,control,"4,86667","2,009",,3,5,8,FALSCH,690
image_1394.png,3,farmbot_uzk_2,19,"1722495797,70038","27,8439002059968","57,4654764629587","4053,888",610,39978344,39978954,FALSCH,"0,088","0,073","0,015","0,0039",14,control,"4,86667","2,009",,3,5,8,WAHR,690
image_1395.png,3,farmbot_uzk_2,20,"1722499022,3292","28,2097352559701","55,8358129243916","1090,992",165,10813813,10813978,FALSCH,"0,171","0,15","0,021","0,0067",14,control,"7,14286","3,479",,4,5,9,FALSCH,691
image_1396.png,3,farmbot_uzk_2,20,"1722495797,70038","27,8439002059968","57,4654764629587","4053,888",610,39978344,39978954,FALSCH,"0,171","0,15","0,021","0,0067",14,control,"7,14286","3,479",,4,5,9,WAHR,691
image_1397.png,3,farmbot_uzk_2,21,"1722499022,3292","28,2097352559701","55,8358129243916","1090,992",165,10813813,10813978,FALSCH,"0,128","0,115","0,013","0,0058",14,control,"8,84615","3,2225",,4,4,8,FALSCH,692
image_1398.png,3,farmbot_uzk_2,21,"1722495797,70038","27,8439002059968","57,4654764629587","4053,888",610,39978344,39978954,FALSCH,"0,128","0,115","0,013","0,0058",14,control,"8,84615","3,2225",,4,4,8,WAHR,692
image_1399.png,3,farmbot_uzk_2,22,"1722499022,3292","28,2097352559701","55,8358129243916","1090,992",165,10813813,10813978,FALSCH,"0,106","0,087","0,019","0,0036",14,control,"4,57895","1,7668",,4,5,9,FALSCH,693
image_1400.png,3,farmbot_uzk_2,22,"1722495797,70038","27,8439002059968","57,4654764629587","4053,888",610,39978344,39978954,FALSCH,"0,106","0,087","0,019","0,0036",14,control,"4,57895","1,7668",,4,5,9,WAHR,693
image_1401.png,3,farmbot_uzk_2,23,"1722499022,3292","28,2097352559701","55,8358129243916","1090,992",165,10813813,10813978,FALSCH,"0,063","0,049","0,014","0,0033",14,control,"3,5","1,7511",,3,4,7,FALSCH,694
image_1402.png,3,farmbot_uzk_2,23,"1722495797,70038","27,8439002059968","57,4654764629587","4053,888",610,39978344,39978954,FALSCH,"0,063","0,049","0,014","0,0033",14,control,"3,5","1,7511",,3,4,7,WAHR,694
image_1403.png,3,farmbot_uzk_2,24,"1722495797,70038","27,8439002059968","57,4654764629587","4053,888",610,39978344,39978954,FALSCH,"0,038","0,03","0,008","0,0022",14,control,"3,75","0,9675",,3,4,7,WAHR,695
image_1404.png,3,farmbot_uzk_2,24,"1722499022,3292","28,2097352559701","55,8358129243916","1090,992",165,10813813,10813978,FALSCH,"0,038","0,03","0,008","0,0022",14,control,"3,75","0,9675",,3,4,7,FALSCH,695
image_1405.png,3,farmbot_uzk_2,25,"1722499049,75959","28,0975814450294","56,1165789272908","1090,992",165,10813813,10813978,FALSCH,"0,073","0,064","0,009","0,0037",14,control,"7,11111","1,7833",,3,5,8,FALSCH,696
image_1406.png,3,farmbot_uzk_2,25,"1722495822,19923","27,870603494316","57,4242771038377","4369,0272",669,43845083,43845752,FALSCH,"0,073","0,064","0,009","0,0037",14,control,"7,11111","1,7833",,3,5,8,WAHR,696
image_1407.png,3,farmbot_uzk_2,26,"1722495822,19923","27,870603494316","57,4242771038377","4369,0272",669,43845083,43845752,FALSCH,"0,041","0,028","0,013","0,0013",14,control,"2,15385","0,8555",,4,3,7,WAHR,697
image_1408.png,3,farmbot_uzk_2,26,"1722499049,75959","28,0975814450294","56,1165789272908","1090,992",165,10813813,10813978,FALSCH,"0,041","0,028","0,013","0,0013",14,control,"2,15385","0,8555",,4,3,7,FALSCH,697
image_1409.png,3,farmbot_uzk_2,27,"1722499049,75959","28,0975814450294","56,1165789272908","1090,992",165,10813813,10813978,FALSCH,"0,114","0,104","0,01","0,0056",14,control,"10,4","3,1274",,4,6,10,FALSCH,698
image_1410.png,3,farmbot_uzk_2,27,"1722495822,19923","27,870603494316","57,4242771038377","4369,0272",669,43845083,43845752,FALSCH,"0,114","0,104","0,01","0,0056",14,control,"10,4","3,1274",,4,6,10,WAHR,698
image_1411.png,3,farmbot_uzk_2,28,"1722499049,75959","28,0975814450294","56,1165789272908","1090,992",165,10813813,10813978,FALSCH,"0,092","0,081","0,011","0,0038",14,control,"7,36364","2,23",,4,5,9,FALSCH,699
image_1412.png,3,farmbot_uzk_2,28,"1722495822,19923","27,870603494316","57,4242771038377","4369,0272",669,43845083,43845752,FALSCH,"0,092","0,081","0,011","0,0038",14,control,"7,36364","2,23",,4,5,9,WAHR,699
image_1413.png,3,farmbot_uzk_2,29,"1722495822,19923","27,870603494316","57,4242771038377","4369,0272",669,43845083,43845752,FALSCH,"0,166","0,143","0,023","0,0054",14,control,"6,21739","3,1429",,4,6,10,WAHR,700
image_1414.png,3,farmbot_uzk_2,29,"1722499049,75959","28,0975814450294","56,1165789272908","1090,992",165,10813813,10813978,FALSCH,"0,166","0,143","0,023","0,0054",14,control,"6,21739","3,1429",,4,6,10,FALSCH,700
image_1415.png,3,farmbot_uzk_2,30,"1722499049,75959","28,0975814450294","56,1165789272908","1090,992",165,10813813,10813978,FALSCH,"0,087","0,077","0,01","0,004",14,control,"7,7","2,3231",,4,5,9,FALSCH,701
image_1416.png,3,farmbot_uzk_2,30,"1722495822,19923","27,870603494316","57,4242771038377","4369,0272",669,43845083,43845752,FALSCH,"0,087","0,077","0,01","0,004",14,control,"7,7","2,3231",,4,5,9,WAHR,701
image_1417.png,3,farmbot_uzk_2,31,"1722499079,29688","27,9987792782483","56,2996871900511","1090,992",165,10813813,10813978,FALSCH,"0,099","0,088","0,011","0,0044",14,control,8,"2,0778",,3,4,7,FALSCH,702
image_1418.png,3,farmbot_uzk_2,31,"1722495845,15823","27,870603494316","57,5494010833906","4364,9472",669,43845082,43845751,FALSCH,"0,099","0,088","0,011","0,0044",14,control,8,"2,0778",,3,4,7,WAHR,702
image_1419.png,3,farmbot_uzk_2,32,"1722499079,29688","27,9987792782483","56,2996871900511","1090,992",165,10813813,10813978,FALSCH,"0,089","0,081","0,008","0,0053",14,control,"10,125","2,509",,4,5,9,FALSCH,703
image_1420.png,3,farmbot_uzk_2,32,"1722495845,15823","27,870603494316","57,5494010833906","4364,9472",669,43845082,43845751,FALSCH,"0,089","0,081","0,008","0,0053",14,control,"10,125","2,509",,4,5,9,WAHR,703
image_1421.png,3,farmbot_uzk_2,33,"1722499079,29688","27,9987792782483","56,2996871900511","1090,992",165,10813813,10813978,FALSCH,"0,037","0,031","0,006","0,0042",14,control,"5,16667","1,0437",,3,4,7,FALSCH,704
image_1422.png,3,farmbot_uzk_2,33,"1722495845,15823","27,870603494316","57,5494010833906","4364,9472",669,43845082,43845751,FALSCH,"0,037","0,031","0,006","0,0042",14,control,"5,16667","1,0437",,3,4,7,WAHR,704
image_1423.png,3,farmbot_uzk_2,34,"1722499079,29688","27,9987792782483","56,2996871900511","1090,992",165,10813813,10813978,FALSCH,"0,09","0,07","0,02","0,0032",14,control,"3,5","2,0987",,4,5,9,FALSCH,705
image_1424.png,3,farmbot_uzk_2,34,"1722495845,15823","27,870603494316","57,5494010833906","4364,9472",669,43845082,43845751,FALSCH,"0,09","0,07","0,02","0,0032",14,control,"3,5","2,0987",,4,5,9,WAHR,705
image_1425.png,3,farmbot_uzk_2,35,"1722499079,29688","27,9987792782483","56,2996871900511","1090,992",165,10813813,10813978,FALSCH,"0,097","0,086","0,011","0,0035",14,control,"7,81818","2,3826",,4,5,9,FALSCH,706
image_1426.png,3,farmbot_uzk_2,35,"1722495845,15823","27,870603494316","57,5494010833906","4364,9472",669,43845082,43845751,FALSCH,"0,097","0,086","0,011","0,0035",14,control,"7,81818","2,3826",,4,5,9,WAHR,706
image_1427.png,3,farmbot_uzk_2,36,"1722499079,29688","27,9987792782483","56,2996871900511","1090,992",165,10813813,10813978,FALSCH,"0,103","0,093","0,01","0,0039",14,control,"9,3","1,859",,3,4,7,FALSCH,707
image_1428.png,3,farmbot_uzk_2,36,"1722495845,15823","27,870603494316","57,5494010833906","4364,9472",669,43845082,43845751,FALSCH,"0,103","0,093","0,01","0,0039",14,control,"9,3","1,859",,3,4,7,WAHR,707
image_1429.png,3,farmbot_uzk_2,37,"1722495870,09579","27,9266803997864","57,3525597009232","4376,0448",671,43976158,43976829,FALSCH,"0,058","0,044","0,014","0,0022",14,control,"3,14286","1,4026",,4,4,8,WAHR,708
image_1430.png,3,farmbot_uzk_2,37,"1722499103,41952","27,9694056610971","56,572823682002","1079,8944",163,10682737,10682900,FALSCH,"0,058","0,044","0,014","0,0022",14,control,"3,14286","1,4026",,4,4,8,FALSCH,708
image_1431.png,3,farmbot_uzk_2,38,"1722495870,09579","27,9266803997864","57,3525597009232","4376,0448",671,43976158,43976829,FALSCH,"0,069","0,065","0,004","0,0054",14,control,"16,25","2,4285",,2,5,7,WAHR,709
image_1432.png,3,farmbot_uzk_2,38,"1722499103,41952","27,9694056610971","56,572823682002","1079,8944",163,10682737,10682900,FALSCH,"0,069","0,065","0,004","0,0054",14,control,"16,25","2,4285",,2,5,7,FALSCH,709
image_1433.png,3,farmbot_uzk_2,39,"1722495870,09579","27,9266803997864","57,3525597009232","4376,0448",671,43976158,43976829,FALSCH,"0,109","0,103","0,006","0,002",14,control,"17,16667","2,4283",,4,6,10,WAHR,710
image_1434.png,3,farmbot_uzk_2,39,"1722499103,41952","27,9694056610971","56,572823682002","1079,8944",163,10682737,10682900,FALSCH,"0,109","0,103","0,006","0,002",14,control,"17,16667","2,4283",,4,6,10,FALSCH,710
image_1435.png,3,farmbot_uzk_2,40,"1722495870,09579","27,9266803997864","57,3525597009232","4376,0448",671,43976158,43976829,FALSCH,"0,163","0,147","0,016","0,0041",14,control,"9,1875","3,3304",,4,6,10,WAHR,711
image_1436.png,3,farmbot_uzk_2,40,"1722499103,41952","27,9694056610971","56,572823682002","1079,8944",163,10682737,10682900,FALSCH,"0,163","0,147","0,016","0,0041",14,control,"9,1875","3,3304",,4,6,10,FALSCH,711
image_1437.png,3,farmbot_uzk_2,41,"1722499103,41952","27,9694056610971","56,572823682002","1079,8944",163,10682737,10682900,FALSCH,"0,092","0,077","0,015","0,0056",14,control,"5,13333","1,8347",,3,5,8,FALSCH,712
image_1438.png,3,farmbot_uzk_2,41,"1722495870,09579","27,9266803997864","57,3525597009232","4376,0448",671,43976158,43976829,FALSCH,"0,092","0,077","0,015","0,0056",14,control,"5,13333","1,8347",,3,5,8,WAHR,712
image_1439.png,3,farmbot_uzk_2,42,"1722495870,09579","27,9266803997864","57,3525597009232","4376,0448",671,43976158,43976829,FALSCH,"0,141","0,12","0,021","0,0051",14,control,"5,71429","3,3636",,3,6,9,WAHR,713
image_1440.png,3,farmbot_uzk_2,42,"1722499103,41952","27,9694056610971","56,572823682002","1079,8944",163,10682737,10682900,FALSCH,"0,141","0,12","0,021","0,0051",14,control,"5,71429","3,3636",,3,6,9,FALSCH,713
image_1441.png,3,farmbot_uzk_2,43,"1722495897,71581","27,9560540169375","57,5997558556497","4388,6112",674,44172771,44173445,FALSCH,"0,103","0,069","0,034","0,0043",14,control,"2,02941","2,5214",,4,4,8,WAHR,714
image_1442.png,3,farmbot_uzk_2,43,"1722499127,64898","27,9560540169375","56,591134508278","1062,1056",162,10617196,10617358,FALSCH,"0,103","0,069","0,034","0,0043",14,control,"2,02941","2,5214",,4,4,8,FALSCH,714
image_1443.png,3,farmbot_uzk_2,44,"1722499127,64898","27,9560540169375","56,591134508278","1062,1056",162,10617196,10617358,FALSCH,"0,095","0,084","0,011","0,0047",14,control,"7,63636","2,5555",,4,5,9,FALSCH,715
image_1444.png,3,farmbot_uzk_2,44,"1722495897,71581","27,9560540169375","57,5997558556497","4388,6112",674,44172771,44173445,FALSCH,"0,095","0,084","0,011","0,0047",14,control,"7,63636","2,5555",,4,5,9,WAHR,715
image_1445.png,3,farmbot_uzk_2,45,"1722499127,64898","27,9560540169375","56,591134508278","1062,1056",162,10617196,10617358,FALSCH,"0,07","0,057","0,013","0,0024",14,control,"4,38462","1,156","1,0024",3,5,8,FALSCH,716
image_1446.png,3,farmbot_uzk_2,45,"1722495897,71581","27,9560540169375","57,5997558556497","4388,6112",674,44172771,44173445,FALSCH,"0,07","0,057","0,013","0,0024",14,control,"4,38462","1,156","1,0024",3,5,8,WAHR,716
image_1447.png,3,farmbot_uzk_2,46,"1722495897,71581","27,9560540169375","57,5997558556497","4388,6112",674,44172771,44173445,FALSCH,"0,113","0,109","0,004","0,0038",14,control,"27,25","2,3529","1,7257",4,5,9,WAHR,717
image_1448.png,3,farmbot_uzk_2,46,"1722499127,64898","27,9560540169375","56,591134508278","1062,1056",162,10617196,10617358,FALSCH,"0,113","0,109","0,004","0,0038",14,control,"27,25","2,3529","1,7257",4,5,9,FALSCH,717
image_1449.png,3,farmbot_uzk_2,47,"1722495897,71581","27,9560540169375","57,5997558556497","4388,6112",674,44172771,44173445,FALSCH,"0,1","0,082","0,018","0,005",14,control,"4,55556","2,1222","2,1735",4,5,9,WAHR,718
image_1450.png,3,farmbot_uzk_2,47,"1722499127,64898","27,9560540169375","56,591134508278","1062,1056",162,10617196,10617358,FALSCH,"0,1","0,082","0,018","0,005",14,control,"4,55556","2,1222","2,1735",4,5,9,FALSCH,718
image_1451.png,3,farmbot_uzk_2,48,"1722495897,71581","27,9560540169375","57,5997558556497","4388,6112",674,44172771,44173445,FALSCH,"0,104","0,072","0,032","0,0051",14,control,"2,25","1,9871","2,0469",4,6,10,WAHR,719
image_1452.png,3,farmbot_uzk_2,48,"1722499127,64898","27,9560540169375","56,591134508278","1062,1056",162,10617196,10617358,FALSCH,"0,104","0,072","0,032","0,0051",14,control,"2,25","1,9871","2,0469",4,6,10,FALSCH,719
image_1453.png,3,farmbot_uzk_2,49,"1722499151,85521","27,9694056610971","56,6643778133822","1048,3968",161,10551656,10551817,FALSCH,"0,107","0,085","0,022","0,0051",14,control,"3,86364","2,2054","1,9509",4,6,10,FALSCH,720
image_1454.png,3,farmbot_uzk_2,49,"1722495922,37098","27,9987792782483","57,6760509651331","4402,32",675,44238311,44238986,FALSCH,"0,107","0,085","0,022","0,0051",14,control,"3,86364","2,2054","1,9509",4,6,10,WAHR,720
image_1455.png,3,farmbot_uzk_2,50,"1722499151,85521","27,9694056610971","56,6643778133822","1048,3968",161,10551656,10551817,FALSCH,"0,133","0,109","0,024","0,0033",14,control,"4,54167","1,2946","1,1578",4,5,9,FALSCH,721
image_1456.png,3,farmbot_uzk_2,50,"1722495922,37098","27,9987792782483","57,6760509651331","4402,32",675,44238311,44238986,FALSCH,"0,133","0,109","0,024","0,0033",14,control,"4,54167","1,2946","1,1578",4,5,9,WAHR,721
image_1457.png,3,farmbot_uzk_2,51,"1722495922,37098","27,9987792782483","57,6760509651331","4402,32",675,44238311,44238986,FALSCH,"0,079","0,074","0,005","0,0031",14,control,"14,8","2,1601","1,1829",4,6,10,WAHR,722
image_1458.png,3,farmbot_uzk_2,51,"1722499151,85521","27,9694056610971","56,6643778133822","1048,3968",161,10551656,10551817,FALSCH,"0,079","0,074","0,005","0,0031",14,control,"14,8","2,1601","1,1829",4,6,10,FALSCH,722
image_1459.png,3,farmbot_uzk_2,52,"1722495922,37098","27,9987792782483","57,6760509651331","4402,32",675,44238311,44238986,FALSCH,"0,1","0,084","0,016","0,0042",14,control,"5,25","1,5534","1,5063",4,6,10,WAHR,723
image_1460.png,3,farmbot_uzk_2,52,"1722499151,85521","27,9694056610971","56,6643778133822","1048,3968",161,10551656,10551817,FALSCH,"0,1","0,084","0,016","0,0042",14,control,"5,25","1,5534","1,5063",4,6,10,FALSCH,723
image_1461.png,3,farmbot_uzk_2,53,"1722499151,85521","27,9694056610971","56,6643778133822","1048,3968",161,10551656,10551817,FALSCH,"0,105","0,092","0,013","0,0042",14,control,"7,07692","2,2479","1,6593",4,6,10,FALSCH,724
image_1462.png,3,farmbot_uzk_2,53,"1722495922,37098","27,9987792782483","57,6760509651331","4402,32",675,44238311,44238986,FALSCH,"0,105","0,092","0,013","0,0042",14,control,"7,07692","2,2479","1,6593",4,6,10,WAHR,724
image_1463.png,3,farmbot_uzk_2,54,"1722499151,85521","27,9694056610971","56,6643778133822","1048,3968",161,10551656,10551817,FALSCH,"0,084","0,072","0,012","0,0033",14,control,6,"1,9563","1,6792",4,4,8,FALSCH,725
image_1464.png,3,farmbot_uzk_2,54,"1722495922,37098","27,9987792782483","57,6760509651331","4402,32",675,44238311,44238986,FALSCH,"0,084","0,072","0,012","0,0033",14,control,6,"1,9563","1,6792",4,4,8,WAHR,725
image_1465.png,3,farmbot_uzk_2,55,"1722499176,96992","27,8999771114672","56,8398565651942","1035,8304",158,10355043,10355201,FALSCH,"0,061","0,053","0,008","0,0018",14,control,"6,625","1,4264","1,0271",4,4,8,FALSCH,726
image_1466.png,3,farmbot_uzk_2,55,"1723105305,58531","24,9038681620508","46,8329900053407","1480,5504",258,16908816,16909074,FALSCH,"0,061","0,053","0,008","0,0018",14,control,"6,625","1,4264","1,0271",4,4,8,FALSCH,726
image_1467.png,3,farmbot_uzk_2,55,"1723104321,10325","25,101472495613","45,9800106813153","4252,6656",687,45024714,45025401,FALSCH,"0,061","0,053","0,008","0,0018",14,control,"6,625","1,4264","1,0271",4,4,8,WAHR,726
image_1468.png,3,farmbot_uzk_2,55,"1722495947,51342","28,0548561837186","57,9049362935836","4414,2336",672,44041704,44042376,FALSCH,"0,061","0,053","0,008","0,0018",14,control,"6,625","1,4264","1,0271",4,4,8,WAHR,726
image_1469.png,3,farmbot_uzk_2,56,"1723104321,10325","25,101472495613","45,9800106813153","4252,6656",687,45024714,45025401,FALSCH,"0,059","0,052","0,007","0,0036",14,control,"7,42857","1,8654","1,5921",3,5,8,WAHR,727
image_1470.png,3,farmbot_uzk_2,56,"1722495947,51342","28,0548561837186","57,9049362935836","4414,2336",672,44041704,44042376,FALSCH,"0,059","0,052","0,007","0,0036",14,control,"7,42857","1,8654","1,5921",3,5,8,WAHR,727
image_1471.png,3,farmbot_uzk_2,56,"1722499176,96992","27,8999771114672","56,8398565651942","1035,8304",158,10355043,10355201,FALSCH,"0,059","0,052","0,007","0,0036",14,control,"7,42857","1,8654","1,5921",3,5,8,FALSCH,727
image_1472.png,3,farmbot_uzk_2,56,"1723105305,58531","24,9038681620508","46,8329900053407","1480,5504",258,16908816,16909074,FALSCH,"0,059","0,052","0,007","0,0036",14,control,"7,42857","1,8654","1,5921",3,5,8,FALSCH,727
image_1473.png,3,farmbot_uzk_2,57,"1722495947,51342","28,0548561837186","57,9049362935836","4414,2336",672,44041704,44042376,FALSCH,"0,744","0,701","0,043","0,0418",21,control,"16,30233","15,102","13,884",0,13,13,WAHR,728
image_1474.png,3,farmbot_uzk_2,57,"1722499176,96992","27,8999771114672","56,8398565651942","1035,8304",158,10355043,10355201,FALSCH,"0,744","0,701","0,043","0,0418",21,control,"16,30233","15,102","13,884",0,13,13,FALSCH,728
image_1475.png,3,farmbot_uzk_2,57,"1723105305,58531","24,9038681620508","46,8329900053407","1480,5504",258,16908816,16909074,FALSCH,"0,744","0,701","0,043","0,0418",21,control,"16,30233","15,102","13,884",0,13,13,FALSCH,728
image_1476.png,3,farmbot_uzk_2,57,"1723104321,10325","25,101472495613","45,9800106813153","4252,6656",687,45024714,45025401,FALSCH,"0,744","0,701","0,043","0,0418",21,control,"16,30233","15,102","13,884",0,13,13,WAHR,728
image_1477.png,3,farmbot_uzk_2,58,"1723104321,10325","25,101472495613","45,9800106813153","4252,6656",687,45024714,45025401,FALSCH,"0,444","0,305","0,139","0,0225",21,control,"2,19424","8,1301","7,8822",3,10,13,WAHR,729
image_1478.png,3,farmbot_uzk_2,58,"1722499176,96992","27,8999771114672","56,8398565651942","1035,8304",158,10355043,10355201,FALSCH,"0,444","0,305","0,139","0,0225",21,control,"2,19424","8,1301","7,8822",3,10,13,FALSCH,729
image_1479.png,3,farmbot_uzk_2,58,"1723105305,58531","24,9038681620508","46,8329900053407","1480,5504",258,16908816,16909074,FALSCH,"0,444","0,305","0,139","0,0225",21,control,"2,19424","8,1301","7,8822",3,10,13,FALSCH,729
image_1480.png,3,farmbot_uzk_2,58,"1722495947,51342","28,0548561837186","57,9049362935836","4414,2336",672,44041704,44042376,FALSCH,"0,444","0,305","0,139","0,0225",21,control,"2,19424","8,1301","7,8822",3,10,13,WAHR,729
image_1481.png,3,farmbot_uzk_2,59,"1723104321,10325","25,101472495613","45,9800106813153","4252,6656",687,45024714,45025401,FALSCH,"0,721","0,66","0,061","0,0324",21,control,"10,81967","11,4943","11,8076",2,11,13,WAHR,730
image_1482.png,3,farmbot_uzk_2,59,"1723105305,58531","24,9038681620508","46,8329900053407","1480,5504",258,16908816,16909074,FALSCH,"0,721","0,66","0,061","0,0324",21,control,"10,81967","11,4943","11,8076",2,11,13,FALSCH,730
image_1483.png,3,farmbot_uzk_2,59,"1722499176,96992","27,8999771114672","56,8398565651942","1035,8304",158,10355043,10355201,FALSCH,"0,721","0,66","0,061","0,0324",21,control,"10,81967","11,4943","11,8076",2,11,13,FALSCH,730
image_1484.png,3,farmbot_uzk_2,59,"1722495947,51342","28,0548561837186","57,9049362935836","4414,2336",672,44041704,44042376,FALSCH,"0,721","0,66","0,061","0,0324",21,control,"10,81967","11,4943","11,8076",2,11,13,WAHR,730
image_1485.png,3,farmbot_uzk_2,60,"1723104321,10325","25,101472495613","45,9800106813153","4252,6656",687,45024714,45025401,FALSCH,"0,313","0,253","0,06","0,0172",21,control,"4,21667","5,3488","5,5274",2,13,15,WAHR,731
image_1486.png,3,farmbot_uzk_2,60,"1722499176,96992","27,8999771114672","56,8398565651942","1035,8304",158,10355043,10355201,FALSCH,"0,313","0,253","0,06","0,0172",21,control,"4,21667","5,3488","5,5274",2,13,15,FALSCH,731
image_1487.png,3,farmbot_uzk_2,60,"1722495947,51342","28,0548561837186","57,9049362935836","4414,2336",672,44041704,44042376,FALSCH,"0,313","0,253","0,06","0,0172",21,control,"4,21667","5,3488","5,5274",2,13,15,WAHR,731
image_1488.png,3,farmbot_uzk_2,60,"1723105305,58531","24,9038681620508","46,8329900053407","1480,5504",258,16908816,16909074,FALSCH,"0,313","0,253","0,06","0,0172",21,control,"4,21667","5,3488","5,5274",2,13,15,FALSCH,731
image_1489.png,3,farmbot_uzk_2,61,"1723104382,042","24,9465934233616","46,1463340199893","4268,1696",692,45352401,45353093,FALSCH,"0,529","0,425","0,104","0,0219",21,control,"4,08654","8,4339","9,3193",3,10,13,WAHR,732
image_1490.png,3,farmbot_uzk_2,61,"1723105341,5811","24,8477912565805","47,1351186388953","1497,1968",261,17105430,17105691,FALSCH,"0,529","0,425","0,104","0,0219",21,control,"4,08654","8,4339","9,3193",3,10,13,FALSCH,732
image_1491.png,3,farmbot_uzk_2,62,"1723104382,042","24,9465934233616","46,1463340199893","4268,1696",692,45352401,45353093,FALSCH,"0,843","0,814","0,029","0,0394",21,control,"28,06897","15,7803","15,4359",3,20,23,WAHR,733
image_1492.png,3,farmbot_uzk_2,62,"1723105341,5811","24,8477912565805","47,1351186388953","1497,1968",261,17105430,17105691,FALSCH,"0,843","0,814","0,029","0,0394",21,control,"28,06897","15,7803","15,4359",3,20,23,FALSCH,733
image_1493.png,3,farmbot_uzk_2,63,"1723104382,042","24,9465934233616","46,1463340199893","4268,1696",692,45352401,45353093,FALSCH,"0,524","0,477","0,047","0,0172",21,control,"10,14894","8,1406","8,2814",3,11,14,WAHR,734
image_1494.png,3,farmbot_uzk_2,63,"1723105341,5811","24,8477912565805","47,1351186388953","1497,1968",261,17105430,17105691,FALSCH,"0,524","0,477","0,047","0,0172",21,control,"10,14894","8,1406","8,2814",3,11,14,FALSCH,734
image_1495.png,3,farmbot_uzk_2,64,"1723104382,042","24,9465934233616","46,1463340199893","4268,1696",692,45352401,45353093,FALSCH,"0,146","0,115","0,031","0,0086",21,control,"3,70968","2,827","3,2031",2,8,10,WAHR,735
image_1496.png,3,farmbot_uzk_2,64,"1723105341,5811","24,8477912565805","47,1351186388953","1497,1968",261,17105430,17105691,FALSCH,"0,146","0,115","0,031","0,0086",21,control,"3,70968","2,827","3,2031",2,8,10,FALSCH,735
image_1497.png,3,farmbot_uzk_2,65,"1723104382,042","24,9465934233616","46,1463340199893","4268,1696",692,45352401,45353093,FALSCH,"1,021","0,929","0,092","0,0405",21,control,"10,09783","14,5808","16,2826",1,13,14,WAHR,736
image_1498.png,3,farmbot_uzk_2,65,"1723105341,5811","24,8477912565805","47,1351186388953","1497,1968",261,17105430,17105691,FALSCH,"1,021","0,929","0,092","0,0405",21,control,"10,09783","14,5808","16,2826",1,13,14,FALSCH,736
image_1499.png,3,farmbot_uzk_2,66,"1723105341,5811","24,8477912565805","47,1351186388953","1497,1968",261,17105430,17105691,FALSCH,"0,531","0,477","0,054","0,0271",21,control,"8,83333","10,6811","10,6913",4,9,13,FALSCH,737
image_1500.png,3,farmbot_uzk_2,66,"1723104382,042","24,9465934233616","46,1463340199893","4268,1696",692,45352401,45353093,FALSCH,"0,531","0,477","0,054","0,0271",21,control,"8,83333","10,6811","10,6913",4,9,13,WAHR,737
image_1501.png,3,farmbot_uzk_2,67,"1723105381,54287","24,7196154726482","47,4036774242771","1465,3728",256,16777739,16777995,FALSCH,"0,802","0,731","0,071","0,033",21,control,"10,29577","13,4724","14,0169",3,13,16,FALSCH,738
image_1502.png,3,farmbot_uzk_2,67,"1723104422,79018","25,2002746623941","46,6865033951324","4287,4272",694,45483479,45484173,FALSCH,"0,802","0,731","0,071","0,033",21,control,"10,29577","13,4724","14,0169",3,13,16,WAHR,738
image_1503.png,3,farmbot_uzk_2,68,"1723105381,54287","24,7196154726482","47,4036774242771","1465,3728",256,16777739,16777995,FALSCH,"0,748","0,609","0,139","0,0379",21,control,"4,38129","13,0015","12,5647",2,9,11,FALSCH,739
image_1504.png,3,farmbot_uzk_2,68,"1723104422,79018","25,2002746623941","46,6865033951324","4287,4272",694,45483479,45484173,FALSCH,"0,748","0,609","0,139","0,0379",21,control,"4,38129","13,0015","12,5647",2,9,11,WAHR,739
image_1505.png,3,farmbot_uzk_2,69,"1723104422,79018","25,2002746623941","46,6865033951324","4287,4272",694,45483479,45484173,FALSCH,"0,858","0,789","0,069","0,0383",21,control,"11,43478","14,8549",,4,11,15,WAHR,740
image_1506.png,3,farmbot_uzk_2,69,"1723105381,54287","24,7196154726482","47,4036774242771","1465,3728",256,16777739,16777995,FALSCH,"0,858","0,789","0,069","0,0383",21,control,"11,43478","14,8549",,4,11,15,FALSCH,740
image_1507.png,3,farmbot_uzk_2,70,"1723105381,54287","24,7196154726482","47,4036774242771","1465,3728",256,16777739,16777995,FALSCH,"0,938","0,879","0,059","0,0399",21,control,"14,89831","17,4296",,4,11,15,FALSCH,741
image_1508.png,3,farmbot_uzk_2,70,"1723104422,79018","25,2002746623941","46,6865033951324","4287,4272",694,45483479,45484173,FALSCH,"0,938","0,879","0,059","0,0399",21,control,"14,89831","17,4296",,4,11,15,WAHR,741
image_1509.png,3,farmbot_uzk_2,71,"1723104422,79018","25,2002746623941","46,6865033951324","4287,4272",694,45483479,45484173,FALSCH,"0,824","0,749","0,075","0,0496",21,control,"9,98667","16,2024",,4,14,18,WAHR,742
image_1510.png,3,farmbot_uzk_2,71,"1723105381,54287","24,7196154726482","47,4036774242771","1465,3728",256,16777739,16777995,FALSCH,"0,824","0,749","0,075","0,0496",21,control,"9,98667","16,2024",,4,14,18,FALSCH,742
image_1511.png,3,farmbot_uzk_2,72,"1723105381,54287","24,7196154726482","47,4036774242771","1465,3728",256,16777739,16777995,FALSCH,"0,68","0,612","0,068","0,03",21,control,9,"12,5346",,2,13,15,FALSCH,743
image_1512.png,3,farmbot_uzk_2,72,"1723104422,79018","25,2002746623941","46,6865033951324","4287,4272",694,45483479,45484173,FALSCH,"0,68","0,612","0,068","0,03",21,control,9,"12,5346",,2,13,15,WAHR,743
image_1513.png,3,farmbot_uzk_2,73,"1723105418,69758","24,6795605401694","47,9667353322652","1463,904",255,16712202,16712457,FALSCH,"0,277","0,238","0,039","0,0128",21,control,"6,10256","6,4114",,3,10,13,FALSCH,744
image_1514.png,3,farmbot_uzk_2,73,"1723104466,56724","25,2162966353857","46,1448081177997","4294,4448",696,45614554,45615250,FALSCH,"0,277","0,238","0,039","0,0128",21,control,"6,10256","6,4114",,3,10,13,WAHR,744
image_1515.png,3,farmbot_uzk_2,74,"1723105418,69758","24,6795605401694","47,9667353322652","1463,904",255,16712202,16712457,FALSCH,"0,796","0,766","0,03","0,0413",21,control,"25,53333","16,9",,4,9,13,FALSCH,745
image_1516.png,3,farmbot_uzk_2,74,"1723104466,56724","25,2162966353857","46,1448081177997","4294,4448",696,45614554,45615250,FALSCH,"0,796","0,766","0,03","0,0413",21,control,"25,53333","16,9",,4,9,13,WAHR,745
image_1517.png,3,farmbot_uzk_2,75,"1723105418,69758","24,6795605401694","47,9667353322652","1463,904",255,16712202,16712457,FALSCH,"0,168","0,135","0,033","0,0103",21,control,"4,09091","3,0416",,2,10,12,FALSCH,746
image_1518.png,3,farmbot_uzk_2,75,"1723104466,56724","25,2162966353857","46,1448081177997","4294,4448",696,45614554,45615250,FALSCH,"0,168","0,135","0,033","0,0103",21,control,"4,09091","3,0416",,2,10,12,WAHR,746
image_1519.png,3,farmbot_uzk_2,76,"1723105418,69758","24,6795605401694","47,9667353322652","1463,904",255,16712202,16712457,FALSCH,"1,124","0,847","0,277","0,042",21,drought,"3,05776","15,4524",,2,20,22,FALSCH,747
image_1520.png,3,farmbot_uzk_2,76,"1723104466,56724","25,2162966353857","46,1448081177997","4294,4448",696,45614554,45615250,FALSCH,"1,124","0,847","0,277","0,042",21,drought,"3,05776","15,4524",,2,20,22,WAHR,747
image_1521.png,3,farmbot_uzk_2,77,"1723104466,56724","25,2162966353857","46,1448081177997","4294,4448",696,45614554,45615250,FALSCH,"0,146","0,117","0,029","0,0104",21,drought,"4,03448","2,406",,0,8,8,WAHR,748
image_1522.png,3,farmbot_uzk_2,77,"1723105418,69758","24,6795605401694","47,9667353322652","1463,904",255,16712202,16712457,FALSCH,"0,146","0,117","0,029","0,0104",21,drought,"4,03448","2,406",,0,8,8,FALSCH,748
image_1523.png,3,farmbot_uzk_2,78,"1723104466,56724","25,2162966353857","46,1448081177997","4294,4448",696,45614554,45615250,FALSCH,"1,115","0,985","0,13","0,0486",21,drought,"7,57692","20,2641",,3,9,12,WAHR,749
image_1524.png,3,farmbot_uzk_2,78,"1723105418,69758","24,6795605401694","47,9667353322652","1463,904",255,16712202,16712457,FALSCH,"1,115","0,985","0,13","0,0486",21,drought,"7,57692","20,2641",,3,9,12,FALSCH,749
image_1525.png,3,farmbot_uzk_2,79,"1723104507,37157","25,2990768291753","46,4255741206989","4308,1536",697,45680094,45680791,FALSCH,"1,084","0,919","0,165","0,04",21,drought,"5,5697","15,6509",,2,10,12,WAHR,750
image_1526.png,3,farmbot_uzk_2,79,"1723105465,08162","24,692912184329","47,6966506446937","1442,8512",249,16318977,16319226,FALSCH,"1,084","0,919","0,165","0,04",21,drought,"5,5697","15,6509",,2,10,12,FALSCH,750
image_1527.png,3,farmbot_uzk_2,80,"1723104507,37157","25,2990768291753","46,4255741206989","4308,1536",697,45680094,45680791,FALSCH,"0,397","0,379","0,018","0,0211",21,drought,"21,05556","10,6116",,3,9,12,WAHR,751
image_1528.png,3,farmbot_uzk_2,80,"1723105465,08162","24,692912184329","47,6966506446937","1442,8512",249,16318977,16319226,FALSCH,"0,397","0,379","0,018","0,0211",21,drought,"21,05556","10,6116",,3,9,12,FALSCH,751
image_1529.png,3,farmbot_uzk_2,81,"1723104507,37157","25,2990768291753","46,4255741206989","4308,1536",697,45680094,45680791,FALSCH,"0,708","0,68","0,028","0,033",21,drought,"24,28571","14,987",,3,8,11,WAHR,752
image_1530.png,3,farmbot_uzk_2,81,"1723105465,08162","24,692912184329","47,6966506446937","1442,8512",249,16318977,16319226,FALSCH,"0,708","0,68","0,028","0,033",21,drought,"24,28571","14,987",,3,8,11,FALSCH,752
image_1531.png,3,farmbot_uzk_2,82,"1723105465,08162","24,692912184329","47,6966506446937","1442,8512",249,16318977,16319226,FALSCH,"0,833","0,78","0,053","0,0344",21,drought,"14,71698","15,9982",,2,8,10,FALSCH,753
image_1532.png,3,farmbot_uzk_2,82,"1723104507,37157","25,2990768291753","46,4255741206989","4308,1536",697,45680094,45680791,FALSCH,"0,833","0,78","0,053","0,0344",21,drought,"14,71698","15,9982",,2,8,10,WAHR,753
image_1533.png,3,farmbot_uzk_2,83,"1723104507,37157","25,2990768291753","46,4255741206989","4308,1536",697,45680094,45680791,FALSCH,"0,35","0,3311","0,0189","0,0218",21,drought,"17,51852","10,4736",,3,5,8,WAHR,754
image_1534.png,3,farmbot_uzk_2,83,"1723105465,08162","24,692912184329","47,6966506446937","1442,8512",249,16318977,16319226,FALSCH,"0,35","0,3311","0,0189","0,0218",21,drought,"17,51852","10,4736",,3,5,8,FALSCH,754
image_1535.png,3,farmbot_uzk_2,84,"1723104507,37157","25,2990768291753","46,4255741206989","4308,1536",697,45680094,45680791,FALSCH,"0,562","0,536","0,026","0,0306",21,drought,"20,61538","10,3375","13,1248",4,9,13,WAHR,755
image_1536.png,3,farmbot_uzk_2,84,"1723105465,08162","24,692912184329","47,6966506446937","1442,8512",249,16318977,16319226,FALSCH,"0,562","0,536","0,026","0,0306",21,drought,"20,61538","10,3375","13,1248",4,9,13,FALSCH,755
image_1537.png,3,farmbot_uzk_2,85,"1723105533,38256","24,6795605401694","47,9407949950408","1415,9232",239,15663604,15663843,FALSCH,"0,487","0,479","0,008","0,0232",21,drought,"59,875","11,2668","11,5729",4,12,16,FALSCH,756
image_1538.png,3,farmbot_uzk_2,85,"1723104597,62982","25,5394064240482","45,986114290074","4032,1824",648,42468731,42469379,FALSCH,"0,487","0,479","0,008","0,0232",21,drought,"59,875","11,2668","11,5729",4,12,16,WAHR,756
image_1539.png,3,farmbot_uzk_2,86,"1723104597,62982","25,5394064240482","45,986114290074","4032,1824",648,42468731,42469379,FALSCH,"0,73","0,682","0,048","0,0412",21,drought,"14,20833","15,0631","16,515",4,11,15,WAHR,757
image_1540.png,3,farmbot_uzk_2,86,"1723105533,38256","24,6795605401694","47,9407949950408","1415,9232",239,15663604,15663843,FALSCH,"0,73","0,682","0,048","0,0412",21,drought,"14,20833","15,0631","16,515",4,11,15,FALSCH,757
image_1541.png,3,farmbot_uzk_2,87,"1723105533,38256","24,6795605401694","47,9407949950408","1415,9232",239,15663604,15663843,FALSCH,"0,453","0,44","0,013",,21,drought,"33,84615","6,1995","8,0249",3,8,11,FALSCH,758
image_1542.png,3,farmbot_uzk_2,87,"1723104597,62982","25,5394064240482","45,986114290074","4032,1824",648,42468731,42469379,FALSCH,"0,453","0,44","0,013",,21,drought,"33,84615","6,1995","8,0249",3,8,11,WAHR,758
image_1543.png,3,farmbot_uzk_2,88,"1723104597,62982","25,5394064240482","45,986114290074","4032,1824",648,42468731,42469379,FALSCH,"0,286","0,26","0,026","0,0161",21,drought,10,"8,4237","8,3448",4,8,12,WAHR,759
image_1544.png,3,farmbot_uzk_2,88,"1723105533,38256","24,6795605401694","47,9407949950408","1415,9232",239,15663604,15663843,FALSCH,"0,286","0,26","0,026","0,0161",21,drought,10,"8,4237","8,3448",4,8,12,FALSCH,759
image_1545.png,3,farmbot_uzk_2,89,"1723105533,38256","24,6795605401694","47,9407949950408","1415,9232",239,15663604,15663843,FALSCH,"0,613","0,593","0,02","0,0314",21,drought,"29,65","13,4788","14,8057",3,11,14,FALSCH,760
image_1546.png,3,farmbot_uzk_2,89,"1723104597,62982","25,5394064240482","45,986114290074","4032,1824",648,42468731,42469379,FALSCH,"0,613","0,593","0,02","0,0314",21,drought,"29,65","13,4788","14,8057",3,11,14,WAHR,760
image_1547.png,3,farmbot_uzk_2,90,"1723105533,38256","24,6795605401694","47,9407949950408","1415,9232",239,15663604,15663843,FALSCH,"0,491","0,469","0,022","0,0298",21,drought,"21,31818","12,1603","12,6196",3,11,14,FALSCH,761
image_1548.png,3,farmbot_uzk_2,90,"1723104597,62982","25,5394064240482","45,986114290074","4032,1824",648,42468731,42469379,FALSCH,"0,491","0,469","0,022","0,0298",21,drought,"21,31818","12,1603","12,6196",3,11,14,WAHR,761
image_1549.png,3,farmbot_uzk_2,91,"1723105570,6167","24,6635385671778","48,3100633249409","1386,7104",233,15270377,15270610,FALSCH,"0,25","0,24","0,01","0,016",21,drought,24,"6,7772","7,0419",2,9,11,FALSCH,762
image_1550.png,3,farmbot_uzk_2,91,"1723104633,07693","25,4539559014267","45,2948805981537","4050,2976",652,42730882,42731534,FALSCH,"0,25","0,24","0,01","0,016",21,drought,24,"6,7772","7,0419",2,9,11,WAHR,762
image_1551.png,3,farmbot_uzk_2,92,"1723105570,6167","24,6635385671778","48,3100633249409","1386,7104",233,15270377,15270610,FALSCH,"0,149","0,117","0,032","0,007",21,drought,"3,65625","2,9337","2,9761",1,8,9,FALSCH,763
image_1552.png,3,farmbot_uzk_2,92,"1723104633,07693","25,4539559014267","45,2948805981537","4050,2976",652,42730882,42731534,FALSCH,"0,149","0,117","0,032","0,007",21,drought,"3,65625","2,9337","2,9761",1,8,9,WAHR,763
image_1553.png,3,farmbot_uzk_2,93,"1723104633,07693","25,4539559014267","45,2948805981537","4050,2976",652,42730882,42731534,FALSCH,"0,47","0,448","0,022","0,0271",21,drought,"20,36364","9,5787","10,5888",2,8,10,WAHR,764
image_1554.png,3,farmbot_uzk_2,93,"1723105570,6167","24,6635385671778","48,3100633249409","1386,7104",233,15270377,15270610,FALSCH,"0,47","0,448","0,022","0,0271",21,drought,"20,36364","9,5787","10,5888",2,8,10,FALSCH,764
image_1555.png,3,farmbot_uzk_2,94,"1723104633,07693","25,4539559014267","45,2948805981537","4050,2976",652,42730882,42731534,FALSCH,"0,546","0,494","0,052","0,0266",21,drought,"9,5","10,2442","11,8033",2,9,11,WAHR,765
image_1556.png,3,farmbot_uzk_2,94,"1723105570,6167","24,6635385671778","48,3100633249409","1386,7104",233,15270377,15270610,FALSCH,"0,546","0,494","0,052","0,0266",21,drought,"9,5","10,2442","11,8033",2,9,11,FALSCH,765
image_1557.png,3,farmbot_uzk_2,95,"1723105570,6167","24,6635385671778","48,3100633249409","1386,7104",233,15270377,15270610,FALSCH,"0,488","0,456","0,032","0,0275",21,salinity,"14,25","12,3814","11,5056",4,9,13,FALSCH,766
image_1558.png,3,farmbot_uzk_2,95,"1723104633,07693","25,4539559014267","45,2948805981537","4050,2976",652,42730882,42731534,FALSCH,"0,488","0,456","0,032","0,0275",21,salinity,"14,25","12,3814","11,5056",4,9,13,WAHR,766
image_1559.png,3,farmbot_uzk_2,96,"1723104633,07693","25,4539559014267","45,2948805981537","4050,2976",652,42730882,42731534,FALSCH,"0,688","0,651","0,037","0,0359",21,salinity,"17,59459","18,8084","16,3784",0,9,9,WAHR,767
image_1560.png,3,farmbot_uzk_2,96,"1723105570,6167","24,6635385671778","48,3100633249409","1386,7104",233,15270377,15270610,FALSCH,"0,688","0,651","0,037","0,0359",21,salinity,"17,59459","18,8084","16,3784",0,9,9,FALSCH,767
image_1561.png,3,farmbot_uzk_2,97,"1723104669,28076","25,411230640116","45,7343404287785","4231,2864",678,44434879,44435557,FALSCH,"0,532","0,489","0,043","0,0269",21,salinity,"11,37209","10,9706","9,8219",2,5,7,WAHR,768
image_1562.png,3,farmbot_uzk_2,97,"1723105607,6604","24,5513847562371","49,2072938124666","1349,0112",224,14680538,14680762,FALSCH,"0,532","0,489","0,043","0,0269",21,salinity,"11,37209","10,9706","9,8219",2,5,7,FALSCH,768
image_1563.png,3,farmbot_uzk_2,98,"1723104669,28076","25,411230640116","45,7343404287785","4231,2864",678,44434879,44435557,FALSCH,"0,401","0,372","0,029","0,02",21,salinity,"12,82759","8,9578","8,5244",2,6,8,WAHR,769
image_1564.png,3,farmbot_uzk_2,98,"1723105607,6604","24,5513847562371","49,2072938124666","1349,0112",224,14680538,14680762,FALSCH,"0,401","0,372","0,029","0,02",21,salinity,"12,82759","8,9578","8,5244",2,6,8,FALSCH,769
image_1565.png,3,farmbot_uzk_2,99,"1723104669,28076","25,411230640116","45,7343404287785","4231,2864",678,44434879,44435557,FALSCH,"0,979","0,945","0,034","0,0564",21,salinity,"27,79412","20,925","19,5139",1,8,9,WAHR,770
image_1566.png,3,farmbot_uzk_2,99,"1723105607,6604","24,5513847562371","49,2072938124666","1349,0112",224,14680538,14680762,FALSCH,"0,979","0,945","0,034","0,0564",21,salinity,"27,79412","20,925","19,5139",1,8,9,FALSCH,770
image_1567.png,3,farmbot_uzk_2,100,"1723105607,6604","24,5513847562371","49,2072938124666","1349,0112",224,14680538,14680762,FALSCH,"0,547","0,505","0,042","0,048",21,salinity,"12,02381","10,6895","10,2663",3,8,11,FALSCH,771
image_1568.png,3,farmbot_uzk_2,100,"1723104669,28076","25,411230640116","45,7343404287785","4231,2864",678,44434879,44435557,FALSCH,"0,547","0,505","0,042","0,048",21,salinity,"12,02381","10,6895","10,2663",3,8,11,WAHR,771
image_1569.png,3,farmbot_uzk_2,101,"1723104669,28076","25,411230640116","45,7343404287785","4231,2864",678,44434879,44435557,FALSCH,"0,8","0,608","0,192","0,0239",21,salinity,"3,16667","10,7057","10,1328",2,9,11,WAHR,772
image_1570.png,3,farmbot_uzk_2,101,"1723105607,6604","24,5513847562371","49,2072938124666","1349,0112",224,14680538,14680762,FALSCH,"0,8","0,608","0,192","0,0239",21,salinity,"3,16667","10,7057","10,1328",2,9,11,FALSCH,772
image_1571.png,3,farmbot_uzk_2,102,"1723104669,28076","25,411230640116","45,7343404287785","4231,2864",678,44434879,44435557,FALSCH,"0,63","0,58","0,05","0,0212",21,salinity,"11,6","15,9116","15,7233",3,11,14,WAHR,773
image_1572.png,3,farmbot_uzk_2,102,"1723105607,6604","24,5513847562371","49,2072938124666","1349,0112",224,14680538,14680762,FALSCH,"0,63","0,58","0,05","0,0212",21,salinity,"11,6","15,9116","15,7233",3,11,14,FALSCH,773
image_1573.png,3,farmbot_uzk_2,103,"1723105647,67345","24,5513847562371","49,071488517586","1299,072",215,14090696,14090911,FALSCH,"0,7","0,639","0,061","0,0491",21,salinity,"10,47541","15,748","15,5196",2,8,10,FALSCH,774
image_1574.png,3,farmbot_uzk_2,103,"1723104706,53613","25,4673075455863","46,1264972915236","4253,4816",682,44697031,44697713,FALSCH,"0,7","0,639","0,061","0,0491",21,salinity,"10,47541","15,748","15,5196",2,8,10,WAHR,774
image_1575.png,3,farmbot_uzk_2,104,"1723105647,67345","24,5513847562371","49,071488517586","1299,072",215,14090696,14090911,FALSCH,"0,336","0,211","0,125","0,0175",21,salinity,"1,688","6,601","6,4013",2,9,11,FALSCH,775
image_1576.png,3,farmbot_uzk_2,104,"1723104706,53613","25,4673075455863","46,1264972915236","4253,4816",682,44697031,44697713,FALSCH,"0,336","0,211","0,125","0,0175",21,salinity,"1,688","6,601","6,4013",2,9,11,WAHR,775
image_1577.png,3,farmbot_uzk_2,105,"1723105647,67345","24,5513847562371","49,071488517586","1299,072",215,14090696,14090911,FALSCH,"0,663","0,582","0,081","0,0401",21,salinity,"7,18519","12,3765","14,0948",2,11,13,FALSCH,776
image_1578.png,3,farmbot_uzk_2,105,"1723104706,53613","25,4673075455863","46,1264972915236","4253,4816",682,44697031,44697713,FALSCH,"0,663","0,582","0,081","0,0401",21,salinity,"7,18519","12,3765","14,0948",2,11,13,WAHR,776
image_1579.png,3,farmbot_uzk_2,106,"1723104706,53613","25,4673075455863","46,1264972915236","4253,4816",682,44697031,44697713,FALSCH,"0,335","0,226","0,109","0,013",21,salinity,"2,07339","3,917","3,8913",0,7,7,WAHR,777
image_1580.png,3,farmbot_uzk_2,106,"1723105647,67345","24,5513847562371","49,071488517586","1299,072",215,14090696,14090911,FALSCH,"0,335","0,226","0,109","0,013",21,salinity,"2,07339","3,917","3,8913",0,7,7,FALSCH,777
image_1581.png,3,farmbot_uzk_2,107,"1723104706,53613","25,4673075455863","46,1264972915236","4253,4816",682,44697031,44697713,FALSCH,"0,5","0,431","0,069","0,0177",21,salinity,"6,24638","4,6618","3,5563",2,6,8,WAHR,778
image_1582.png,3,farmbot_uzk_2,107,"1723105647,67345","24,5513847562371","49,071488517586","1299,072",215,14090696,14090911,FALSCH,"0,5","0,431","0,069","0,0177",21,salinity,"6,24638","4,6618","3,5563",2,6,8,FALSCH,778
image_1583.png,3,farmbot_uzk_2,108,"1723104706,53613","25,4673075455863","46,1264972915236","4253,4816",682,44697031,44697713,FALSCH,"0,576","0,538","0,038","0,0281",21,salinity,"14,15789","7,7063","7,5079",0,6,6,WAHR,779
image_1584.png,3,farmbot_uzk_2,108,"1723105647,67345","24,5513847562371","49,071488517586","1299,072",215,14090696,14090911,FALSCH,"0,576","0,538","0,038","0,0281",21,salinity,"14,15789","7,7063","7,5079",0,6,6,FALSCH,779
image_1585.png,3,farmbot_uzk_2,109,"1723104747,02957","25,4833295185779","45,3986419470512","4284,4896",692,45352405,45353097,FALSCH,"0,788","0,654","0,134","0,0331",21,salinity,"4,8806","12,3615","12,5721",0,8,8,WAHR,780
image_1586.png,3,farmbot_uzk_2,109,"1723105684,70378","24,4499122606241","48,8105592431525","1314,576",220,14418383,14418603,FALSCH,"0,788","0,654","0,134","0,0331",21,salinity,"4,8806","12,3615","12,5721",0,8,8,FALSCH,780
image_1587.png,3,farmbot_uzk_2,110,"1723104747,02957","25,4833295185779","45,3986419470512","4284,4896",692,45352405,45353097,FALSCH,"0,488","0,415","0,073","0,0511",21,salinity,"5,68493","6,4359","6,9969",2,5,7,WAHR,781
image_1588.png,3,farmbot_uzk_2,110,"1723105684,70378","24,4499122606241","48,8105592431525","1314,576",220,14418383,14418603,FALSCH,"0,488","0,415","0,073","0,0511",21,salinity,"5,68493","6,4359","6,9969",2,5,7,FALSCH,781
image_1589.png,3,farmbot_uzk_2,111,"1723104747,02957","25,4833295185779","45,3986419470512","4284,4896",692,45352405,45353097,FALSCH,"0,541","0,491","0,05","0,0353",21,salinity,"9,82","10,1163","9,4979",0,7,7,WAHR,782
image_1590.png,3,farmbot_uzk_2,111,"1723105684,70378","24,4499122606241","48,8105592431525","1314,576",220,14418383,14418603,FALSCH,"0,541","0,491","0,05","0,0353",21,salinity,"9,82","10,1163","9,4979",0,7,7,FALSCH,782
image_1591.png,3,farmbot_uzk_2,112,"1723105684,70378","24,4499122606241","48,8105592431525","1314,576",220,14418383,14418603,FALSCH,"0,904","0,818","0,086","0,0352",21,salinity,"9,51163","19,4656","19,4169",3,10,13,FALSCH,783
image_1592.png,3,farmbot_uzk_2,112,"1723104747,02957","25,4833295185779","45,3986419470512","4284,4896",692,45352405,45353097,FALSCH,"0,904","0,818","0,086","0,0352",21,salinity,"9,51163","19,4656","19,4169",3,10,13,WAHR,783
image_1593.png,3,farmbot_uzk_2,113,"1723104747,02957","25,4833295185779","45,3986419470512","4284,4896",692,45352405,45353097,FALSCH,"0,757","0,701","0,056","0,0407",28,control,"12,51786","18,1213","17,5397",4,11,15,WAHR,784
image_1594.png,3,farmbot_uzk_2,113,"1723105684,70378","24,4499122606241","48,8105592431525","1314,576",220,14418383,14418603,FALSCH,"0,757","0,701","0,056","0,0407",28,control,"12,51786","18,1213","17,5397",4,11,15,FALSCH,784
image_1595.png,3,farmbot_uzk_2,114,"1723105684,70378","24,4499122606241","48,8105592431525","1314,576",220,14418383,14418603,FALSCH,"0,667","0,562","0,105","0,0324",28,control,"5,35238","14,1424","15,033",4,8,12,FALSCH,785
image_1596.png,3,farmbot_uzk_2,114,"1723104747,02957","25,4833295185779","45,3986419470512","4284,4896",692,45352405,45353097,FALSCH,"0,667","0,562","0,105","0,0324",28,control,"5,35238","14,1424","15,033",4,8,12,WAHR,785
image_1597.png,3,farmbot_uzk_2,115,"1723710865,2315","27,6863508049134","51,0978866254673","962,88",225,14745980,14746205,FALSCH,"0,366","0,31","0,056","0,0201",28,control,"5,53571","7,1143","5,9585",2,7,9,FALSCH,786
image_1598.png,3,farmbot_uzk_2,115,"1723709836,77981","28,2230869001297","51,2733653772793","1426,368",285,18678292,18678577,FALSCH,"0,366","0,31","0,056","0,0201",28,control,"5,53571","7,1143","5,9585",2,7,9,WAHR,786
image_1599.png,3,farmbot_uzk_2,116,"1723709836,77981","28,2230869001297","51,2733653772793","1426,368",285,18678292,18678577,FALSCH,"0,519","0,424","0,095","0,0242",28,control,"4,46316","7,2058","8,0693",3,7,10,WAHR,787
image_1600.png,3,farmbot_uzk_2,116,"1723710865,2315","27,6863508049134","51,0978866254673","962,88",225,14745980,14746205,FALSCH,"0,519","0,424","0,095","0,0242",28,control,"4,46316","7,2058","8,0693",3,7,10,FALSCH,787
image_1601.png,3,farmbot_uzk_2,117,"1723709836,77981","28,2230869001297","51,2733653772793","1426,368",285,18678292,18678577,FALSCH,"1,544","1,341","0,203","0,0738",28,control,"6,60591","21,5158","22,0968",2,11,13,WAHR,788
image_1602.png,3,farmbot_uzk_2,117,"1723710865,2315","27,6863508049134","51,0978866254673","962,88",225,14745980,14746205,FALSCH,"1,544","1,341","0,203","0,0738",28,control,"6,60591","21,5158","22,0968",2,11,13,FALSCH,788
image_1603.png,3,farmbot_uzk_2,118,"1723709836,77981","28,2230869001297","51,2733653772793","1426,368",285,18678292,18678577,FALSCH,"1,211","1,023","0,188","0,0632",28,control,"5,44149","16,5842","18,0033",4,12,16,WAHR,789
image_1604.png,3,farmbot_uzk_2,118,"1723710865,2315","27,6863508049134","51,0978866254673","962,88",225,14745980,14746205,FALSCH,"1,211","1,023","0,188","0,0632",28,control,"5,44149","16,5842","18,0033",4,12,16,FALSCH,789
image_1605.png,3,farmbot_uzk_2,119,"1723710865,2315","27,6863508049134","51,0978866254673","962,88",225,14745980,14746205,FALSCH,"1,574","1,329","0,245","0,0721",28,control,"5,42449","21,7343","21,3238",0,15,15,FALSCH,790
image_1606.png,3,farmbot_uzk_2,119,"1723709836,77981","28,2230869001297","51,2733653772793","1426,368",285,18678292,18678577,FALSCH,"1,574","1,329","0,245","0,0721",28,control,"5,42449","21,7343","21,3238",0,15,15,WAHR,790
image_1607.png,3,farmbot_uzk_2,120,"1723710865,2315","27,6863508049134","51,0978866254673","962,88",225,14745980,14746205,FALSCH,"0,481","0,176","0,305","0,0158",28,control,"0,57705","5,5889","5,5879",4,12,16,FALSCH,791
image_1608.png,3,farmbot_uzk_2,120,"1723709836,77981","28,2230869001297","51,2733653772793","1426,368",285,18678292,18678577,FALSCH,"0,481","0,176","0,305","0,0158",28,control,"0,57705","5,5889","5,5879",4,12,16,WAHR,791
image_1609.png,3,farmbot_uzk_2,121,"1723709880,36442","28,3939879453727","50,6965743495842","1455,5808",291,19071519,19071810,FALSCH,"0,737","0,538","0,199","0,0369",28,control,"2,70352","10,9185","9,8433",3,9,12,WAHR,792
image_1610.png,3,farmbot_uzk_2,121,"1723710916,45293","27,462043183032","51,2397955291066","963,2064",228,14942590,14942818,FALSCH,"0,737","0,538","0,199","0,0369",28,control,"2,70352","10,9185","9,8433",3,9,12,FALSCH,792
image_1611.png,3,farmbot_uzk_2,122,"1723709880,36442","28,3939879453727","50,6965743495842","1455,5808",291,19071519,19071810,FALSCH,"0,564","0,474","0,09","0,0444",28,control,"5,26667","11,8181","11,6816",3,12,15,WAHR,793
image_1612.png,3,farmbot_uzk_2,122,"1723710916,45293","27,462043183032","51,2397955291066","963,2064",228,14942590,14942818,FALSCH,"0,564","0,474","0,09","0,0444",28,control,"5,26667","11,8181","11,6816",3,12,15,FALSCH,793
image_1613.png,3,farmbot_uzk_2,123,"1723710916,45293","27,462043183032","51,2397955291066","963,2064",228,14942590,14942818,FALSCH,"2,113","1,67","0,443","0,0914",28,control,"3,76975","25,6322","31,6188",4,24,28,FALSCH,794
image_1614.png,3,farmbot_uzk_2,123,"1723709880,36442","28,3939879453727","50,6965743495842","1455,5808",291,19071519,19071810,FALSCH,"2,113","1,67","0,443","0,0914",28,control,"3,76975","25,6322","31,6188",4,24,28,WAHR,794
image_1615.png,3,farmbot_uzk_2,124,"1723709880,36442","28,3939879453727","50,6965743495842","1455,5808",291,19071519,19071810,FALSCH,"0,76","0,706","0,054","0,067",28,control,"13,07407","16,4911","16,73",3,12,15,WAHR,795
image_1616.png,3,farmbot_uzk_2,124,"1723710916,45293","27,462043183032","51,2397955291066","963,2064",228,14942590,14942818,FALSCH,"0,76","0,706","0,054","0,067",28,control,"13,07407","16,4911","16,73",3,12,15,FALSCH,795
image_1617.png,3,farmbot_uzk_2,125,"1723710916,45293","27,462043183032","51,2397955291066","963,2064",228,14942590,14942818,FALSCH,"0,996","0,826","0,17","0,0711",28,control,"4,85882","13,2194","12,7292",0,10,10,FALSCH,796
image_1618.png,3,farmbot_uzk_2,125,"1723709880,36442","28,3939879453727","50,6965743495842","1455,5808",291,19071519,19071810,FALSCH,"0,996","0,826","0,17","0,0711",28,control,"4,85882","13,2194","12,7292",0,10,10,WAHR,796
image_1619.png,3,farmbot_uzk_2,126,"1723710916,45293","27,462043183032","51,2397955291066","963,2064",228,14942590,14942818,FALSCH,"0,774","0,602","0,172","0,0574",28,control,"3,5","14,6447","14,7896",4,14,18,FALSCH,797
image_1620.png,3,farmbot_uzk_2,126,"1723709880,36442","28,3939879453727","50,6965743495842","1455,5808",291,19071519,19071810,FALSCH,"0,774","0,602","0,172","0,0574",28,control,"3,5","14,6447","14,7896",4,14,18,WAHR,797
image_1621.png,3,farmbot_uzk_2,127,"1723710960,82022","27,4193179217212","51,1482413977264","931,3824",223,14614899,14615122,FALSCH,"1,123","1,019","0,104","0,0708",28,control,"9,79808","20,4351","21,0874",0,15,15,FALSCH,798
image_1622.png,3,farmbot_uzk_2,127,"1723709920,00435","28,5355153734646","49,7535667963684","1452,9696",292,19137055,19137347,FALSCH,"1,123","1,019","0,104","0,0708",28,control,"9,79808","20,4351","21,0874",0,15,15,WAHR,798
image_1623.png,3,farmbot_uzk_2,128,"1723709920,00435","28,5355153734646","49,7535667963684","1452,9696",292,19137055,19137347,FALSCH,"0,963","0,709","0,254","0,0798",28,control,"2,79134","16,4705","15,9723",0,11,11,WAHR,799
image_1624.png,3,farmbot_uzk_2,128,"1723710960,82022","27,4193179217212","51,1482413977264","931,3824",223,14614899,14615122,FALSCH,"0,963","0,709","0,254","0,0798",28,control,"2,79134","16,4705","15,9723",0,11,11,FALSCH,799
image_1625.png,3,farmbot_uzk_2,129,"1723709920,00435","28,5355153734646","49,7535667963684","1452,9696",292,19137055,19137347,FALSCH,"0,993","0,9","0,093","0,0631",28,control,"9,67742","20,5299","21,9825",2,25,27,WAHR,800
image_1626.png,3,farmbot_uzk_2,129,"1723710960,82022","27,4193179217212","51,1482413977264","931,3824",223,14614899,14615122,FALSCH,"0,993","0,9","0,093","0,0631",28,control,"9,67742","20,5299","21,9825",2,25,27,FALSCH,800
image_1627.png,3,farmbot_uzk_2,130,"1723710960,82022","27,4193179217212","51,1482413977264","931,3824",223,14614899,14615122,FALSCH,"0,792","0,58","0,212","0,045",28,control,"2,73585","13,0348","14,3879",2,18,20,FALSCH,801
image_1628.png,3,farmbot_uzk_2,130,"1723709920,00435","28,5355153734646","49,7535667963684","1452,9696",292,19137055,19137347,FALSCH,"0,792","0,58","0,212","0,045",28,control,"2,73585","13,0348","14,3879",2,18,20,WAHR,801
image_1629.png,3,farmbot_uzk_2,131,"1723709920,00435","28,5355153734646","49,7535667963684","1452,9696",292,19137055,19137347,FALSCH,"1,384","1,189","0,195","0,0884",28,control,"6,09744","24,101","24,4852",3,14,17,WAHR,802
image_1630.png,3,farmbot_uzk_2,131,"1723710960,82022","27,4193179217212","51,1482413977264","931,3824",223,14614899,14615122,FALSCH,"1,384","1,189","0,195","0,0884",28,control,"6,09744","24,101","24,4852",3,14,17,FALSCH,802
image_1631.png,3,farmbot_uzk_2,132,"1723709920,00435","28,5355153734646","49,7535667963684","1452,9696",292,19137055,19137347,FALSCH,"0,895","0,707","0,188","0,0513",28,drought,"3,76064","13,3437","13,8519",3,13,16,WAHR,803
image_1632.png,3,farmbot_uzk_2,132,"1723710960,82022","27,4193179217212","51,1482413977264","931,3824",223,14614899,14615122,FALSCH,"0,895","0,707","0,188","0,0513",28,drought,"3,76064","13,3437","13,8519",3,13,16,FALSCH,803
image_1633.png,3,farmbot_uzk_2,133,"1723711007,53494","27,2938124666209","51,3542381933318","921,4272",219,14352750,14352969,FALSCH,"1,603","1,308","0,295","0,0812",28,drought,"4,4339","22,8065","24,5066",3,19,22,FALSCH,804
image_1634.png,3,farmbot_uzk_2,133,"1723709964,88974","28,5782406347753","49,2988479438468","1464,0672",294,19268131,19268425,FALSCH,"1,603","1,308","0,295","0,0812",28,drought,"4,4339","22,8065","24,5066",3,19,22,WAHR,804
image_1635.png,3,farmbot_uzk_2,134,"1723709964,88974","28,5782406347753","49,2988479438468","1464,0672",294,19268131,19268425,FALSCH,"0,926","0,754","0,172","0,0665",28,drought,"4,38372","17,4186","17,3496",2,11,13,WAHR,805
image_1636.png,3,farmbot_uzk_2,134,"1723711007,53494","27,2938124666209","51,3542381933318","921,4272",219,14352750,14352969,FALSCH,"0,926","0,754","0,172","0,0665",28,drought,"4,38372","17,4186","17,3496",2,11,13,FALSCH,805
image_1637.png,3,farmbot_uzk_2,135,"1723711007,53494","27,2938124666209","51,3542381933318","921,4272",219,14352750,14352969,FALSCH,"0,97","0,825","0,145","0,0515",28,drought,"5,68966","15,8179","16,5205",3,12,15,FALSCH,806
image_1638.png,3,farmbot_uzk_2,135,"1723709964,88974","28,5782406347753","49,2988479438468","1464,0672",294,19268131,19268425,FALSCH,"0,97","0,825","0,145","0,0515",28,drought,"5,68966","15,8179","16,5205",3,12,15,WAHR,806
image_1639.png,3,farmbot_uzk_2,136,"1723711007,53494","27,2938124666209","51,3542381933318","921,4272",219,14352750,14352969,FALSCH,"0,749","0,659","0,09","0,0551",28,drought,"7,32222","13,2577","14,2717",3,12,15,FALSCH,807
image_1640.png,3,farmbot_uzk_2,136,"1723709964,88974","28,5782406347753","49,2988479438468","1464,0672",294,19268131,19268425,FALSCH,"0,749","0,659","0,09","0,0551",28,drought,"7,32222","13,2577","14,2717",3,12,15,WAHR,807
image_1641.png,3,farmbot_uzk_2,137,"1723711007,53494","27,2938124666209","51,3542381933318","921,4272",219,14352750,14352969,FALSCH,"0,73","0,647","0,083","0,0382",28,drought,"7,79518","10,723","10,9424",0,13,13,FALSCH,808
image_1642.png,3,farmbot_uzk_2,137,"1723709964,88974","28,5782406347753","49,2988479438468","1464,0672",294,19268131,19268425,FALSCH,"0,73","0,647","0,083","0,0382",28,drought,"7,79518","10,723","10,9424",0,13,13,WAHR,808
image_1643.png,3,farmbot_uzk_2,138,"1723709964,88974","28,5782406347753","49,2988479438468","1464,0672",294,19268131,19268425,FALSCH,"0,446","0,276","0,17","0,0188",28,drought,"1,62353","5,5835","5,9372",2,10,12,WAHR,809
image_1644.png,3,farmbot_uzk_2,138,"1723711007,53494","27,2938124666209","51,3542381933318","921,4272",219,14352750,14352969,FALSCH,"0,446","0,276","0,17","0,0188",28,drought,"1,62353","5,5835","5,9372",2,10,12,FALSCH,809
image_1645.png,3,farmbot_uzk_2,139,"1723711047,53035","27,3205157549401","51,1940184634165","878,1792",209,13697373,13697582,FALSCH,"1,091",1,"0,091","0,064",28,drought,"10,98901","14,1055","15,3817",0,21,21,FALSCH,810
image_1646.png,3,farmbot_uzk_2,139,"1723710006,36624","28,4927901121538","49,385824368658","1480,7136",297,19464745,19465042,FALSCH,"1,091",1,"0,091","0,064",28,drought,"10,98901","14,1055","15,3817",0,21,21,WAHR,810
image_1647.png,3,farmbot_uzk_2,140,"1723710006,36624","28,4927901121538","49,385824368658","1480,7136",297,19464745,19465042,FALSCH,"1,133","0,886","0,247","0,0551",28,drought,"3,58704","16,5505","18,48",1,10,11,WAHR,811
image_1648.png,3,farmbot_uzk_2,140,"1723711047,53035","27,3205157549401","51,1940184634165","878,1792",209,13697373,13697582,FALSCH,"1,133","0,886","0,247","0,0551",28,drought,"3,58704","16,5505","18,48",1,10,11,FALSCH,811
image_1649.png,3,farmbot_uzk_2,141,"1723711047,53035","27,3205157549401","51,1940184634165","878,1792",209,13697373,13697582,FALSCH,"0,77","0,65","0,12","0,0487",28,drought,"5,41667","13,0287","11,5673",2,12,14,FALSCH,812
image_1650.png,3,farmbot_uzk_2,141,"1723710006,36624","28,4927901121538","49,385824368658","1480,7136",297,19464745,19465042,FALSCH,"0,77","0,65","0,12","0,0487",28,drought,"5,41667","13,0287","11,5673",2,12,14,WAHR,812
image_1651.png,3,farmbot_uzk_2,142,"1723710006,36624","28,4927901121538","49,385824368658","1480,7136",297,19464745,19465042,FALSCH,"0,818","0,719","0,099","0,0535",28,drought,"7,26263","18,997","18,4096",3,16,19,WAHR,813
image_1652.png,3,farmbot_uzk_2,142,"1723711047,53035","27,3205157549401","51,1940184634165","878,1792",209,13697373,13697582,FALSCH,"0,818","0,719","0,099","0,0535",28,drought,"7,26263","18,997","18,4096",3,16,19,FALSCH,813
image_1653.png,3,farmbot_uzk_2,143,"1723710006,36624","28,4927901121538","49,385824368658","1480,7136",297,19464745,19465042,FALSCH,"1,923","1,423","0,5","0,1017",28,drought,"2,846","27,0112","27,8439",2,20,22,WAHR,814
image_1654.png,3,farmbot_uzk_2,143,"1723711047,53035","27,3205157549401","51,1940184634165","878,1792",209,13697373,13697582,FALSCH,"1,923","1,423","0,5","0,1017",28,drought,"2,846","27,0112","27,8439",2,20,22,FALSCH,814
image_1655.png,3,farmbot_uzk_2,144,"1723711047,53035","27,3205157549401","51,1940184634165","878,1792",209,13697373,13697582,FALSCH,"0,536","0,387","0,149","0,0282",28,drought,"2,59732","8,6012","8,0073",0,11,11,FALSCH,815
image_1656.png,3,farmbot_uzk_2,144,"1723710006,36624","28,4927901121538","49,385824368658","1480,7136",297,19464745,19465042,FALSCH,"0,536","0,387","0,149","0,0282",28,drought,"2,59732","8,6012","8,0073",0,11,11,WAHR,815
image_1657.png,3,farmbot_uzk_2,145,"1723711091,95771","27,3632410162509","51,6746776531624","870,0192",209,13697371,13697580,FALSCH,"0,259","0,201","0,058","0,0453",28,drought,"3,46552","4,1792","4,3605",0,7,7,FALSCH,816
image_1658.png,3,farmbot_uzk_2,145,"1723710051,6034","28,4927901121538","49,6742198825055","1491,8112",299,19595821,19596120,FALSCH,"0,259","0,201","0,058","0,0453",28,drought,"3,46552","4,1792","4,3605",0,7,7,WAHR,816
image_1659.png,3,farmbot_uzk_2,146,"1723710051,6034","28,4927901121538","49,6742198825055","1491,8112",299,19595821,19596120,FALSCH,"0,682","0,649","0,033","0,042",28,drought,"19,66667","10,3381","10,7966",0,20,20,WAHR,817
image_1660.png,3,farmbot_uzk_2,146,"1723711091,95771","27,3632410162509","51,6746776531624","870,0192",209,13697371,13697580,FALSCH,"0,682","0,649","0,033","0,042",28,drought,"19,66667","10,3381","10,7966",0,20,20,FALSCH,817
image_1661.png,3,farmbot_uzk_2,147,"1723710051,6034","28,4927901121538","49,6742198825055","1491,8112",299,19595821,19596120,FALSCH,"0,393","0,313","0,08","0,0624",28,drought,"3,9125","6,5171","6,1979",0,15,15,WAHR,818
image_1662.png,3,farmbot_uzk_2,147,"1723711091,95771","27,3632410162509","51,6746776531624","870,0192",209,13697371,13697580,FALSCH,"0,393","0,313","0,08","0,0624",28,drought,"3,9125","6,5171","6,1979",0,15,15,FALSCH,818
image_1663.png,3,farmbot_uzk_2,148,"1723710051,6034","28,4927901121538","49,6742198825055","1491,8112",299,19595821,19596120,FALSCH,"0,843","0,662","0,181","0,0583",28,drought,"3,65746","19,9174","15,7862",0,12,12,WAHR,819
image_1664.png,3,farmbot_uzk_2,148,"1723711091,95771","27,3632410162509","51,6746776531624","870,0192",209,13697371,13697580,FALSCH,"0,843","0,662","0,181","0,0583",28,drought,"3,65746","19,9174","15,7862",0,12,12,FALSCH,819
image_1665.png,3,farmbot_uzk_2,149,"1723710051,6034","28,4927901121538","49,6742198825055","1491,8112",299,19595821,19596120,FALSCH,"0,435","0,381","0,054","0,049",28,drought,"7,05556","6,6496","5,6143",0,17,17,WAHR,820
image_1666.png,3,farmbot_uzk_2,149,"1723711091,95771","27,3632410162509","51,6746776531624","870,0192",209,13697371,13697580,FALSCH,"0,435","0,381","0,054","0,049",28,drought,"7,05556","6,6496","5,6143",0,17,17,FALSCH,820
image_1667.png,3,farmbot_uzk_2,150,"1723711091,95771","27,3632410162509","51,6746776531624","870,0192",209,13697371,13697580,FALSCH,"0,408","0,344","0,064","0,0192",28,drought,"5,375","6,2275","7,2905",0,19,19,FALSCH,821
image_1668.png,3,farmbot_uzk_2,150,"1723710051,6034","28,4927901121538","49,6742198825055","1491,8112",299,19595821,19596120,FALSCH,"0,408","0,344","0,064","0,0192",28,drought,"5,375","6,2275","7,2905",0,19,19,WAHR,821
image_1669.png,3,farmbot_uzk_2,151,"1723710095,28114","28,5782406347753","49,42244602121","1472,2272",294,19268133,19268427,FALSCH,"1,105","0,933","0,172","0,0402",28,salinity,"5,42442","14,5445",,0,15,15,WAHR,822
image_1670.png,3,farmbot_uzk_2,151,"1723711131,24083","27,1763179980163","53,0403601129168","429,216",70,4587670,4587740,FALSCH,"1,105","0,933","0,172","0,0402",28,salinity,"5,42442","14,5445",,0,15,15,FALSCH,822
image_1671.png,3,farmbot_uzk_2,152,"1723711131,24083","27,1763179980163","53,0403601129168","429,216",70,4587670,4587740,FALSCH,"1,295","1,14","0,155","0,0651",28,salinity,"7,35484","22,3249",,0,11,11,FALSCH,823
image_1672.png,3,farmbot_uzk_2,152,"1723710095,28114","28,5782406347753","49,42244602121","1472,2272",294,19268133,19268427,FALSCH,"1,295","1,14","0,155","0,0651",28,salinity,"7,35484","22,3249",,0,11,11,WAHR,823
image_1673.png,3,farmbot_uzk_2,153,"1723710095,28114","28,5782406347753","49,42244602121","1472,2272",294,19268133,19268427,FALSCH,"0,481","0,353","0,128","0,0189",28,salinity,"2,75781","6,4096",,3,5,8,WAHR,824
image_1674.png,3,farmbot_uzk_2,153,"1723711131,24083","27,1763179980163","53,0403601129168","429,216",70,4587670,4587740,FALSCH,"0,481","0,353","0,128","0,0189",28,salinity,"2,75781","6,4096",,3,5,8,FALSCH,824
image_1675.png,3,farmbot_uzk_2,154,"1723710095,28114","28,5782406347753","49,42244602121","1472,2272",294,19268133,19268427,FALSCH,"0,266","0,184","0,082","0,0333",28,salinity,"2,2439","8,9956",,0,9,9,WAHR,825
image_1676.png,3,farmbot_uzk_2,154,"1723711131,24083","27,1763179980163","53,0403601129168","429,216",70,4587670,4587740,FALSCH,"0,266","0,184","0,082","0,0333",28,salinity,"2,2439","8,9956",,0,9,9,FALSCH,825
image_1677.png,3,farmbot_uzk_2,155,"1723711131,24083","27,1763179980163","53,0403601129168","429,216",70,4587670,4587740,FALSCH,"0,73","0,633","0,097","0,0096",28,salinity,"6,52577","3,0106",,3,7,10,FALSCH,826
image_1678.png,3,farmbot_uzk_2,155,"1723710095,28114","28,5782406347753","49,42244602121","1472,2272",294,19268133,19268427,FALSCH,"0,73","0,633","0,097","0,0096",28,salinity,"6,52577","3,0106",,3,7,10,WAHR,826
image_1679.png,3,farmbot_uzk_2,156,"1723710095,28114","28,5782406347753","49,42244602121","1472,2272",294,19268133,19268427,FALSCH,"0,292","0,2","0,092","0,0127",28,salinity,"2,17391","4,6521",,1,6,7,WAHR,827
image_1680.png,3,farmbot_uzk_2,156,"1723711131,24083","27,1763179980163","53,0403601129168","429,216",70,4587670,4587740,FALSCH,"0,292","0,2","0,092","0,0127",28,salinity,"2,17391","4,6521",,1,6,7,FALSCH,827
image_1681.png,3,farmbot_uzk_2,157,"1723710139,10861","28,7037460898756","48,9524681467918","1466,352",290,19005985,19006275,FALSCH,"0,634","0,543","0,091","0,0546",28,salinity,"5,96703","10,7238","8,5642",2,11,13,WAHR,828
image_1682.png,3,farmbot_uzk_2,157,"1723711175,92794","27,0641641870756","52,965590905623","824,3232",189,12386627,12386816,FALSCH,"0,634","0,543","0,091","0,0546",28,salinity,"5,96703","10,7238","8,5642",2,11,13,FALSCH,828
image_1683.png,3,farmbot_uzk_2,158,"1723710139,10861","28,7037460898756","48,9524681467918","1466,352",290,19005985,19006275,FALSCH,"1,09","0,88","0,21","0,0622",28,salinity,"4,19048","16,2759","14,6559",2,16,18,WAHR,829
image_1684.png,3,farmbot_uzk_2,158,"1723711175,92794","27,0641641870756","52,965590905623","824,3232",189,12386627,12386816,FALSCH,"1,09","0,88","0,21","0,0622",28,salinity,"4,19048","16,2759","14,6559",2,16,18,FALSCH,829
image_1685.png,3,farmbot_uzk_2,159,"1723711175,92794","27,0641641870756","52,965590905623","824,3232",189,12386627,12386816,FALSCH,"0,767","0,573","0,194","0,0378",28,salinity,"2,95361","9,2199","8,7421",3,7,10,FALSCH,830
image_1686.png,3,farmbot_uzk_2,159,"1723710139,10861","28,7037460898756","48,9524681467918","1466,352",290,19005985,19006275,FALSCH,"0,767","0,573","0,194","0,0378",28,salinity,"2,95361","9,2199","8,7421",3,7,10,WAHR,830
image_1687.png,3,farmbot_uzk_2,160,"1723711175,92794","27,0641641870756","52,965590905623","824,3232",189,12386627,12386816,FALSCH,"0,845","0,781","0,064","0,0316",28,salinity,"12,20312","8,1865","9,5784",0,15,15,FALSCH,831
image_1688.png,3,farmbot_uzk_2,160,"1723710139,10861","28,7037460898756","48,9524681467918","1466,352",290,19005985,19006275,FALSCH,"0,845","0,781","0,064","0,0316",28,salinity,"12,20312","8,1865","9,5784",0,15,15,WAHR,831
image_1689.png,3,farmbot_uzk_2,161,"1723711175,92794","27,0641641870756","52,965590905623","824,3232",189,12386627,12386816,FALSCH,"0,811","0,701","0,11","0,0304",28,salinity,"6,37273","12,4938","9,3568",0,13,13,FALSCH,832
image_1690.png,3,farmbot_uzk_2,161,"1723710139,10861","28,7037460898756","48,9524681467918","1466,352",290,19005985,19006275,FALSCH,"0,811","0,701","0,11","0,0304",28,salinity,"6,37273","12,4938","9,3568",0,13,13,WAHR,832
image_1691.png,3,farmbot_uzk_2,162,"1723711175,92794","27,0641641870756","52,965590905623","824,3232",189,12386627,12386816,FALSCH,"0,673","0,583","0,09","0,0323",28,salinity,"6,47778","11,2676","12,5717",2,10,12,FALSCH,833
image_1692.png,3,farmbot_uzk_2,162,"1723710139,10861","28,7037460898756","48,9524681467918","1466,352",290,19005985,19006275,FALSCH,"0,673","0,583","0,09","0,0323",28,salinity,"6,47778","11,2676","12,5717",2,10,12,WAHR,833
image_1693.png,3,farmbot_uzk_2,163,"1723710352,44021","28,3939879453727","48,4336614023041","1291,5648",221,14483914,14484135,FALSCH,"0,66","0,59","0,07","0,0389",28,salinity,"8,42857","10,8728","11,1504",1,9,10,WAHR,834
image_1694.png,3,farmbot_uzk_2,163,"1723711222,17911","27,0374608987564","52,2117952239262","914,0832",214,14025065,14025279,FALSCH,"0,66","0,59","0,07","0,0389",28,salinity,"8,42857","10,8728","11,1504",1,9,10,FALSCH,834
image_1695.png,3,farmbot_uzk_2,164,"1723710352,44021","28,3939879453727","48,4336614023041","1291,5648",221,14483914,14484135,FALSCH,"1,058","0,959","0,099","0,0651",28,salinity,"9,68687","14,5392","19,2877",0,8,8,WAHR,835
image_1696.png,3,farmbot_uzk_2,164,"1723711222,17911","27,0374608987564","52,2117952239262","914,0832",214,14025065,14025279,FALSCH,"1,058","0,959","0,099","0,0651",28,salinity,"9,68687","14,5392","19,2877",0,8,8,FALSCH,835
image_1697.png,3,farmbot_uzk_2,165,"1723711222,17911","27,0374608987564","52,2117952239262","914,0832",214,14025065,14025279,FALSCH,"0,759","0,647","0,112","0,0423",28,salinity,"5,77679","9,0489","7,8795",2,14,16,FALSCH,836
image_1698.png,3,farmbot_uzk_2,165,"1723710352,44021","28,3939879453727","48,4336614023041","1291,5648",221,14483914,14484135,FALSCH,"0,759","0,647","0,112","0,0423",28,salinity,"5,77679","9,0489","7,8795",2,14,16,WAHR,836
image_1699.png,3,farmbot_uzk_2,166,"1723710352,44021","28,3939879453727","48,4336614023041","1291,5648",221,14483914,14484135,FALSCH,"0,519","0,406","0,113","0,0259",28,salinity,"3,59292","8,9756","9,3532",3,9,12,WAHR,837
image_1700.png,3,farmbot_uzk_2,166,"1723711222,17911","27,0374608987564","52,2117952239262","914,0832",214,14025065,14025279,FALSCH,"0,519","0,406","0,113","0,0259",28,salinity,"3,59292","8,9756","9,3532",3,9,12,FALSCH,837
image_1701.png,3,farmbot_uzk_2,167,"1723710352,44021","28,3939879453727","48,4336614023041","1291,5648",221,14483914,14484135,FALSCH,"0,366","0,275","0,091","0,0113",28,salinity,"3,02198","4,3486","3,7174",2,6,8,WAHR,838
image_1702.png,3,farmbot_uzk_2,167,"1723711222,17911","27,0374608987564","52,2117952239262","914,0832",214,14025065,14025279,FALSCH,"0,366","0,275","0,091","0,0113",28,salinity,"3,02198","4,3486","3,7174",2,6,8,FALSCH,838
image_1703.png,3,farmbot_uzk_2,168,"1723711222,17911","27,0374608987564","52,2117952239262","914,0832",214,14025065,14025279,FALSCH,"1,427","1,305","0,122","0,0866",28,salinity,"10,69672","17,7222","20,8213",0,23,23,FALSCH,839
image_1704.png,3,farmbot_uzk_2,168,"1723710352,44021","28,3939879453727","48,4336614023041","1291,5648",221,14483914,14484135,FALSCH,"1,427","1,305","0,122","0,0866",28,salinity,"10,69672","17,7222","20,8213",0,23,23,WAHR,839
image_1705.png,4,farmbot_uzk,1,"1725266786,27679","34,37","42,3","8951,5",1325,86838242,86839567,FALSCH,"0,454","0,423","0,031","0,0251",28,control,"13,64516","10,6424",0,7,10,17,WAHR,840
image_1706.png,4,farmbot_uzk,1,"1725268194,27576","34,69","40,9","3556,6",827,54199673,54200500,FALSCH,"0,454","0,423","0,031","0,0251",28,control,"13,64516","10,6424",0,7,10,17,FALSCH,840
image_1707.png,4,farmbot_uzk,2,"1725266786,27679","34,37","42,3","8951,5",1325,86838242,86839567,FALSCH,"1,016","0,666","0,35","0,0348",28,control,"1,90286","14,7429",0,4,11,15,WAHR,841
image_1708.png,4,farmbot_uzk,2,"1725268194,27576","34,69","40,9","3556,6",827,54199673,54200500,FALSCH,"1,016","0,666","0,35","0,0348",28,control,"1,90286","14,7429",0,4,11,15,FALSCH,841
image_1709.png,4,farmbot_uzk,3,"1725268194,27576","34,69","40,9","3556,6",827,54199673,54200500,FALSCH,"0,443","0,278","0,165","0,0138",28,control,"1,68485","5,3594",0,5,10,15,FALSCH,842
image_1710.png,4,farmbot_uzk,3,"1725266786,27679","34,37","42,3","8951,5",1325,86838242,86839567,FALSCH,"0,443","0,278","0,165","0,0138",28,control,"1,68485","5,3594",0,5,10,15,WAHR,842
image_1711.png,4,farmbot_uzk,4,"1725268194,27576","34,69","40,9","3556,6",827,54199673,54200500,FALSCH,"0,362","0,187","0,175","0,0113",28,control,"1,06857","3,2055",0,2,6,8,FALSCH,843
image_1712.png,4,farmbot_uzk,4,"1725266786,27679","34,37","42,3","8951,5",1325,86838242,86839567,FALSCH,"0,362","0,187","0,175","0,0113",28,control,"1,06857","3,2055",0,2,6,8,WAHR,843
image_1713.png,4,farmbot_uzk,5,"1725268194,27576","34,69","40,9","3556,6",827,54199673,54200500,FALSCH,"0,347","0,265","0,082","0,013",28,control,"3,23171","5,8079",0,5,8,13,FALSCH,844
image_1714.png,4,farmbot_uzk,5,"1725266786,27679","34,37","42,3","8951,5",1325,86838242,86839567,FALSCH,"0,347","0,265","0,082","0,013",28,control,"3,23171","5,8079",0,5,8,13,WAHR,844
image_1715.png,4,farmbot_uzk,6,"1725268194,27576","34,69","40,9","3556,6",827,54199673,54200500,FALSCH,"0,363","0,249","0,114","0,0119",28,control,"2,18421","3,3336",0,4,13,17,FALSCH,845
image_1716.png,4,farmbot_uzk,6,"1725266786,27679","34,37","42,3","8951,5",1325,86838242,86839567,FALSCH,"0,363","0,249","0,114","0,0119",28,control,"2,18421","3,3336",0,4,13,17,WAHR,845
image_1717.png,4,farmbot_uzk,7,"1725267230,56825","36,04","38,7","8918,2",1344,88083430,88084774,FALSCH,"0,469","0,395","0,074","0,0174",28,control,"5,33784","7,2706",0,0,16,16,FALSCH,846
image_1718.png,4,farmbot_uzk,8,"1725267230,56825","36,04","38,7","8918,2",1344,88083430,88084774,FALSCH,"0,283","0,22","0,063","0,0139",28,control,"3,49206","5,4298",0,3,12,15,FALSCH,847
image_1719.png,4,farmbot_uzk,9,"1725267230,56825","36,04","38,7","8918,2",1344,88083430,88084774,FALSCH,"0,684","0,587","0,097","0,0317",28,control,"6,05155","12,3834",0,1,11,12,FALSCH,848
image_1720.png,4,farmbot_uzk,10,"1725267230,56825","36,04","38,7","8918,2",1344,88083430,88084774,FALSCH,"1,255","0,969","0,286","0,0504",28,control,"3,38811","18,5414",0,3,22,25,FALSCH,849
image_1721.png,4,farmbot_uzk,11,"1725267230,56825","36,04","38,7","8918,2",1344,88083430,88084774,FALSCH,"0,989","0,806","0,183","0,0421",28,control,"4,40437","19,8643",0,0,24,24,FALSCH,850
image_1722.png,4,farmbot_uzk,12,"1725267230,56825","36,04","38,7","8918,2",1344,88083430,88084774,FALSCH,"0,699","0,556","0,143","0,0358",28,control,"3,88811","15,9505",0,2,13,15,FALSCH,851
image_1723.png,4,farmbot_uzk,13,"1725267313,86636","36,28","38,6","8943,7",1353,88673266,88674619,FALSCH,"0,737","0,664","0,073","0,0371",28,control,"9,09589","14,8853",0,0,19,19,WAHR,852
image_1724.png,4,farmbot_uzk,14,"1725267313,86636","36,28","38,6","8943,7",1353,88673266,88674619,FALSCH,"0,49","0,362","0,128","0,0248",28,control,"2,82812","9,9549",0,1,16,17,WAHR,853
image_1725.png,4,farmbot_uzk,15,"1725267313,86636","36,28","38,6","8943,7",1353,88673266,88674619,FALSCH,"0,456","0,333","0,123","0,0255",28,control,"2,70732","9,6668",0,4,13,17,WAHR,854
image_1726.png,4,farmbot_uzk,16,"1725267313,86636","36,28","38,6","8943,7",1353,88673266,88674619,FALSCH,"0,352","0,29","0,062","0,0182",28,control,"4,67742","6,2075",0,2,13,15,WAHR,855
image_1727.png,4,farmbot_uzk,17,"1725267313,86636","36,28","38,6","8943,7",1353,88673266,88674619,FALSCH,"0,408","0,342","0,066","0,0268",28,drought,"5,18182","5,5779",0,2,11,13,WAHR,856
image_1728.png,4,farmbot_uzk,18,"1725267313,86636","36,28","38,6","8943,7",1353,88673266,88674619,FALSCH,"0,257","0,205","0,052","0,0168",28,drought,"3,94231","5,3013",0,0,12,12,WAHR,857
image_1729.png,4,farmbot_uzk,19,"1725267401,82385","35,7","39,4","8952,8",1362,89263098,89264460,FALSCH,"0,349","0,285","0,064","0,0197",28,drought,"4,45312","7,1507",0,2,8,10,WAHR,858
image_1730.png,4,farmbot_uzk,20,"1725267401,82385","35,7","39,4","8952,8",1362,89263098,89264460,FALSCH,"0,353","0,279","0,074","0,0206",28,drought,"3,77027","8,4693",0,0,13,13,WAHR,859
image_1731.png,4,farmbot_uzk,21,"1725267401,82385","35,7","39,4","8952,8",1362,89263098,89264460,FALSCH,"0,403","0,351","0,052","0,0197",28,drought,"6,75","8,2108",0,0,10,10,WAHR,860
image_1732.png,4,farmbot_uzk,22,"1725267401,82385","35,7","39,4","8952,8",1362,89263098,89264460,FALSCH,"0,157","0,145","0,012","0,0128",28,drought,"12,08333","3,947",0,0,9,9,WAHR,861
image_1733.png,4,farmbot_uzk,23,"1725267401,82385","35,7","39,4","8952,8",1362,89263098,89264460,FALSCH,"0,382","0,335","0,047","0,0284",28,drought,"7,12766","9,7173",0,1,11,12,WAHR,862
image_1734.png,4,farmbot_uzk,24,"1725267401,82385","35,7","39,4","8952,8",1362,89263098,89264460,FALSCH,"0,152","0,127","0,025","0,0098",28,drought,"5,08","4,1521",0,0,11,11,WAHR,863
image_1735.png,4,farmbot_uzk,25,"1725267485,81097","35,88",40,"8838,6",1337,87624654,87625991,FALSCH,"0,303","0,282","0,021","0,0281",28,drought,"13,42857","7,8503",0,2,11,13,WAHR,864
image_1736.png,4,farmbot_uzk,26,"1725267485,81097","35,88",40,"8838,6",1337,87624654,87625991,FALSCH,"0,322","0,294","0,028","0,0127",28,drought,"10,5","7,4941",0,3,15,18,WAHR,865
image_1737.png,4,farmbot_uzk,27,"1725267485,81097","35,88",40,"8838,6",1337,87624654,87625991,FALSCH,"0,163","0,127","0,036","0,0384",28,drought,"3,52778","2,715",0,4,7,11,WAHR,866
image_1738.png,4,farmbot_uzk,28,"1725267485,81097","35,88",40,"8838,6",1337,87624654,87625991,FALSCH,"0,194","0,173","0,021","0,0194",28,drought,"8,2381","4,8717",0,3,9,12,WAHR,867
image_1739.png,4,farmbot_uzk,29,"1725267485,81097","35,88",40,"8838,6",1337,87624654,87625991,FALSCH,"0,266","0,218","0,048","0,0383",28,drought,"4,54167","5,0339",0,0,8,8,WAHR,868
image_1740.png,4,farmbot_uzk,30,"1725267485,81097","35,88",40,"8838,6",1337,87624654,87625991,FALSCH,"0,397","0,354","0,043","0,0402",28,drought,"8,23256","8,5766",0,3,14,17,WAHR,869
image_1741.png,4,farmbot_uzk,31,"1725267600,20036","36,11","39,5","9007,3",1363,89328648,89330011,FALSCH,"0,345","0,304","0,041","0,0273",28,drought,"7,41463","9,1812",0,2,12,14,WAHR,870
image_1742.png,4,farmbot_uzk,32,"1725267600,20036","36,11","39,5","9007,3",1363,89328648,89330011,FALSCH,"0,224","0,198","0,026","0,008",28,drought,"7,61538","3,6636",0,3,5,8,WAHR,871
image_1743.png,4,farmbot_uzk,33,"1725267600,20036","36,11","39,5","9007,3",1363,89328648,89330011,FALSCH,"0,392","0,3","0,092","0,014",28,drought,"3,26087","5,6129",0,0,12,12,WAHR,872
image_1744.png,4,farmbot_uzk,34,"1725267600,20036","36,11","39,5","9007,3",1363,89328648,89330011,FALSCH,"0,298","0,246","0,052","0,0254",28,drought,"4,73077","7,2214",0,2,9,11,WAHR,873
image_1745.png,4,farmbot_uzk,35,"1725267600,20036","36,11","39,5","9007,3",1363,89328648,89330011,FALSCH,"0,029","0,013","0,016","0,0031",28,drought,"0,8125","0,8728",0,0,4,4,WAHR,874
image_1746.png,4,farmbot_uzk,36,"1725267600,20036","36,11","39,5","9007,3",1363,89328648,89330011,FALSCH,"0,257","0,18","0,077","0,016",28,drought,"2,33766","4,2667",0,2,7,9,WAHR,875
image_1747.png,4,farmbot_uzk,37,"1725267680,02131","35,85","39,4","8894,1",1347,88280034,88281381,FALSCH,"0,267","0,227","0,04","0,0385",28,drought,"5,675","5,7426",0,0,10,10,WAHR,876
image_1748.png,4,farmbot_uzk,38,"1725267680,02131","35,85","39,4","8894,1",1347,88280034,88281381,FALSCH,"0,138","0,114","0,024","0,0115",28,drought,"4,75","2,2406",0,0,4,4,WAHR,877
image_1749.png,4,farmbot_uzk,39,"1725267680,02131","35,85","39,4","8894,1",1347,88280034,88281381,FALSCH,"0,233","0,189","0,044","0,0313",28,drought,"4,29545","2,6458",0,0,9,9,WAHR,878
image_1750.png,4,farmbot_uzk,40,"1725267680,02131","35,85","39,4","8894,1",1347,88280034,88281381,FALSCH,,,,,28,drought,,,,,,0,WAHR,879
image_1751.png,4,farmbot_uzk,41,"1725267680,02131","35,85","39,4","8894,1",1347,88280034,88281381,FALSCH,"0,047","0,039","0,008","0,031",28,drought,"4,875","1,213",0,0,4,4,WAHR,880
image_1752.png,4,farmbot_uzk,42,"1725267680,02131","35,85","39,4","8894,1",1347,88280034,88281381,FALSCH,"0,236","0,181","0,055","0,0243",28,drought,"3,29091","3,1389",0,2,6,8,WAHR,881
image_1753.png,4,farmbot_uzk,43,"1725267753,56315","35,06","40,2","8881,8",1347,88280031,88281378,FALSCH,"0,206","0,13","0,076","0,0116",28,drought,"1,71053","2,0465",0,0,9,9,WAHR,882
image_1754.png,4,farmbot_uzk,44,"1725267753,56315","35,06","40,2","8881,8",1347,88280031,88281378,FALSCH,"0,183","0,141","0,042","0,0114",28,drought,"3,35714","3,8797",0,0,10,10,WAHR,883
image_1755.png,4,farmbot_uzk,45,"1725267753,56315","35,06","40,2","8881,8",1347,88280031,88281378,FALSCH,"0,15","0,127","0,023","0,012",28,drought,"5,52174","3,0704",0,1,4,5,WAHR,884
image_1756.png,4,farmbot_uzk,46,"1725267753,56315","35,06","40,2","8881,8",1347,88280031,88281378,FALSCH,"0,299","0,284","0,015","0,029",28,drought,"18,93333","4,5357",0,4,7,11,WAHR,885
image_1757.png,4,farmbot_uzk,47,"1725267753,56315","35,06","40,2","8881,8",1347,88280031,88281378,FALSCH,"0,326","0,298","0,028","0,034",28,drought,"10,64286","3,0313",0,0,8,8,WAHR,886
image_1758.png,4,farmbot_uzk,48,"1725267753,56315","35,06","40,2","8881,8",1347,88280031,88281378,FALSCH,"0,16","0,126","0,034","0,0121",28,drought,"3,70588","1,334",0,2,5,7,WAHR,887
image_1759.png,4,farmbot_uzk,49,"1725267844,47364","35,01","40,5","8833,4",1339,87755726,87757065,FALSCH,,,,,28,drought,,,,,,0,WAHR,888
image_1760.png,4,farmbot_uzk,50,"1725267844,47364","35,01","40,5","8833,4",1339,87755726,87757065,FALSCH,"0,18","0,124","0,056","0,028",28,drought,"2,21429","5,2599",0,0,9,9,WAHR,889
image_1761.png,4,farmbot_uzk,51,"1725267844,47364","35,01","40,5","8833,4",1339,87755726,87757065,FALSCH,"0,188","0,161","0,027","0,0142",28,drought,"5,96296","3,4812",0,2,4,6,WAHR,890
image_1762.png,4,farmbot_uzk,52,"1725267844,47364","35,01","40,5","8833,4",1339,87755726,87757065,FALSCH,"0,121","0,09","0,031","0,0108",28,drought,"2,90323","1,4281",0,3,5,8,WAHR,891
image_1763.png,4,farmbot_uzk,53,"1725267844,47364","35,01","40,5","8833,4",1339,87755726,87757065,FALSCH,"0,144","0,122","0,022","0,0168",28,drought,"5,54545","1,7136",0,0,12,12,WAHR,892
image_1764.png,4,farmbot_uzk,54,"1725267844,47364","35,01","40,5","8833,4",1339,87755726,87757065,FALSCH,"0,119","0,104","0,015","0,0353",28,drought,"6,93333","2,5854",0,4,8,12,WAHR,893
image_1765.png,4,farmbot_uzk,55,"1725267941,17297","35,34","40,8",8912,1362,89263088,89264450,FALSCH,,,,,28,drought,,,,,,0,WAHR,894
image_1766.png,4,farmbot_uzk,56,"1725267941,17297","35,34","40,8",8912,1362,89263088,89264450,FALSCH,,,,,28,drought,,,,,,0,WAHR,895
image_1767.png,4,farmbot_uzk,57,"1725267941,17297","35,34","40,8",8912,1362,89263088,89264450,FALSCH,"0,2917","0,2525","0,0392","0,011",21,control,"6,44133",,,2,12,14,WAHR,952
image_1768.png,4,farmbot_uzk,58,"1725267941,17297","35,34","40,8",8912,1362,89263088,89264450,FALSCH,"0,1075","0,0948","0,0127","0,01",21,control,"7,46457",,,1,10,11,WAHR,953
image_1769.png,4,farmbot_uzk,59,"1725267941,17297","35,34","40,8",8912,1362,89263088,89264450,FALSCH,"0,1909","0,152","0,0389","0,005",21,control,"3,90746",,,0,13,13,WAHR,954
image_1770.png,4,farmbot_uzk,60,"1725267941,17297","35,34","40,8",8912,1362,89263088,89264450,FALSCH,"0,0964","0,0713","0,0251","0,004",21,control,"2,84064",,,2,9,11,WAHR,955
image_1771.png,4,farmbot_uzk,61,"1725950375,24029","18,1",72,872,127,8323367,8323494,FALSCH,"0,18","0,1642","0,0158","0,009",21,control,"10,39241",,,2,13,15,FALSCH,956
image_1772.png,4,farmbot_uzk,61,"1725952360,5021","20,97","61,4",8468,1168,76548871,76550039,FALSCH,"0,18","0,1642","0,0158","0,009",21,control,"10,39241",,,2,13,15,WAHR,956
image_1773.png,4,farmbot_uzk,62,"1725952360,5021","20,97","61,4",8468,1168,76548871,76550039,FALSCH,"0,1769","0,165","0,0119","0,007",21,control,"13,86555",,,1,13,14,WAHR,957
image_1774.png,4,farmbot_uzk,62,"1725950375,24029","18,1",72,872,127,8323367,8323494,FALSCH,"0,1769","0,165","0,0119","0,007",21,control,"13,86555",,,1,13,14,FALSCH,957
image_1775.png,4,farmbot_uzk,63,"1725952360,5021","20,97","61,4",8468,1168,76548871,76550039,FALSCH,"0,2269","0,1934","0,0335","0,001",21,control,"5,77313",,,2,12,14,WAHR,958
image_1776.png,4,farmbot_uzk,63,"1725950375,24029","18,1",72,872,127,8323367,8323494,FALSCH,"0,2269","0,1934","0,0335","0,001",21,control,"5,77313",,,2,12,14,FALSCH,958
image_1777.png,4,farmbot_uzk,64,"1725950375,24029","18,1",72,872,127,8323367,8323494,FALSCH,"0,0863","0,0789","0,0074","0,001",21,control,"10,66216",,,0,12,12,FALSCH,959
image_1778.png,4,farmbot_uzk,64,"1725952360,5021","20,97","61,4",8468,1168,76548871,76550039,FALSCH,"0,0863","0,0789","0,0074","0,001",21,control,"10,66216",,,0,12,12,WAHR,959
image_1779.png,4,farmbot_uzk,65,"1725950375,24029","18,1",72,872,127,8323367,8323494,FALSCH,"0,2166","0,1991","0,0175","0,01",21,control,"11,37714",,,1,12,13,FALSCH,960
image_1780.png,4,farmbot_uzk,65,"1725952360,5021","20,97","61,4",8468,1168,76548871,76550039,FALSCH,"0,2166","0,1991","0,0175","0,01",21,control,"11,37714",,,1,12,13,WAHR,960
image_1781.png,4,farmbot_uzk,66,"1725950375,24029","18,1",72,872,127,8323367,8323494,FALSCH,"0,1064","0,0979","0,0085","0,004",21,control,"11,51765",,,3,10,13,FALSCH,961
image_1782.png,4,farmbot_uzk,66,"1725952360,5021","20,97","61,4",8468,1168,76548871,76550039,FALSCH,"0,1064","0,0979","0,0085","0,004",21,control,"11,51765",,,3,10,13,WAHR,961
image_1783.png,4,farmbot_uzk,67,"1725950490,49863","17,97","72,5","880,5",130,8519979,8520109,FALSCH,"0,2834","0,2511","0,0323","0,01",21,control,"7,77399",,,2,13,15,FALSCH,962
image_1784.png,4,farmbot_uzk,67,"1725952447,23137","21,38","60,7","8478,7",1167,76483337,76484504,FALSCH,"0,2834","0,2511","0,0323","0,01",21,control,"7,77399",,,2,13,15,WAHR,962
image_1785.png,4,farmbot_uzk,68,"1725952447,23137","21,38","60,7","8478,7",1167,76483337,76484504,FALSCH,"0,1448","0,1325","0,0123","0,004",21,control,"10,77236",,,1,12,13,WAHR,963
image_1786.png,4,farmbot_uzk,68,"1725950490,49863","17,97","72,5","880,5",130,8519979,8520109,FALSCH,"0,1448","0,1325","0,0123","0,004",21,control,"10,77236",,,1,12,13,FALSCH,963
image_1787.png,4,farmbot_uzk,69,"1725952447,23137","21,38","60,7","8478,7",1167,76483337,76484504,FALSCH,"0,113","0,1012","0,0118","0,006",21,drought,"8,57627","4,1973",,2,12,14,WAHR,964
image_1788.png,4,farmbot_uzk,69,"1725950490,49863","17,97","72,5","880,5",130,8519979,8520109,FALSCH,"0,113","0,1012","0,0118","0,006",21,drought,"8,57627","4,1973",,2,12,14,FALSCH,964
image_1789.png,4,farmbot_uzk,70,"1725950490,49863","17,97","72,5","880,5",130,8519979,8520109,FALSCH,"0,1812","0,1696","0,0116","0,01",21,drought,"14,62069","6,5771",,2,13,15,FALSCH,965
image_1790.png,4,farmbot_uzk,70,"1725952447,23137","21,38","60,7","8478,7",1167,76483337,76484504,FALSCH,"0,1812","0,1696","0,0116","0,01",21,drought,"14,62069","6,5771",,2,13,15,WAHR,965
image_1791.png,4,farmbot_uzk,71,"1725952447,23137","21,38","60,7","8478,7",1167,76483337,76484504,FALSCH,"0,0933","0,0887","0,0046","0,004",21,drought,"19,28261","3,332",,0,10,10,WAHR,966
image_1792.png,4,farmbot_uzk,71,"1725950490,49863","17,97","72,5","880,5",130,8519979,8520109,FALSCH,"0,0933","0,0887","0,0046","0,004",21,drought,"19,28261","3,332",,0,10,10,FALSCH,966
image_1793.png,4,farmbot_uzk,72,"1725952447,23137","21,38","60,7","8478,7",1167,76483337,76484504,FALSCH,"0,2196","0,1966","0,023","0,008",21,drought,"8,54783","5,7342",,3,18,21,WAHR,967
image_1794.png,4,farmbot_uzk,72,"1725950490,49863","17,97","72,5","880,5",130,8519979,8520109,FALSCH,"0,2196","0,1966","0,023","0,008",21,drought,"8,54783","5,7342",,3,18,21,FALSCH,967
image_1795.png,4,farmbot_uzk,73,"1725952537,61207",22,59,"8413,1",1164,76286711,76287875,FALSCH,"0,0578","0,0525","0,0053","0,003",21,drought,"9,90566","1,8783",,0,9,9,WAHR,968
image_1796.png,4,farmbot_uzk,73,"1725950575,04908","17,96","72,1","909,4",133,8716596,8716729,FALSCH,"0,0578","0,0525","0,0053","0,003",21,drought,"9,90566","1,8783",,0,9,9,FALSCH,968
image_1797.png,4,farmbot_uzk,74,"1725950575,04908","17,96","72,1","909,4",133,8716596,8716729,FALSCH,"0,1305","0,1176","0,0129","0,007",21,drought,"9,11628","3,8789",,1,11,12,FALSCH,969
image_1798.png,4,farmbot_uzk,74,"1725952537,61207",22,59,"8413,1",1164,76286711,76287875,FALSCH,"0,1305","0,1176","0,0129","0,007",21,drought,"9,11628","3,8789",,1,11,12,WAHR,969
image_1799.png,4,farmbot_uzk,75,"1725950575,04908","17,96","72,1","909,4",133,8716596,8716729,FALSCH,"0,2116","0,0203","0,1913","0,011",21,drought,"0,10612","8,0001",,2,14,16,FALSCH,970
image_1800.png,4,farmbot_uzk,75,"1725952537,61207",22,59,"8413,1",1164,76286711,76287875,FALSCH,"0,2116","0,0203","0,1913","0,011",21,drought,"0,10612","8,0001",,2,14,16,WAHR,970
image_1801.png,4,farmbot_uzk,76,"1725952537,61207",22,59,"8413,1",1164,76286711,76287875,FALSCH,"0,127","0,1167","0,0103","0,006",21,drought,"11,3301","4,565",,2,10,12,WAHR,971
image_1802.png,4,farmbot_uzk,76,"1725950575,04908","17,96","72,1","909,4",133,8716596,8716729,FALSCH,"0,127","0,1167","0,0103","0,006",21,drought,"11,3301","4,565",,2,10,12,FALSCH,971
image_1803.png,4,farmbot_uzk,77,"1725950575,04908","17,96","72,1","909,4",133,8716596,8716729,FALSCH,"0,04","0,0346","0,0054","0,001",21,drought,"6,40741","1,298",,2,7,9,FALSCH,972
image_1804.png,4,farmbot_uzk,77,"1725952537,61207",22,59,"8413,1",1164,76286711,76287875,FALSCH,"0,04","0,0346","0,0054","0,001",21,drought,"6,40741","1,298",,2,7,9,WAHR,972
image_1805.png,4,farmbot_uzk,78,"1725952537,61207",22,59,"8413,1",1164,76286711,76287875,FALSCH,"0,0787","0,073","0,0057","0,004",21,drought,"12,80702","3,4657",,2,8,10,WAHR,973
image_1806.png,4,farmbot_uzk,78,"1725950575,04908","17,96","72,1","909,4",133,8716596,8716729,FALSCH,"0,0787","0,073","0,0057","0,004",21,drought,"12,80702","3,4657",,2,8,10,FALSCH,973
image_1807.png,4,farmbot_uzk,79,"1725950659,99498","17,88","71,8","923,4",137,8978746,8978883,FALSCH,"0,1734","0,1506","0,0228","0,005",21,drought,"6,60526","5,5458",,2,12,14,FALSCH,974
image_1808.png,4,farmbot_uzk,79,"1725952629,0905","22,12","58,9","8278,8",1142,74844872,74846014,FALSCH,"0,1734","0,1506","0,0228","0,005",21,drought,"6,60526","5,5458",,2,12,14,WAHR,974
image_1809.png,4,farmbot_uzk,80,"1725952629,0905","22,12","58,9","8278,8",1142,74844872,74846014,FALSCH,"0,0922","0,0803","0,0119","0,006",21,drought,"6,7479","2,9776",,2,9,11,WAHR,975
image_1810.png,4,farmbot_uzk,80,"1725950659,99498","17,88","71,8","923,4",137,8978746,8978883,FALSCH,"0,0922","0,0803","0,0119","0,006",21,drought,"6,7479","2,9776",,2,9,11,FALSCH,975
image_1811.png,4,farmbot_uzk,81,"1725950659,99498","17,88","71,8","923,4",137,8978746,8978883,FALSCH,"0,1012","0,0918","0,0094","0,007",21,drought,"9,76596","4,3397",,2,12,14,FALSCH,976
image_1812.png,4,farmbot_uzk,81,"1725952629,0905","22,12","58,9","8278,8",1142,74844872,74846014,FALSCH,"0,1012","0,0918","0,0094","0,007",21,drought,"9,76596","4,3397",,2,12,14,WAHR,976
image_1813.png,4,farmbot_uzk,82,"1725950659,99498","17,88","71,8","923,4",137,8978746,8978883,FALSCH,"0,0395","0,0338","0,0057","0,003",21,drought,"5,92982","1,8609",,3,8,11,FALSCH,977
image_1814.png,4,farmbot_uzk,82,"1725952629,0905","22,12","58,9","8278,8",1142,74844872,74846014,FALSCH,"0,0395","0,0338","0,0057","0,003",21,drought,"5,92982","1,8609",,3,8,11,WAHR,977
image_1815.png,4,farmbot_uzk,83,"1725952629,0905","22,12","58,9","8278,8",1142,74844872,74846014,FALSCH,"0,1915","0,1768","0,0147","0,011",21,drought,"12,02721","7,5504",,2,12,14,WAHR,978
image_1816.png,4,farmbot_uzk,83,"1725950659,99498","17,88","71,8","923,4",137,8978746,8978883,FALSCH,"0,1915","0,1768","0,0147","0,011",21,drought,"12,02721","7,5504",,2,12,14,FALSCH,978
image_1817.png,4,farmbot_uzk,84,"1725952629,0905","22,12","58,9","8278,8",1142,74844872,74846014,FALSCH,"0,042","0,0347","0,0073","0,004",21,drought,"4,75342","1,5066",,0,9,9,WAHR,979
image_1818.png,4,farmbot_uzk,84,"1725950659,99498","17,88","71,8","923,4",137,8978746,8978883,FALSCH,"0,042","0,0347","0,0073","0,004",21,drought,"4,75342","1,5066",,0,9,9,FALSCH,979
image_1819.png,4,farmbot_uzk,85,"1725952776,34195","22,73","56,3","8197,4",1131,74123949,74125080,FALSCH,"0,0491","0,0361","0,013","0,004",21,drought,"2,77692","1,7423",,0,11,11,WAHR,980
image_1820.png,4,farmbot_uzk,85,"1725950855,37992","18,07",72,"953,7",141,9240900,9241041,FALSCH,"0,0491","0,0361","0,013","0,004",21,drought,"2,77692","1,7423",,0,11,11,FALSCH,980
image_1821.png,4,farmbot_uzk,86,"1725952776,34195","22,73","56,3","8197,4",1131,74123949,74125080,FALSCH,"0,1349","0,1312","0,0037","0,01",21,drought,"35,45946","5,7385",,1,12,13,WAHR,981
image_1822.png,4,farmbot_uzk,86,"1725950855,37992","18,07",72,"953,7",141,9240900,9241041,FALSCH,"0,1349","0,1312","0,0037","0,01",21,drought,"35,45946","5,7385",,1,12,13,FALSCH,981
image_1823.png,4,farmbot_uzk,87,"1725952776,34195","22,73","56,3","8197,4",1131,74123949,74125080,FALSCH,"0,1744","0,1627","0,0117","0,006",21,drought,"13,90598","6,2829",,4,12,16,WAHR,982
image_1824.png,4,farmbot_uzk,87,"1725950855,37992","18,07",72,"953,7",141,9240900,9241041,FALSCH,"0,1744","0,1627","0,0117","0,006",21,drought,"13,90598","6,2829",,4,12,16,FALSCH,982
image_1825.png,4,farmbot_uzk,88,"1725952776,34195","22,73","56,3","8197,4",1131,74123949,74125080,FALSCH,"0,1932","0,1838","0,0094","0,011",21,drought,"19,55319","8,3872",,2,13,15,WAHR,983
image_1826.png,4,farmbot_uzk,88,"1725950855,37992","18,07",72,"953,7",141,9240900,9241041,FALSCH,"0,1932","0,1838","0,0094","0,011",21,drought,"19,55319","8,3872",,2,13,15,FALSCH,983
image_1827.png,4,farmbot_uzk,89,"1725952776,34195","22,73","56,3","8197,4",1131,74123949,74125080,FALSCH,"0,15156","0,1126","0,03896","0,012",21,drought,"2,89014","5,141",,1,10,11,WAHR,984
image_1828.png,4,farmbot_uzk,89,"1725950855,37992","18,07",72,"953,7",141,9240900,9241041,FALSCH,"0,15156","0,1126","0,03896","0,012",21,drought,"2,89014","5,141",,1,10,11,FALSCH,984
image_1829.png,4,farmbot_uzk,90,"1725952776,34195","22,73","56,3","8197,4",1131,74123949,74125080,FALSCH,"0,1514","0,1409","0,0105","0,009",21,drought,"13,41905","6,2199",,2,12,14,WAHR,985
image_1830.png,4,farmbot_uzk,90,"1725950855,37992","18,07",72,"953,7",141,9240900,9241041,FALSCH,"0,1514","0,1409","0,0105","0,009",21,drought,"13,41905","6,2199",,2,12,14,FALSCH,985
image_1831.png,4,farmbot_uzk,91,"1725952866,90989","22,49","57,1","8345,7",1157,75827938,75829095,FALSCH,"0,1432","0,1271","0,0161","0,008",21,salinity,"7,89441","2,4465",,2,12,14,WAHR,986
image_1832.png,4,farmbot_uzk,91,"1725950940,47757","17,96","71,7","975,9",145,9503052,9503197,FALSCH,"0,1432","0,1271","0,0161","0,008",21,salinity,"7,89441","2,4465",,2,12,14,FALSCH,986
image_1833.png,4,farmbot_uzk,92,"1725950940,47757","17,96","71,7","975,9",145,9503052,9503197,FALSCH,"0,1544","0,149","0,0054","0,006",21,salinity,"27,59259","5,6886",,1,11,12,FALSCH,987
image_1834.png,4,farmbot_uzk,92,"1725952866,90989","22,49","57,1","8345,7",1157,75827938,75829095,FALSCH,"0,1544","0,149","0,0054","0,006",21,salinity,"27,59259","5,6886",,1,11,12,WAHR,987
image_1835.png,4,farmbot_uzk,93,"1725952866,90989","22,49","57,1","8345,7",1157,75827938,75829095,FALSCH,"0,166","0,16","0,006","0,007",21,salinity,"26,66667","5,557",,2,11,13,WAHR,988
image_1836.png,4,farmbot_uzk,93,"1725950940,47757","17,96","71,7","975,9",145,9503052,9503197,FALSCH,"0,166","0,16","0,006","0,007",21,salinity,"26,66667","5,557",,2,11,13,FALSCH,988
image_1837.png,4,farmbot_uzk,94,"1725952866,90989","22,49","57,1","8345,7",1157,75827938,75829095,FALSCH,"0,3142","0,2952","0,019","0,013",21,salinity,"15,53684","10,3703",,2,14,16,WAHR,989
image_1838.png,4,farmbot_uzk,94,"1725950940,47757","17,96","71,7","975,9",145,9503052,9503197,FALSCH,"0,3142","0,2952","0,019","0,013",21,salinity,"15,53684","10,3703",,2,14,16,FALSCH,989
image_1839.png,4,farmbot_uzk,95,"1725952866,90989","22,49","57,1","8345,7",1157,75827938,75829095,FALSCH,"0,1465","0,1395","0,007","0,006",21,salinity,"19,92857","5,3754",,2,12,14,WAHR,990
image_1840.png,4,farmbot_uzk,95,"1725950940,47757","17,96","71,7","975,9",145,9503052,9503197,FALSCH,"0,1465","0,1395","0,007","0,006",21,salinity,"19,92857","5,3754",,2,12,14,FALSCH,990
image_1841.png,4,farmbot_uzk,96,"1725950940,47757","17,96","71,7","975,9",145,9503052,9503197,FALSCH,"0,1698","0,1609","0,0089","0,005",21,salinity,"18,07865","4,5524",,0,10,10,FALSCH,991
image_1842.png,4,farmbot_uzk,96,"1725952866,90989","22,49","57,1","8345,7",1157,75827938,75829095,FALSCH,"0,1698","0,1609","0,0089","0,005",21,salinity,"18,07865","4,5524",,0,10,10,WAHR,991
image_1843.png,4,farmbot_uzk,97,"1725952955,07062","22,45","57,5","8193,9",1137,74517168,74518305,FALSCH,"0,2006","0,1922","0,0084","0,006",21,salinity,"22,88095","4,7717",,3,11,14,WAHR,992
image_1844.png,4,farmbot_uzk,97,"1725951034,5431","17,95","71,7","964,8",143,9371976,9372119,FALSCH,"0,2006","0,1922","0,0084","0,006",21,salinity,"22,88095","4,7717",,3,11,14,FALSCH,992
image_1845.png,4,farmbot_uzk,98,"1725952955,07062","22,45","57,5","8193,9",1137,74517168,74518305,FALSCH,"0,2191","0,2145","0,0046","0,014",21,salinity,"46,63043","3,9551",,2,11,13,WAHR,993
image_1846.png,4,farmbot_uzk,98,"1725951034,5431","17,95","71,7","964,8",143,9371976,9372119,FALSCH,"0,2191","0,2145","0,0046","0,014",21,salinity,"46,63043","3,9551",,2,11,13,FALSCH,993
image_1847.png,4,farmbot_uzk,99,"1725951034,5431","17,95","71,7","964,8",143,9371976,9372119,FALSCH,"0,1666","0,1594","0,0072","0,003",21,salinity,"22,13889","3,4047",,0,10,10,FALSCH,994
image_1848.png,4,farmbot_uzk,99,"1725952955,07062","22,45","57,5","8193,9",1137,74517168,74518305,FALSCH,"0,1666","0,1594","0,0072","0,003",21,salinity,"22,13889","3,4047",,0,10,10,WAHR,994
image_1849.png,4,farmbot_uzk,100,"1725951034,5431","17,95","71,7","964,8",143,9371976,9372119,FALSCH,"0,1854","0,176","0,0094","0,006",21,salinity,"18,7234","4,0884",,2,12,14,FALSCH,995
image_1850.png,4,farmbot_uzk,100,"1725952955,07062","22,45","57,5","8193,9",1137,74517168,74518305,FALSCH,"0,1854","0,176","0,0094","0,006",21,salinity,"18,7234","4,0884",,2,12,14,WAHR,995
image_1851.png,4,farmbot_uzk,101,"1725951034,5431","17,95","71,7","964,8",143,9371976,9372119,FALSCH,"0,2462","0,2326","0,0136","0,008",21,salinity,"17,10294","3,1271",,2,12,14,FALSCH,996
image_1852.png,4,farmbot_uzk,101,"1725952955,07062","22,45","57,5","8193,9",1137,74517168,74518305,FALSCH,"0,2462","0,2326","0,0136","0,008",21,salinity,"17,10294","3,1271",,2,12,14,WAHR,996
image_1853.png,4,farmbot_uzk,102,"1725951034,5431","17,95","71,7","964,8",143,9371976,9372119,FALSCH,"0,1253","0,1146","0,0107","0,002",21,salinity,"10,71028","3,478",,0,13,13,FALSCH,997
image_1854.png,4,farmbot_uzk,102,"1725952955,07062","22,45","57,5","8193,9",1137,74517168,74518305,FALSCH,"0,1253","0,1146","0,0107","0,002",21,salinity,"10,71028","3,478",,0,13,13,WAHR,997
image_1855.png,4,farmbot_uzk,103,"1725951115,48561","18,1","71,3",947,142,9306435,9306577,FALSCH,"0,1241","0,1115","0,0126","0,002",21,salinity,"8,84921","2,0517",,2,10,12,FALSCH,998
image_1856.png,4,farmbot_uzk,103,"1725953041,62983","22,69","56,6","8480,2",1168,76548874,76550042,FALSCH,"0,1241","0,1115","0,0126","0,002",21,salinity,"8,84921","2,0517",,2,10,12,WAHR,998
image_1857.png,4,farmbot_uzk,104,"1725951115,48561","18,1","71,3",947,142,9306435,9306577,FALSCH,"0,0651","0,058","0,0071",0,21,salinity,"8,16901",,,3,10,13,FALSCH,999
image_1858.png,4,farmbot_uzk,104,"1725953041,62983","22,69","56,6","8480,2",1168,76548874,76550042,FALSCH,"0,0651","0,058","0,0071",0,21,salinity,"8,16901",,,3,10,13,WAHR,999
image_1859.png,4,farmbot_uzk,105,"1725951115,48561","18,1","71,3",947,142,9306435,9306577,FALSCH,"0,1297","0,1239","0,0058","0,004",21,salinity,"21,36207","2,8874",,1,12,13,FALSCH,1000
image_1860.png,4,farmbot_uzk,105,"1725953041,62983","22,69","56,6","8480,2",1168,76548874,76550042,FALSCH,"0,1297","0,1239","0,0058","0,004",21,salinity,"21,36207","2,8874",,1,12,13,WAHR,1000
image_1861.png,4,farmbot_uzk,106,"1725953041,62983","22,69","56,6","8480,2",1168,76548874,76550042,FALSCH,"0,3129","0,3011","0,0118","0,009",21,salinity,"25,51695","8,2337",,0,13,13,WAHR,1001
image_1862.png,4,farmbot_uzk,106,"1725951115,48561","18,1","71,3",947,142,9306435,9306577,FALSCH,"0,3129","0,3011","0,0118","0,009",21,salinity,"25,51695","8,2337",,0,13,13,FALSCH,1001
image_1863.png,4,farmbot_uzk,107,"1725951115,48561","18,1","71,3",947,142,9306435,9306577,FALSCH,"0,245","0,2269","0,0181","0,011",21,salinity,"12,53591","7,0431",,1,11,12,FALSCH,1002
image_1864.png,4,farmbot_uzk,107,"1725953041,62983","22,69","56,6","8480,2",1168,76548874,76550042,FALSCH,"0,245","0,2269","0,0181","0,011",21,salinity,"12,53591","7,0431",,1,11,12,WAHR,1002
image_1865.png,4,farmbot_uzk,108,"1725953041,62983","22,69","56,6","8480,2",1168,76548874,76550042,FALSCH,"0,2429","0,2301","0,0128","0,015",21,salinity,"17,97656","7,7531",,2,12,14,WAHR,1003
image_1866.png,4,farmbot_uzk,108,"1725951115,48561","18,1","71,3",947,142,9306435,9306577,FALSCH,"0,2429","0,2301","0,0128","0,015",21,salinity,"17,97656","7,7531",,2,12,14,FALSCH,1003
image_1867.png,4,farmbot_uzk,109,"1725953135,79254","22,59","56,8","8573,4",1187,77794093,77795280,FALSCH,"0,0528","0,04","0,0128","0,011",21,salinity,"3,125","2,8292",,2,6,8,WAHR,1004
image_1868.png,4,farmbot_uzk,109,"1725951204,52948","18,22","71,2","934,5",139,9109822,9109961,FALSCH,"0,0528","0,04","0,0128","0,011",21,salinity,"3,125","2,8292",,2,6,8,FALSCH,1004
image_1869.png,4,farmbot_uzk,110,"1725953135,79254","22,59","56,8","8573,4",1187,77794093,77795280,FALSCH,"0,1989","0,1926","0,0063","0,009",21,salinity,"30,57143","5,757",,2,11,13,WAHR,1005
image_1870.png,4,farmbot_uzk,110,"1725951204,52948","18,22","71,2","934,5",139,9109822,9109961,FALSCH,"0,1989","0,1926","0,0063","0,009",21,salinity,"30,57143","5,757",,2,11,13,FALSCH,1005
image_1871.png,4,farmbot_uzk,111,"1725951204,52948","18,22","71,2","934,5",139,9109822,9109961,FALSCH,"0,1659","0,1489","0,017","0,008",21,salinity,"8,75882","4,1905",,0,12,12,FALSCH,1006
image_1872.png,4,farmbot_uzk,111,"1725953135,79254","22,59","56,8","8573,4",1187,77794093,77795280,FALSCH,"0,1659","0,1489","0,017","0,008",21,salinity,"8,75882","4,1905",,0,12,12,WAHR,1006
image_1873.png,4,farmbot_uzk,112,"1725953135,79254","22,59","56,8","8573,4",1187,77794093,77795280,FALSCH,"0,1054","0,0936","0,0118","0,007",21,salinity,"7,9322","4,1547",,2,7,9,WAHR,1007
image_1874.png,4,farmbot_uzk,112,"1725951204,52948","18,22","71,2","934,5",139,9109822,9109961,FALSCH,"0,1054","0,0936","0,0118","0,007",21,salinity,"7,9322","4,1547",,2,7,9,FALSCH,1007
image_1875.png,4,farmbot_uzk,113,"1725953135,79254","22,59","56,8","8573,4",1187,77794093,77795280,FALSCH,"0,207","0,195","0,012","0,008",28,control,"16,25",,"8,0151",2,13,15,WAHR,1064
image_1876.png,4,farmbot_uzk,113,"1725951204,52948","18,22","71,2","934,5",139,9109822,9109961,FALSCH,"0,207","0,195","0,012","0,008",28,control,"16,25",,"8,0151",2,13,15,FALSCH,1064
image_1877.png,4,farmbot_uzk,114,"1725953135,79254","22,59","56,8","8573,4",1187,77794093,77795280,FALSCH,"0,186","0,167","0,019","0,005",28,control,"8,78947",,"5,4828",1,12,13,WAHR,1065
image_1878.png,4,farmbot_uzk,114,"1725951204,52948","18,22","71,2","934,5",139,9109822,9109961,FALSCH,"0,186","0,167","0,019","0,005",28,control,"8,78947",,"5,4828",1,12,13,FALSCH,1065
image_1879.png,4,farmbot_uzk,115,"1726561727,48149","22,78","55,2","3636,3",634,41551121,41551755,FALSCH,"0,157","0,147","0,01","0,006",28,control,"14,7",,"4,163",2,12,14,WAHR,1066
image_1880.png,4,farmbot_uzk,115,"1726559701,28373","19,06","65,5","318,1",61,3997813,3997874,FALSCH,"0,157","0,147","0,01","0,006",28,control,"14,7",,"4,163",2,12,14,WAHR,1066
image_1881.png,4,farmbot_uzk,116,"1726559701,28373","19,06","65,5","318,1",61,3997813,3997874,FALSCH,"0,348","0,324","0,024","0,016",28,control,"13,5",,"10,6076",1,13,14,WAHR,1067
image_1882.png,4,farmbot_uzk,116,"1726561727,48149","22,78","55,2","3636,3",634,41551121,41551755,FALSCH,"0,348","0,324","0,024","0,016",28,control,"13,5",,"10,6076",1,13,14,WAHR,1067
image_1883.png,4,farmbot_uzk,117,"1726559701,28373","19,06","65,5","318,1",61,3997813,3997874,FALSCH,"0,446","0,421","0,025","0,027",28,control,"16,84",,"15,2544",1,20,21,WAHR,1068
image_1884.png,4,farmbot_uzk,117,"1726561727,48149","22,78","55,2","3636,3",634,41551121,41551755,FALSCH,"0,446","0,421","0,025","0,027",28,control,"16,84",,"15,2544",1,20,21,WAHR,1068
image_1885.png,4,farmbot_uzk,118,"1726561727,48149","22,78","55,2","3636,3",634,41551121,41551755,FALSCH,"0,244","0,229","0,015","0,014",28,control,"15,26667",,"8,6048",2,16,18,WAHR,1069
image_1886.png,4,farmbot_uzk,118,"1726559701,28373","19,06","65,5","318,1",61,3997813,3997874,FALSCH,"0,244","0,229","0,015","0,014",28,control,"15,26667",,"8,6048",2,16,18,WAHR,1069
image_1887.png,4,farmbot_uzk,119,"1726561727,48149","22,78","55,2","3636,3",634,41551121,41551755,FALSCH,"0,311","0,287","0,024","0,014",28,control,"11,95833",,"8,9528",2,15,17,WAHR,1070
image_1888.png,4,farmbot_uzk,119,"1726559701,28373","19,06","65,5","318,1",61,3997813,3997874,FALSCH,"0,311","0,287","0,024","0,014",28,control,"11,95833",,"8,9528",2,15,17,WAHR,1070
image_1889.png,4,farmbot_uzk,120,"1726559701,28373","19,06","65,5","318,1",61,3997813,3997874,FALSCH,"0,222","0,198","0,024","0,014",28,control,"8,25",,"7,0408",1,12,13,WAHR,1071
image_1890.png,4,farmbot_uzk,120,"1726561727,48149","22,78","55,2","3636,3",634,41551121,41551755,FALSCH,"0,222","0,198","0,024","0,014",28,control,"8,25",,"7,0408",1,12,13,WAHR,1071
image_1891.png,4,farmbot_uzk,121,"1726561817,2921","23,24","53,8","3619,3",628,41157897,41158525,FALSCH,"0,189","0,173","0,016","0,008",28,control,"10,8125",,"5,8203",0,13,13,WAHR,1072
image_1892.png,4,farmbot_uzk,121,"1726559799,37198","19,03","65,5","319,2",59,3866740,3866799,FALSCH,"0,189","0,173","0,016","0,008",28,control,"10,8125",,"5,8203",0,13,13,WAHR,1072
image_1893.png,4,farmbot_uzk,122,"1726559799,37198","19,03","65,5","319,2",59,3866740,3866799,FALSCH,"0,246","0,233","0,013","0,013",28,control,"17,92308",,"7,4253",2,12,14,WAHR,1073
image_1894.png,4,farmbot_uzk,122,"1726561817,2921","23,24","53,8","3619,3",628,41157897,41158525,FALSCH,"0,246","0,233","0,013","0,013",28,control,"17,92308",,"7,4253",2,12,14,WAHR,1073
image_1895.png,4,farmbot_uzk,123,"1726561817,2921","23,24","53,8","3619,3",628,41157897,41158525,FALSCH,"0,581","0,561","0,02","0,033",28,control,"28,05",,"15,5303",0,17,17,WAHR,1074
image_1896.png,4,farmbot_uzk,123,"1726559799,37198","19,03","65,5","319,2",59,3866740,3866799,FALSCH,"0,581","0,561","0,02","0,033",28,control,"28,05",,"15,5303",0,17,17,WAHR,1074
image_1897.png,4,farmbot_uzk,124,"1726559799,37198","19,03","65,5","319,2",59,3866740,3866799,FALSCH,"0,422","0,385","0,037","0,023",28,control,"10,40541",,"9,3723",2,18,20,WAHR,1075
image_1898.png,4,farmbot_uzk,124,"1726561817,2921","23,24","53,8","3619,3",628,41157897,41158525,FALSCH,"0,422","0,385","0,037","0,023",28,control,"10,40541",,"9,3723",2,18,20,WAHR,1075
image_1899.png,4,farmbot_uzk,125,"1726561817,2921","23,24","53,8","3619,3",628,41157897,41158525,FALSCH,"0,224","0,214","0,01","0,012",28,drought,"21,4",,"7,6274",2,14,16,WAHR,1076
image_1900.png,4,farmbot_uzk,125,"1726559799,37198","19,03","65,5","319,2",59,3866740,3866799,FALSCH,"0,224","0,214","0,01","0,012",28,drought,"21,4",,"7,6274",2,14,16,WAHR,1076
image_1901.png,4,farmbot_uzk,126,"1726559799,37198","19,03","65,5","319,2",59,3866740,3866799,FALSCH,"0,322","0,302","0,02","0,02",28,drought,"15,1",,"11,6968",1,12,13,WAHR,1077
image_1902.png,4,farmbot_uzk,126,"1726561817,2921","23,24","53,8","3619,3",628,41157897,41158525,FALSCH,"0,322","0,302","0,02","0,02",28,drought,"15,1",,"11,6968",1,12,13,WAHR,1077
image_1903.png,4,farmbot_uzk,127,"1726561900,87052","22,93","53,2","3645,9",635,41616660,41617295,FALSCH,"0,495","0,438","0,057","0,025",28,drought,"7,68421",,"13,7246",2,21,23,WAHR,1078
image_1904.png,4,farmbot_uzk,127,"1726559892,66072","19,04","65,6","333,3",63,4128890,4128953,FALSCH,"0,495","0,438","0,057","0,025",28,drought,"7,68421",,"13,7246",2,21,23,WAHR,1078
image_1905.png,4,farmbot_uzk,128,"1726559892,66072","19,04","65,6","333,3",63,4128890,4128953,FALSCH,"0,135","0,123","0,012","0,006",28,drought,"10,25",,"3,6546",2,14,16,WAHR,1079
image_1906.png,4,farmbot_uzk,128,"1726561900,87052","22,93","53,2","3645,9",635,41616660,41617295,FALSCH,"0,135","0,123","0,012","0,006",28,drought,"10,25",,"3,6546",2,14,16,WAHR,1079
image_1907.png,4,farmbot_uzk,129,"1726559892,66072","19,04","65,6","333,3",63,4128890,4128953,FALSCH,"0,175","0,155","0,02","0,01",28,drought,"7,75",,"5,6929",2,15,17,WAHR,1080
image_1908.png,4,farmbot_uzk,129,"1726561900,87052","22,93","53,2","3645,9",635,41616660,41617295,FALSCH,"0,175","0,155","0,02","0,01",28,drought,"7,75",,"5,6929",2,15,17,WAHR,1080
image_1909.png,4,farmbot_uzk,130,"1726561900,87052","22,93","53,2","3645,9",635,41616660,41617295,FALSCH,"0,582","0,529","0,053","0,032",28,drought,"9,98113",,"18,7658",2,16,18,WAHR,1081
image_1910.png,4,farmbot_uzk,130,"1726559892,66072","19,04","65,6","333,3",63,4128890,4128953,FALSCH,"0,582","0,529","0,053","0,032",28,drought,"9,98113",,"18,7658",2,16,18,WAHR,1081
image_1911.png,4,farmbot_uzk,131,"1726561900,87052","22,93","53,2","3645,9",635,41616660,41617295,FALSCH,"0,324","0,301","0,023","0,001",28,drought,"13,08696",,"0,9672",0,15,15,WAHR,1082
image_1912.png,4,farmbot_uzk,131,"1726559892,66072","19,04","65,6","333,3",63,4128890,4128953,FALSCH,"0,324","0,301","0,023","0,001",28,drought,"13,08696",,"0,9672",0,15,15,WAHR,1082
image_1913.png,4,farmbot_uzk,132,"1726561900,87052","22,93","53,2","3645,9",635,41616660,41617295,FALSCH,"0,047","0,036","0,011","0,021",28,drought,"3,27273",,"11,472",3,7,10,WAHR,1083
image_1914.png,4,farmbot_uzk,132,"1726559892,66072","19,04","65,6","333,3",63,4128890,4128953,FALSCH,"0,047","0,036","0,011","0,021",28,drought,"3,27273",,"11,472",3,7,10,WAHR,1083
image_1915.png,4,farmbot_uzk,133,"1726559995,44498","18,97",66,354,66,4325505,4325571,FALSCH,"0,203","0,189","0,014","0,014",28,drought,"13,5",,"9,8419",2,11,13,WAHR,1084
image_1916.png,4,farmbot_uzk,133,"1726561989,15022",23,"53,9","3661,4",640,41944347,41944987,FALSCH,"0,203","0,189","0,014","0,014",28,drought,"13,5",,"9,8419",2,11,13,WAHR,1084
image_1917.png,4,farmbot_uzk,134,"1726559995,44498","18,97",66,354,66,4325505,4325571,FALSCH,"0,065","0,054","0,011",4,28,drought,"4,90909",,"2,5682",2,9,11,WAHR,1085
image_1918.png,4,farmbot_uzk,134,"1726561989,15022",23,"53,9","3661,4",640,41944347,41944987,FALSCH,"0,065","0,054","0,011",4,28,drought,"4,90909",,"2,5682",2,9,11,WAHR,1085
image_1919.png,4,farmbot_uzk,135,"1726559995,44498","18,97",66,354,66,4325505,4325571,FALSCH,"0,085","0,081","0,004","0,009",28,drought,"20,25",,"3,6327",1,13,14,WAHR,1086
image_1920.png,4,farmbot_uzk,135,"1726561989,15022",23,"53,9","3661,4",640,41944347,41944987,FALSCH,"0,085","0,081","0,004","0,009",28,drought,"20,25",,"3,6327",1,13,14,WAHR,1086
image_1921.png,4,farmbot_uzk,136,"1726559995,44498","18,97",66,354,66,4325505,4325571,FALSCH,"0,413","0,0393","0,3737","0,005",28,drought,"0,10516",,"16,7234",1,22,23,WAHR,1087
image_1922.png,4,farmbot_uzk,136,"1726561989,15022",23,"53,9","3661,4",640,41944347,41944987,FALSCH,"0,413","0,0393","0,3737","0,005",28,drought,"0,10516",,"16,7234",1,22,23,WAHR,1087
image_1923.png,4,farmbot_uzk,137,"1726559995,44498","18,97",66,354,66,4325505,4325571,FALSCH,"0,221","0,195","0,026","0,021",28,drought,"7,5",,"7,0958",1,15,16,WAHR,1088
image_1924.png,4,farmbot_uzk,137,"1726561989,15022",23,"53,9","3661,4",640,41944347,41944987,FALSCH,"0,221","0,195","0,026","0,021",28,drought,"7,5",,"7,0958",1,15,16,WAHR,1088
image_1925.png,4,farmbot_uzk,138,"1726561989,15022",23,"53,9","3661,4",640,41944347,41944987,FALSCH,"0,163","0,146","0,017","0,007",28,drought,"8,58824",,"4,7028",0,10,10,WAHR,1089
image_1926.png,4,farmbot_uzk,138,"1726559995,44498","18,97",66,354,66,4325505,4325571,FALSCH,"0,163","0,146","0,017","0,007",28,drought,"8,58824",,"4,7028",0,10,10,WAHR,1089
image_1927.png,4,farmbot_uzk,139,"1726562077,49194","23,38","52,4","3711,3",649,42534189,42534838,FALSCH,"0,067","0,05","0,017","0,013",28,drought,"2,94118",,"1,9743",0,13,13,WAHR,1090
image_1928.png,4,farmbot_uzk,139,"1726560089,34621","19,34","65,3",361,68,4456580,4456648,FALSCH,"0,067","0,05","0,017","0,013",28,drought,"2,94118",,"1,9743",0,13,13,WAHR,1090
image_1929.png,4,farmbot_uzk,140,"1726562077,49194","23,38","52,4","3711,3",649,42534189,42534838,FALSCH,"0,088","0,075","0,013","0,019",28,drought,"5,76923",,"1,9817",2,10,12,WAHR,1091
image_1930.png,4,farmbot_uzk,140,"1726560089,34621","19,34","65,3",361,68,4456580,4456648,FALSCH,"0,088","0,075","0,013","0,019",28,drought,"5,76923",,"1,9817",2,10,12,WAHR,1091
image_1931.png,4,farmbot_uzk,141,"1726562077,49194","23,38","52,4","3711,3",649,42534189,42534838,FALSCH,"0,098","0,086","0,012","0,007",28,drought,"7,16667",,"3,4074",0,12,12,WAHR,1092
image_1932.png,4,farmbot_uzk,141,"1726560089,34621","19,34","65,3",361,68,4456580,4456648,FALSCH,"0,098","0,086","0,012","0,007",28,drought,"7,16667",,"3,4074",0,12,12,WAHR,1092
image_1933.png,4,farmbot_uzk,142,"1726562077,49194","23,38","52,4","3711,3",649,42534189,42534838,FALSCH,"0,074","0,06","0,014","0,01",28,drought,"4,28571",,"5,7055",1,9,10,WAHR,1093
image_1934.png,4,farmbot_uzk,142,"1726560089,34621","19,34","65,3",361,68,4456580,4456648,FALSCH,"0,074","0,06","0,014","0,01",28,drought,"4,28571",,"5,7055",1,9,10,WAHR,1093
image_1935.png,4,farmbot_uzk,143,"1726562077,49194","23,38","52,4","3711,3",649,42534189,42534838,FALSCH,"0,164","0,144","0,02","0,004",28,drought,"7,2",,"2,9399",2,12,14,WAHR,1094
image_1936.png,4,farmbot_uzk,143,"1726560089,34621","19,34","65,3",361,68,4456580,4456648,FALSCH,"0,164","0,144","0,02","0,004",28,drought,"7,2",,"2,9399",2,12,14,WAHR,1094
image_1937.png,4,farmbot_uzk,144,"1726562077,49194","23,38","52,4","3711,3",649,42534189,42534838,FALSCH,"0,4","0,372","0,028","0,028",28,drought,"13,28571",,"13,986",1,21,22,WAHR,1095
image_1938.png,4,farmbot_uzk,144,"1726560089,34621","19,34","65,3",361,68,4456580,4456648,FALSCH,"0,4","0,372","0,028","0,028",28,drought,"13,28571",,"13,986",1,21,22,WAHR,1095
image_1939.png,4,farmbot_uzk,145,"1726562166,58378","22,74","54,2","3712,8",650,42599726,42600376,FALSCH,"0,2","0,185","0,015","0,011",28,drought,"12,33333",,"7,3031",2,16,18,WAHR,1096
image_1940.png,4,farmbot_uzk,145,"1726560183,94056","19,22",65,"359,5",67,4391043,4391110,FALSCH,"0,2","0,185","0,015","0,011",28,drought,"12,33333",,"7,3031",2,16,18,WAHR,1096
image_1941.png,4,farmbot_uzk,146,"1726560183,94056","19,22",65,"359,5",67,4391043,4391110,FALSCH,"0,258","0,242","0,016","0,017",28,drought,"15,125",,"9,9854",2,14,16,WAHR,1097
image_1942.png,4,farmbot_uzk,146,"1726562166,58378","22,74","54,2","3712,8",650,42599726,42600376,FALSCH,"0,258","0,242","0,016","0,017",28,drought,"15,125",,"9,9854",2,14,16,WAHR,1097
image_1943.png,4,farmbot_uzk,147,"1726560183,94056","19,22",65,"359,5",67,4391043,4391110,FALSCH,"0,221","0,206","0,015","0,01",28,salinity,"13,73333",,"5,6729",1,12,13,WAHR,1098
image_1944.png,4,farmbot_uzk,147,"1726562166,58378","22,74","54,2","3712,8",650,42599726,42600376,FALSCH,"0,221","0,206","0,015","0,01",28,salinity,"13,73333",,"5,6729",1,12,13,WAHR,1098
image_1945.png,4,farmbot_uzk,148,"1726560183,94056","19,22",65,"359,5",67,4391043,4391110,FALSCH,"0,367","0,345","0,022","0,022",28,salinity,"15,68182",,"9,8715",2,17,19,WAHR,1099
image_1946.png,4,farmbot_uzk,148,"1726562166,58378","22,74","54,2","3712,8",650,42599726,42600376,FALSCH,"0,367","0,345","0,022","0,022",28,salinity,"15,68182",,"9,8715",2,17,19,WAHR,1099
image_1947.png,4,farmbot_uzk,149,"1726560183,94056","19,22",65,"359,5",67,4391043,4391110,FALSCH,"0,086","0,072","0,014","0,003",28,salinity,"5,14286",,"2,2832",0,9,9,WAHR,1100
image_1948.png,4,farmbot_uzk,149,"1726562166,58378","22,74","54,2","3712,8",650,42599726,42600376,FALSCH,"0,086","0,072","0,014","0,003",28,salinity,"5,14286",,"2,2832",0,9,9,WAHR,1100
image_1949.png,4,farmbot_uzk,150,"1726562166,58378","22,74","54,2","3712,8",650,42599726,42600376,FALSCH,"0,131","0,118","0,013","0,005",28,salinity,"9,07692",,"3,8554",1,10,11,WAHR,1101
image_1950.png,4,farmbot_uzk,150,"1726560183,94056","19,22",65,"359,5",67,4391043,4391110,FALSCH,"0,131","0,118","0,013","0,005",28,salinity,"9,07692",,"3,8554",1,10,11,WAHR,1101
image_1951.png,4,farmbot_uzk,151,"1726562251,60332","22,36","54,2","3704,6",650,42599724,42600374,FALSCH,,,,,28,salinity,,,,0,0,0,WAHR,1102
image_1952.png,4,farmbot_uzk,151,"1726560279,01381","19,17","65,3",408,75,4915348,4915423,FALSCH,,,,,28,salinity,,,,0,0,0,WAHR,1102
image_1953.png,4,farmbot_uzk,152,"1726560279,01381","19,17","65,3",408,75,4915348,4915423,FALSCH,"0,168","0,15","0,018","0,003",28,salinity,"8,33333",,"1,1701",3,13,16,WAHR,1103
image_1954.png,4,farmbot_uzk,152,"1726562251,60332","22,36","54,2","3704,6",650,42599724,42600374,FALSCH,"0,168","0,15","0,018","0,003",28,salinity,"8,33333",,"1,1701",3,13,16,WAHR,1103
image_1955.png,4,farmbot_uzk,153,"1726562251,60332","22,36","54,2","3704,6",650,42599724,42600374,FALSCH,"0,057","0,05","0,007","0,002",28,salinity,"7,14286",,"1,3839",0,5,5,WAHR,1104
image_1956.png,4,farmbot_uzk,153,"1726560279,01381","19,17","65,3",408,75,4915348,4915423,FALSCH,"0,057","0,05","0,007","0,002",28,salinity,"7,14286",,"1,3839",0,5,5,WAHR,1104
image_1957.png,4,farmbot_uzk,154,"1726562251,60332","22,36","54,2","3704,6",650,42599724,42600374,FALSCH,"0,049","0,043","0,006","0,009",28,salinity,"7,16667",,"5,6203",1,6,7,WAHR,1105
image_1958.png,4,farmbot_uzk,154,"1726560279,01381","19,17","65,3",408,75,4915348,4915423,FALSCH,"0,049","0,043","0,006","0,009",28,salinity,"7,16667",,"5,6203",1,6,7,WAHR,1105
image_1959.png,4,farmbot_uzk,155,"1726560279,01381","19,17","65,3",408,75,4915348,4915423,FALSCH,"0,145","0,116","0,029","0,006",28,salinity,4,,"3,6414",2,9,11,WAHR,1106
image_1960.png,4,farmbot_uzk,155,"1726562251,60332","22,36","54,2","3704,6",650,42599724,42600374,FALSCH,"0,145","0,116","0,029","0,006",28,salinity,4,,"3,6414",2,9,11,WAHR,1106
image_1961.png,4,farmbot_uzk,156,"1726562251,60332","22,36","54,2","3704,6",650,42599724,42600374,FALSCH,"0,301","0,276","0,025","0,013",28,salinity,"11,04",,"8,2002",0,15,15,WAHR,1107
image_1962.png,4,farmbot_uzk,156,"1726560279,01381","19,17","65,3",408,75,4915348,4915423,FALSCH,"0,301","0,276","0,025","0,013",28,salinity,"11,04",,"8,2002",0,15,15,WAHR,1107
image_1963.png,4,farmbot_uzk,157,"1726562399,42151","22,62","53,9","3682,4",646,42337572,42338218,FALSCH,"0,178","0,166","0,012","0,007",28,salinity,"13,83333",,"3,7298",2,8,10,WAHR,1108
image_1964.png,4,farmbot_uzk,157,"1726560372,55343","19,28","65,4","453,9",84,5505189,5505273,FALSCH,"0,178","0,166","0,012","0,007",28,salinity,"13,83333",,"3,7298",2,8,10,WAHR,1108
image_1965.png,4,farmbot_uzk,158,"1726560372,55343","19,28","65,4","453,9",84,5505189,5505273,FALSCH,"0,115","0,108","0,007","0,013",28,salinity,"15,42857",,"4,2538",1,9,10,WAHR,1109
image_1966.png,4,farmbot_uzk,158,"1726562399,42151","22,62","53,9","3682,4",646,42337572,42338218,FALSCH,"0,115","0,108","0,007","0,013",28,salinity,"15,42857",,"4,2538",1,9,10,WAHR,1109
image_1967.png,4,farmbot_uzk,159,"1726562399,42151","22,62","53,9","3682,4",646,42337572,42338218,FALSCH,"0,515","0,496","0,019","0,021",28,salinity,"26,10526",,"14,2922",0,13,13,WAHR,1110
image_1968.png,4,farmbot_uzk,159,"1726560372,55343","19,28","65,4","453,9",84,5505189,5505273,FALSCH,"0,515","0,496","0,019","0,021",28,salinity,"26,10526",,"14,2922",0,13,13,WAHR,1110
image_1969.png,4,farmbot_uzk,160,"1726560372,55343","19,28","65,4","453,9",84,5505189,5505273,FALSCH,"0,125","0,105","0,02","0,01",28,salinity,"5,25",,"3,5506",1,15,16,WAHR,1111
image_1970.png,4,farmbot_uzk,160,"1726562399,42151","22,62","53,9","3682,4",646,42337572,42338218,FALSCH,"0,125","0,105","0,02","0,01",28,salinity,"5,25",,"3,5506",1,15,16,WAHR,1111
image_1971.png,4,farmbot_uzk,161,"1726560372,55343","19,28","65,4","453,9",84,5505189,5505273,FALSCH,"0,364","0,341","0,023","0,02",28,salinity,"14,82609",,"12,09",2,16,18,WAHR,1112
image_1972.png,4,farmbot_uzk,161,"1726562399,42151","22,62","53,9","3682,4",646,42337572,42338218,FALSCH,"0,364","0,341","0,023","0,02",28,salinity,"14,82609",,"12,09",2,16,18,WAHR,1112
image_1973.png,4,farmbot_uzk,162,"1726560372,55343","19,28","65,4","453,9",84,5505189,5505273,FALSCH,"0,387","0,367","0,02","0,02",28,salinity,"18,35",,"11,0204",2,14,16,WAHR,1113
image_1974.png,4,farmbot_uzk,162,"1726562399,42151","22,62","53,9","3682,4",646,42337572,42338218,FALSCH,"0,387","0,367","0,02","0,02",28,salinity,"18,35",,"11,0204",2,14,16,WAHR,1113
image_1975.png,4,farmbot_uzk,163,"1726560466,26844","19,54","65,2",422,79,5177498,5177577,FALSCH,"0,214","0,2","0,014","0,009",28,salinity,"14,28571",,"3,9117",0,10,10,WAHR,1114
image_1976.png,4,farmbot_uzk,163,"1726562482,4914","23,21","52,5","3696,2",647,42403112,42403759,FALSCH,"0,214","0,2","0,014","0,009",28,salinity,"14,28571",,"3,9117",0,10,10,WAHR,1114
image_1977.png,4,farmbot_uzk,164,"1726560466,26844","19,54","65,2",422,79,5177498,5177577,FALSCH,"0,213","0,193","0,02","0,013",28,salinity,"9,65",,"6,2632",1,12,13,WAHR,1115
image_1978.png,4,farmbot_uzk,164,"1726562482,4914","23,21","52,5","3696,2",647,42403112,42403759,FALSCH,"0,213","0,193","0,02","0,013",28,salinity,"9,65",,"6,2632",1,12,13,WAHR,1115
image_1979.png,4,farmbot_uzk,165,"1726560466,26844","19,54","65,2",422,79,5177498,5177577,FALSCH,"0,123","0,109","0,014","0,004",28,salinity,"7,78571",,"2,9918",3,7,10,WAHR,1116
image_1980.png,4,farmbot_uzk,165,"1726562482,4914","23,21","52,5","3696,2",647,42403112,42403759,FALSCH,"0,123","0,109","0,014","0,004",28,salinity,"7,78571",,"2,9918",3,7,10,WAHR,1116
image_1981.png,4,farmbot_uzk,166,"1726562482,4914","23,21","52,5","3696,2",647,42403112,42403759,FALSCH,"0,232","0,195","0,037","0,008",28,salinity,"5,27027",,"3,9396",4,9,13,WAHR,1117
image_1982.png,4,farmbot_uzk,166,"1726560466,26844","19,54","65,2",422,79,5177498,5177577,FALSCH,"0,232","0,195","0,037","0,008",28,salinity,"5,27027",,"3,9396",4,9,13,WAHR,1117
image_1983.png,4,farmbot_uzk,167,"1726562482,4914","23,21","52,5","3696,2",647,42403112,42403759,FALSCH,"0,117","0,097","0,02","0,004",28,salinity,"4,85",,"2,5169",2,10,12,WAHR,1118
image_1984.png,4,farmbot_uzk,167,"1726560466,26844","19,54","65,2",422,79,5177498,5177577,FALSCH,"0,117","0,097","0,02","0,004",28,salinity,"4,85",,"2,5169",2,10,12,WAHR,1118
image_1985.png,4,farmbot_uzk,168,"1726562482,4914","23,21","52,5","3696,2",647,42403112,42403759,FALSCH,"0,245","0,224","0,021","0,011",28,salinity,"10,66667",,"6,0472",1,13,14,WAHR,1119
image_1986.png,4,farmbot_uzk,168,"1726560466,26844","19,54","65,2",422,79,5177498,5177577,FALSCH,"0,245","0,224","0,021","0,011",28,salinity,"10,66667",,"6,0472",1,13,14,WAHR,1119
image_1987.png,4,farmbot_uzk_2,1,"1725267746,23833","33,4809643701839","43,3081559472038","2148,6912",424,27788062,27788486,FALSCH,"0,118","0,117","0,001","0,0134",28,control,117,"1,6841",0,2,11,13,WAHR,896
image_1988.png,4,farmbot_uzk_2,1,"1725268160,12395","33,8200961318379","42,6169222552834","2275,9872",719,47121402,47122121,FALSCH,"0,118","0,117","0,001","0,0134",28,control,117,"1,6841",0,2,11,13,FALSCH,896
image_1989.png,4,farmbot_uzk_2,2,"1725267746,23833","33,4809643701839","43,3081559472038","2148,6912",424,27788062,27788486,FALSCH,"0,548","0,509","0,039","0,0311",28,control,"13,05128","12,5876",0,2,13,15,WAHR,897
image_1990.png,4,farmbot_uzk_2,2,"1725268160,12395","33,8200961318379","42,6169222552834","2275,9872",719,47121402,47122121,FALSCH,"0,548","0,509","0,039","0,0311",28,control,"13,05128","12,5876",0,2,13,15,FALSCH,897
image_1991.png,4,farmbot_uzk_2,3,"1725267746,23833","33,4809643701839","43,3081559472038","2148,6912",424,27788062,27788486,FALSCH,"0,56","0,497","0,063","0,0289",28,control,"7,88889","9,0182",0,0,10,10,WAHR,898
image_1992.png,4,farmbot_uzk_2,3,"1725268160,12395","33,8200961318379","42,6169222552834","2275,9872",719,47121402,47122121,FALSCH,"0,56","0,497","0,063","0,0289",28,control,"7,88889","9,0182",0,0,10,10,FALSCH,898
image_1993.png,4,farmbot_uzk_2,4,"1725267746,23833","33,4809643701839","43,3081559472038","2148,6912",424,27788062,27788486,FALSCH,"0,397","0,38","0,017","0,0309",28,control,"22,35294","10,7416",0,3,10,13,WAHR,899
image_1994.png,4,farmbot_uzk_2,4,"1725268160,12395","33,8200961318379","42,6169222552834","2275,9872",719,47121402,47122121,FALSCH,"0,397","0,38","0,017","0,0309",28,control,"22,35294","10,7416",0,3,10,13,FALSCH,899
image_1995.png,4,farmbot_uzk_2,5,"1725267746,23833","33,4809643701839","43,3081559472038","2148,6912",424,27788062,27788486,FALSCH,"0,451","0,384","0,067","0,0307",28,control,"5,73134","7,5682",0,0,16,16,WAHR,900
image_1996.png,4,farmbot_uzk_2,5,"1725268160,12395","33,8200961318379","42,6169222552834","2275,9872",719,47121402,47122121,FALSCH,"0,451","0,384","0,067","0,0307",28,control,"5,73134","7,5682",0,0,16,16,FALSCH,900
image_1997.png,4,farmbot_uzk_2,6,"1725268160,12395","33,8200961318379","42,6169222552834","2275,9872",719,47121402,47122121,FALSCH,,,,,28,control,,,0,0,0,0,FALSCH,901
image_1998.png,4,farmbot_uzk_2,6,"1725267746,23833","33,4809643701839","43,3081559472038","2148,6912",424,27788062,27788486,FALSCH,,,,,28,control,,,0,0,0,0,WAHR,901
image_1999.png,4,farmbot_uzk_2,7,"1725264573,20259","32,4475471122301","44,780651560235","2264,2368",411,26936114,26936525,FALSCH,"0,686","0,631","0,055","0,0408",28,control,"11,47273","12,4256",0,0,21,21,WAHR,902
image_2000.png,4,farmbot_uzk_2,7,"1725268215,02251","34,2153047989624","41,9333180743114","2530,0896",767,50267223,50267990,FALSCH,"0,686","0,631","0,055","0,0408",28,control,"11,47273","12,4256",0,0,21,21,FALSCH,902
image_2001.png,4,farmbot_uzk_2,8,"1725268215,02251","34,2153047989624","41,9333180743114","2530,0896",767,50267223,50267990,FALSCH,"0,262","0,19","0,072","0,0737",28,control,"2,63889","16,5445",0,2,8,10,FALSCH,903
image_2002.png,4,farmbot_uzk_2,8,"1725264573,20259","32,4475471122301","44,780651560235","2264,2368",411,26936114,26936525,FALSCH,"0,262","0,19","0,072","0,0737",28,control,"2,63889","16,5445",0,2,8,10,WAHR,903
image_2003.png,4,farmbot_uzk_2,9,"1725268215,02251","34,2153047989624","41,9333180743114","2530,0896",767,50267223,50267990,FALSCH,"1,158","1,057","0,101","0,0111",28,control,"10,46535","4,1344",0,2,23,25,FALSCH,904
image_2004.png,4,farmbot_uzk_2,9,"1725264573,20259","32,4475471122301","44,780651560235","2264,2368",411,26936114,26936525,FALSCH,"1,158","1,057","0,101","0,0111",28,control,"10,46535","4,1344",0,2,23,25,WAHR,904
image_2005.png,4,farmbot_uzk_2,10,"1725268215,02251","34,2153047989624","41,9333180743114","2530,0896",767,50267223,50267990,FALSCH,"0,093","0,065","0,028","0,0051",28,control,"2,32143","1,2721",0,1,6,7,FALSCH,905
image_2006.png,4,farmbot_uzk_2,10,"1725264573,20259","32,4475471122301","44,780651560235","2264,2368",411,26936114,26936525,FALSCH,"0,093","0,065","0,028","0,0051",28,control,"2,32143","1,2721",0,1,6,7,WAHR,905
image_2007.png,4,farmbot_uzk_2,11,"1725268215,02251","34,2153047989624","41,9333180743114","2530,0896",767,50267223,50267990,FALSCH,"0,487","0,421","0,066","0,0302",28,control,"6,37879","8,4481",0,4,11,15,FALSCH,906
image_2008.png,4,farmbot_uzk_2,11,"1725264573,20259","32,4475471122301","44,780651560235","2264,2368",411,26936114,26936525,FALSCH,"0,487","0,421","0,066","0,0302",28,control,"6,37879","8,4481",0,4,11,15,WAHR,906
image_2009.png,4,farmbot_uzk_2,12,"1725268215,02251","34,2153047989624","41,9333180743114","2530,0896",767,50267223,50267990,FALSCH,"0,54","0,505","0,035","0,0308",28,control,"14,42857","11,0047",0,0,13,13,FALSCH,907
image_2010.png,4,farmbot_uzk_2,12,"1725264573,20259","32,4475471122301","44,780651560235","2264,2368",411,26936114,26936525,FALSCH,"0,54","0,505","0,035","0,0308",28,control,"14,42857","11,0047",0,0,13,13,WAHR,907
image_2011.png,4,farmbot_uzk_2,13,"1725264638,63563","32,2365911345083","44,8310063324941","2215,7664",403,26411809,26412212,FALSCH,"0,31","0,226","0,084","0,019",28,control,"2,69048","5,5343",0,0,10,10,WAHR,908
image_2012.png,4,farmbot_uzk_2,13,"1725268291,99037","34,5143816281376","41,4267185473411","2918,3424",823,53937370,53938193,FALSCH,"0,31","0,226","0,084","0,019",28,control,"2,69048","5,5343",0,0,10,10,FALSCH,908
image_2013.png,4,farmbot_uzk_2,14,"1725268291,99037","34,5143816281376","41,4267185473411","2918,3424",823,53937370,53938193,FALSCH,"0,396","0,368","0,028","0,0293",28,control,"13,14286","9,787",0,2,10,12,FALSCH,909
image_2014.png,4,farmbot_uzk_2,14,"1725264638,63563","32,2365911345083","44,8310063324941","2215,7664",403,26411809,26412212,FALSCH,"0,396","0,368","0,028","0,0293",28,control,"13,14286","9,787",0,2,10,12,WAHR,909
image_2015.png,4,farmbot_uzk_2,15,"1725264638,63563","32,2365911345083","44,8310063324941","2215,7664",403,26411809,26412212,FALSCH,"0,196","0,158","0,038","0,0119",28,control,"4,15789","2,587",0,0,6,6,WAHR,910
image_2016.png,4,farmbot_uzk_2,15,"1725268291,99037","34,5143816281376","41,4267185473411","2918,3424",823,53937370,53938193,FALSCH,"0,196","0,158","0,038","0,0119",28,control,"4,15789","2,587",0,0,6,6,FALSCH,910
image_2017.png,4,farmbot_uzk_2,16,"1725264638,63563","32,2365911345083","44,8310063324941","2215,7664",403,26411809,26412212,FALSCH,"0,285","0,231","0,054","0,0165",28,control,"4,27778","3,4754",0,0,14,14,WAHR,911
image_2018.png,4,farmbot_uzk_2,16,"1725268291,99037","34,5143816281376","41,4267185473411","2918,3424",823,53937370,53938193,FALSCH,"0,285","0,231","0,054","0,0165",28,control,"4,27778","3,4754",0,0,14,14,FALSCH,911
image_2019.png,4,farmbot_uzk_2,17,"1725268291,99037","34,5143816281376","41,4267185473411","2918,3424",823,53937370,53938193,FALSCH,"0,166","0,12","0,046","0,0084",28,drought,"2,6087","1,0023",0,1,10,11,FALSCH,912
image_2020.png,4,farmbot_uzk_2,17,"1725264638,63563","32,2365911345083","44,8310063324941","2215,7664",403,26411809,26412212,FALSCH,"0,166","0,12","0,046","0,0084",28,drought,"2,6087","1,0023",0,1,10,11,WAHR,912
image_2021.png,4,farmbot_uzk_2,18,"1725264638,63563","32,2365911345083","44,8310063324941","2215,7664",403,26411809,26412212,FALSCH,"0,405","0,331","0,074","0,0344",28,drought,"4,47297","4,4175",0,0,13,13,WAHR,913
image_2022.png,4,farmbot_uzk_2,18,"1725268291,99037","34,5143816281376","41,4267185473411","2918,3424",823,53937370,53938193,FALSCH,"0,405","0,331","0,074","0,0344",28,drought,"4,47297","4,4175",0,0,13,13,FALSCH,913
image_2023.png,4,farmbot_uzk_2,19,"1725268351,38455","34,4422827496757","41,6556038757916","3134,0928",856,56100132,56100988,FALSCH,"0,319","0,279","0,04","0,0202",28,drought,"6,975","4,4715",0,0,14,14,FALSCH,914
image_2024.png,4,farmbot_uzk_2,20,"1725268351,38455","34,4422827496757","41,6556038757916","3134,0928",856,56100132,56100988,FALSCH,"0,41","0,189","0,221","0,0159",28,drought,"0,8552","8,5215",0,0,8,8,FALSCH,915
image_2025.png,4,farmbot_uzk_2,21,"1725268351,38455","34,4422827496757","41,6556038757916","3134,0928",856,56100132,56100988,FALSCH,"0,54","0,475","0,065","0,0361",28,drought,"7,30769","9,6899",0,0,9,9,FALSCH,916
image_2026.png,4,farmbot_uzk_2,22,"1725268351,38455","34,4422827496757","41,6556038757916","3134,0928",856,56100132,56100988,FALSCH,"0,505","0,438","0,067","0,0486",28,drought,"6,53731","10,2742",0,0,15,15,FALSCH,917
image_2027.png,4,farmbot_uzk_2,23,"1725268351,38455","34,4422827496757","41,6556038757916","3134,0928",856,56100132,56100988,FALSCH,"0,183","0,09","0,093","0,0121",28,drought,"0,96774","1,8438",0,0,2,2,FALSCH,918
image_2028.png,4,farmbot_uzk_2,24,"1725268351,38455","34,4422827496757","41,6556038757916","3134,0928",856,56100132,56100988,FALSCH,"0,338","0,228","0,11","0,0176",28,drought,"2,07273","2,4925",0,4,10,14,FALSCH,919
image_2029.png,4,farmbot_uzk_2,25,"1725268411,91361","34,4983596551461","41,5915159838254","3324,7104",883,57869668,57870551,FALSCH,"0,313","0,119","0,194","0,0104",28,drought,"0,6134","1,5707",0,0,6,6,FALSCH,920
image_2030.png,4,farmbot_uzk_2,25,"1725264692,78957","32,279316395819","45,5191882200351","2268,3168",411,26936115,26936526,FALSCH,"0,313","0,119","0,194","0,0104",28,drought,"0,6134","1,5707",0,0,6,6,WAHR,920
image_2031.png,4,farmbot_uzk_2,26,"1725268411,91361","34,4983596551461","41,5915159838254","3324,7104",883,57869668,57870551,FALSCH,"0,403","0,297","0,106","0,026",28,drought,"2,80189","5,5563",0,5,13,18,FALSCH,921
image_2032.png,4,farmbot_uzk_2,26,"1725264692,78957","32,279316395819","45,5191882200351","2268,3168",411,26936115,26936526,FALSCH,"0,403","0,297","0,106","0,026",28,drought,"2,80189","5,5563",0,5,13,18,WAHR,921
image_2033.png,4,farmbot_uzk_2,27,"1725264692,78957","32,279316395819","45,5191882200351","2268,3168",411,26936115,26936526,FALSCH,"0,532","0,45","0,082","0,0378",28,drought,"5,4878","9,5957",0,2,8,10,WAHR,922
image_2034.png,4,farmbot_uzk_2,27,"1725268411,91361","34,4983596551461","41,5915159838254","3324,7104",883,57869668,57870551,FALSCH,"0,532","0,45","0,082","0,0378",28,drought,"5,4878","9,5957",0,2,8,10,FALSCH,922
image_2035.png,4,farmbot_uzk_2,28,"1725268411,91361","34,4983596551461","41,5915159838254","3324,7104",883,57869668,57870551,FALSCH,"0,291","0,218","0,073","0,0238",28,drought,"2,9863","5,3993",0,3,6,9,FALSCH,923
image_2036.png,4,farmbot_uzk_2,28,"1725264692,78957","32,279316395819","45,5191882200351","2268,3168",411,26936115,26936526,FALSCH,"0,291","0,218","0,073","0,0238",28,drought,"2,9863","5,3993",0,3,6,9,WAHR,923
image_2037.png,4,farmbot_uzk_2,29,"1725268411,91361","34,4983596551461","41,5915159838254","3324,7104",883,57869668,57870551,FALSCH,"0,613","0,509","0,104","0,0385",28,drought,"4,89423","10,7116",0,0,11,11,FALSCH,924
image_2038.png,4,farmbot_uzk_2,29,"1725264692,78957","32,279316395819","45,5191882200351","2268,3168",411,26936115,26936526,FALSCH,"0,613","0,509","0,104","0,0385",28,drought,"4,89423","10,7116",0,0,11,11,WAHR,924
image_2039.png,4,farmbot_uzk_2,30,"1725268411,91361","34,4983596551461","41,5915159838254","3324,7104",883,57869668,57870551,FALSCH,"0,351","0,268","0,083","0,0237",28,drought,"3,22892","6,5357",0,3,14,17,FALSCH,925
image_2040.png,4,farmbot_uzk_2,30,"1725264692,78957","32,279316395819","45,5191882200351","2268,3168",411,26936115,26936526,FALSCH,"0,351","0,268","0,083","0,0237",28,drought,"3,22892","6,5357",0,3,14,17,WAHR,925
image_2041.png,4,farmbot_uzk_2,31,"1725264741,33119","32,5356679636835","45,2079041733425","2308,3008",416,27263808,27264224,FALSCH,"0,356","0,283","0,073","0,0194",28,drought,"3,87671","5,7911",0,0,7,7,WAHR,926
image_2042.png,4,farmbot_uzk_2,31,"1725268470,56827","34,7520408941787","40,5691615167468","3462,6144",913,59835801,59836714,FALSCH,"0,356","0,283","0,073","0,0194",28,drought,"3,87671","5,7911",0,0,7,7,FALSCH,926
image_2043.png,4,farmbot_uzk_2,32,"1725264741,33119","32,5356679636835","45,2079041733425","2308,3008",416,27263808,27264224,FALSCH,"0,53","0,495","0,035","0,04",28,drought,"14,14286","11,6568",0,2,10,12,WAHR,927
image_2044.png,4,farmbot_uzk_2,32,"1725268470,56827","34,7520408941787","40,5691615167468","3462,6144",913,59835801,59836714,FALSCH,"0,53","0,495","0,035","0,04",28,drought,"14,14286","11,6568",0,2,10,12,FALSCH,927
image_2045.png,4,farmbot_uzk_2,33,"1725264741,33119","32,5356679636835","45,2079041733425","2308,3008",416,27263808,27264224,FALSCH,"0,456","0,388","0,068","0,0303",28,drought,"5,70588","8,0325",0,0,14,14,WAHR,928
image_2046.png,4,farmbot_uzk_2,33,"1725268470,56827","34,7520408941787","40,5691615167468","3462,6144",913,59835801,59836714,FALSCH,"0,456","0,388","0,068","0,0303",28,drought,"5,70588","8,0325",0,0,14,14,FALSCH,928
image_2047.png,4,farmbot_uzk_2,34,"1725264741,33119","32,5356679636835","45,2079041733425","2308,3008",416,27263808,27264224,FALSCH,"0,337","0,306","0,031","0,0368",28,drought,"9,87097","5,7326",0,2,11,13,WAHR,929
image_2048.png,4,farmbot_uzk_2,34,"1725268470,56827","34,7520408941787","40,5691615167468","3462,6144",913,59835801,59836714,FALSCH,"0,337","0,306","0,031","0,0368",28,drought,"9,87097","5,7326",0,2,11,13,FALSCH,929
image_2049.png,4,farmbot_uzk_2,35,"1725264741,33119","32,5356679636835","45,2079041733425","2308,3008",416,27263808,27264224,FALSCH,"0,389","0,352","0,037","0,0333",28,drought,"9,51351","5,7802",0,0,16,16,WAHR,930
image_2050.png,4,farmbot_uzk_2,35,"1725268470,56827","34,7520408941787","40,5691615167468","3462,6144",913,59835801,59836714,FALSCH,"0,389","0,352","0,037","0,0333",28,drought,"9,51351","5,7802",0,0,16,16,FALSCH,930
image_2051.png,4,farmbot_uzk_2,36,"1725264741,33119","32,5356679636835","45,2079041733425","2308,3008",416,27263808,27264224,FALSCH,"0,452","0,4221","0,0299","0,0321",28,drought,"14,11706","7,9457",0,0,13,13,WAHR,931
image_2052.png,4,farmbot_uzk_2,36,"1725268470,56827","34,7520408941787","40,5691615167468","3462,6144",913,59835801,59836714,FALSCH,"0,452","0,4221","0,0299","0,0321",28,drought,"14,11706","7,9457",0,0,13,13,FALSCH,931
image_2053.png,4,farmbot_uzk_2,37,"1725264794,25516","32,8160524910353","45,0522621499962","2327,8848",421,27591496,27591917,FALSCH,"0,311","0,287","0,024","0,0222",28,drought,"11,95833","7,3865",0,0,12,12,WAHR,932
image_2054.png,4,farmbot_uzk_2,37,"1725268520,49595","34,9523155565728","39,9710078583963","3501,2928",906,59377054,59377960,FALSCH,"0,311","0,287","0,024","0,0222",28,drought,"11,95833","7,3865",0,0,12,12,FALSCH,932
image_2055.png,4,farmbot_uzk_2,38,"1725268520,49595","34,9523155565728","39,9710078583963","3501,2928",906,59377054,59377960,FALSCH,"0,31","0,185","0,125","0,014",28,drought,"1,48","4,634",0,2,13,15,FALSCH,933
image_2056.png,4,farmbot_uzk_2,38,"1725264794,25516","32,8160524910353","45,0522621499962","2327,8848",421,27591496,27591917,FALSCH,"0,31","0,185","0,125","0,014",28,drought,"1,48","4,634",0,2,13,15,WAHR,933
image_2057.png,4,farmbot_uzk_2,39,"1725264794,25516","32,8160524910353","45,0522621499962","2327,8848",421,27591496,27591917,FALSCH,"0,428","0,368","0,06","0,0318",28,drought,"6,13333","8,801",0,3,15,18,WAHR,934
image_2058.png,4,farmbot_uzk_2,39,"1725268520,49595","34,9523155565728","39,9710078583963","3501,2928",906,59377054,59377960,FALSCH,"0,428","0,368","0,06","0,0318",28,drought,"6,13333","8,801",0,3,15,18,FALSCH,934
image_2059.png,4,farmbot_uzk_2,40,"1725268520,49595","34,9523155565728","39,9710078583963","3501,2928",906,59377054,59377960,FALSCH,"0,31","0,236","0,074","0,0211",28,drought,"3,18919","5,5802",0,0,12,12,FALSCH,935
image_2060.png,4,farmbot_uzk_2,40,"1725264794,25516","32,8160524910353","45,0522621499962","2327,8848",421,27591496,27591917,FALSCH,"0,31","0,236","0,074","0,0211",28,drought,"3,18919","5,5802",0,0,12,12,WAHR,935
image_2061.png,4,farmbot_uzk_2,41,"1725268520,49595","34,9523155565728","39,9710078583963","3501,2928",906,59377054,59377960,FALSCH,"0,373","0,242","0,131","0,0321",28,drought,"1,84733","4,841",0,2,7,9,FALSCH,936
image_2062.png,4,farmbot_uzk_2,41,"1725264794,25516","32,8160524910353","45,0522621499962","2327,8848",421,27591496,27591917,FALSCH,"0,373","0,242","0,131","0,0321",28,drought,"1,84733","4,841",0,2,7,9,WAHR,936
image_2063.png,4,farmbot_uzk_2,42,"1725264794,25516","32,8160524910353","45,0522621499962","2327,8848",421,27591496,27591917,FALSCH,"0,616","0,561","0,055","0,0539",28,drought,"10,2","13,2699",0,1,16,17,WAHR,937
image_2064.png,4,farmbot_uzk_2,42,"1725268520,49595","34,9523155565728","39,9710078583963","3501,2928",906,59377054,59377960,FALSCH,"0,616","0,561","0,055","0,0539",28,drought,"10,2","13,2699",0,1,16,17,FALSCH,937
image_2065.png,4,farmbot_uzk_2,43,"1725268570,40489","35,0083924620432","40,3906309605554","3587,4624",848,55575950,55576798,FALSCH,"0,418","0,375","0,043","0,0304",28,drought,"8,72093","9,5674",0,1,16,17,FALSCH,938
image_2066.png,4,farmbot_uzk_2,43,"1725264843,30362","33,0430304417487","44,7730220492866","2334,9024",423,27722571,27722994,FALSCH,"0,418","0,375","0,043","0,0304",28,drought,"8,72093","9,5674",0,1,16,17,WAHR,938
image_2067.png,4,farmbot_uzk_2,44,"1725264843,30362","33,0430304417487","44,7730220492866","2334,9024",423,27722571,27722994,FALSCH,,,,,28,drought,,,,,,0,WAHR,939
image_2068.png,4,farmbot_uzk_2,44,"1725268570,40489","35,0083924620432","40,3906309605554","3587,4624",848,55575950,55576798,FALSCH,,,,,28,drought,,,,,,0,FALSCH,939
image_2069.png,4,farmbot_uzk_2,45,"1725268570,40489","35,0083924620432","40,3906309605554","3587,4624",848,55575950,55576798,FALSCH,"0,671","0,563","0,108","0,0542",28,drought,"5,21296","12,2442",0,0,19,19,FALSCH,940
image_2070.png,4,farmbot_uzk_2,45,"1725264843,30362","33,0430304417487","44,7730220492866","2334,9024",423,27722571,27722994,FALSCH,"0,671","0,563","0,108","0,0542",28,drought,"5,21296","12,2442",0,0,19,19,WAHR,940
image_2071.png,4,farmbot_uzk_2,46,"1725268570,40489","35,0083924620432","40,3906309605554","3587,4624",848,55575950,55576798,FALSCH,"0,522","0,398","0,124","0,032",28,drought,"3,20968","11,7005",0,1,10,11,FALSCH,941
image_2072.png,4,farmbot_uzk_2,46,"1725264843,30362","33,0430304417487","44,7730220492866","2334,9024",423,27722571,27722994,FALSCH,"0,522","0,398","0,124","0,032",28,drought,"3,20968","11,7005",0,1,10,11,WAHR,941
image_2073.png,4,farmbot_uzk_2,47,"1725268570,40489","35,0083924620432","40,3906309605554","3587,4624",848,55575950,55576798,FALSCH,"0,178","0,144","0,034","0,0084",28,drought,"4,23529","1,3366",0,1,6,7,FALSCH,942
image_2074.png,4,farmbot_uzk_2,47,"1725264843,30362","33,0430304417487","44,7730220492866","2334,9024",423,27722571,27722994,FALSCH,"0,178","0,144","0,034","0,0084",28,drought,"4,23529","1,3366",0,1,6,7,WAHR,942
image_2075.png,4,farmbot_uzk_2,48,"1725264843,30362","33,0430304417487","44,7730220492866","2334,9024",423,27722571,27722994,FALSCH,"0,473","0,428","0,045","0,0342",28,drought,"9,51111","10,3976",0,0,15,15,WAHR,943
image_2076.png,4,farmbot_uzk_2,48,"1725268570,40489","35,0083924620432","40,3906309605554","3587,4624",848,55575950,55576798,FALSCH,"0,473","0,428","0,045","0,0342",28,drought,"9,51111","10,3976",0,0,15,15,FALSCH,943
image_2077.png,4,farmbot_uzk_2,49,"1725264899,43725","33,1284809643702","44,3518730449378","2327,8848",421,27591496,27591917,FALSCH,"0,514","0,46","0,054","0,0383",28,drought,"8,51852","10,1232",0,2,11,13,WAHR,944
image_2078.png,4,farmbot_uzk_2,49,"1725268640,18795","34,330128938735","41,4068818188754","3858,7008",816,53478844,53479660,FALSCH,"0,514","0,46","0,054","0,0383",28,drought,"8,51852","10,1232",0,2,11,13,FALSCH,944
image_2079.png,4,farmbot_uzk_2,50,"1725268640,18795","34,330128938735","41,4068818188754","3858,7008",816,53478844,53479660,FALSCH,"0,335","0,278","0,057","0,0277",28,drought,"4,87719","7,2069",0,0,13,13,FALSCH,945
image_2080.png,4,farmbot_uzk_2,50,"1725264899,43725","33,1284809643702","44,3518730449378","2327,8848",421,27591496,27591917,FALSCH,"0,335","0,278","0,057","0,0277",28,drought,"4,87719","7,2069",0,0,13,13,WAHR,945
image_2081.png,4,farmbot_uzk_2,51,"1725268640,18795","34,330128938735","41,4068818188754","3858,7008",816,53478844,53479660,FALSCH,"0,204","0,161","0,043","0,0157",28,drought,"3,74419","3,312",0,2,7,9,FALSCH,946
image_2082.png,4,farmbot_uzk_2,51,"1725264899,43725","33,1284809643702","44,3518730449378","2327,8848",421,27591496,27591917,FALSCH,"0,204","0,161","0,043","0,0157",28,drought,"3,74419","3,312",0,2,7,9,WAHR,946
image_2083.png,4,farmbot_uzk_2,52,"1725264899,43725","33,1284809643702","44,3518730449378","2327,8848",421,27591496,27591917,FALSCH,"0,225","0,176","0,049","0,0148",28,drought,"3,59184","5,2345",0,2,11,13,WAHR,947
image_2084.png,4,farmbot_uzk_2,52,"1725268640,18795","34,330128938735","41,4068818188754","3858,7008",816,53478844,53479660,FALSCH,"0,225","0,176","0,049","0,0148",28,drought,"3,59184","5,2345",0,2,11,13,FALSCH,947
image_2085.png,4,farmbot_uzk_2,53,"1725264899,43725","33,1284809643702","44,3518730449378","2327,8848",421,27591496,27591917,FALSCH,"0,526","0,468","0,058","0,0468",28,drought,"8,06897","10,2639",0,0,14,14,WAHR,948
image_2086.png,4,farmbot_uzk_2,53,"1725268640,18795","34,330128938735","41,4068818188754","3858,7008",816,53478844,53479660,FALSCH,"0,526","0,468","0,058","0,0468",28,drought,"8,06897","10,2639",0,0,14,14,FALSCH,948
image_2087.png,4,farmbot_uzk_2,54,"1725268640,18795","34,330128938735","41,4068818188754","3858,7008",816,53478844,53479660,FALSCH,"0,388","0,349","0,039","0,0324",28,drought,"8,94872","9,4487",0,2,10,12,FALSCH,949
image_2088.png,4,farmbot_uzk_2,54,"1725264899,43725","33,1284809643702","44,3518730449378","2327,8848",421,27591496,27591917,FALSCH,"0,388","0,349","0,039","0,0324",28,drought,"8,94872","9,4487",0,2,10,12,WAHR,949
image_2089.png,4,farmbot_uzk_2,55,"1725268690,17869","33,9482719157702","41,9439993896391","3958,9056",887,58131970,58132857,FALSCH,"0,329","0,282","0,047","0,0287",28,drought,6,"6,2165",0,2,14,16,FALSCH,950
image_2090.png,4,farmbot_uzk_2,55,"1725267836,06093","33,1712062256809","44,3457694361791","2252,976",470,30802773,30803243,FALSCH,"0,329","0,282","0,047","0,0287",28,drought,6,"6,2165",0,2,14,16,WAHR,950
image_2091.png,4,farmbot_uzk_2,56,"1725267836,06093","33,1712062256809","44,3457694361791","2252,976",470,30802773,30803243,FALSCH,"0,124","0,078","0,046","0,0107",28,drought,"1,69565","2,3362",0,0,4,4,WAHR,951
image_2092.png,4,farmbot_uzk_2,56,"1725268690,17869","33,9482719157702","41,9439993896391","3958,9056",887,58131970,58132857,FALSCH,"0,124","0,078","0,046","0,0107",28,drought,"1,69565","2,3362",0,0,4,4,FALSCH,951
image_2093.png,4,farmbot_uzk_2,57,"1725267836,06093","33,1712062256809","44,3457694361791","2252,976",470,30802773,30803243,FALSCH,"0,1308","0,1288","0,002","0,008",21,control,"64,4",,,2,9,11,WAHR,1008
image_2094.png,4,farmbot_uzk_2,57,"1725268690,17869","33,9482719157702","41,9439993896391","3958,9056",887,58131970,58132857,FALSCH,"0,1308","0,1288","0,002","0,008",21,control,"64,4",,,2,9,11,FALSCH,1008
image_2095.png,4,farmbot_uzk_2,58,"1725268690,17869","33,9482719157702","41,9439993896391","3958,9056",887,58131970,58132857,FALSCH,"0,3456","0,338","0,0076","0,017",21,control,"44,47368",,,0,10,10,FALSCH,1009
image_2096.png,4,farmbot_uzk_2,58,"1725267836,06093","33,1712062256809","44,3457694361791","2252,976",470,30802773,30803243,FALSCH,"0,3456","0,338","0,0076","0,017",21,control,"44,47368",,,0,10,10,WAHR,1009
image_2097.png,4,farmbot_uzk_2,59,"1725268690,17869","33,9482719157702","41,9439993896391","3958,9056",887,58131970,58132857,FALSCH,"0,2266","0,221","0,0056","0,016",21,control,"39,46429",,,0,12,12,FALSCH,1010
image_2098.png,4,farmbot_uzk_2,59,"1725267836,06093","33,1712062256809","44,3457694361791","2252,976",470,30802773,30803243,FALSCH,"0,2266","0,221","0,0056","0,016",21,control,"39,46429",,,0,12,12,WAHR,1010
image_2099.png,4,farmbot_uzk_2,60,"1725268690,17869","33,9482719157702","41,9439993896391","3958,9056",887,58131970,58132857,FALSCH,"0,0555","0,0393","0,0162","0,002",21,control,"2,42593",,,2,9,11,FALSCH,1011
image_2100.png,4,farmbot_uzk_2,60,"1725267836,06093","33,1712062256809","44,3457694361791","2252,976",470,30802773,30803243,FALSCH,"0,0555","0,0393","0,0162","0,002",21,control,"2,42593",,,2,9,11,WAHR,1011
image_2101.png,4,farmbot_uzk_2,61,"1725952332,20916","20,5672541390097","61,8478675516899","3427,6896",541,35456161,35456702,FALSCH,"0,1869","0,1812","0,0057","0,015",21,control,"31,78947",,,3,8,11,WAHR,1012
image_2102.png,4,farmbot_uzk_2,61,"1725950262,18519","18,8876173037308","67,371633478294","493,8432",89,5832882,5832971,FALSCH,"0,1869","0,1812","0,0057","0,015",21,control,"31,78947",,,3,8,11,FALSCH,1012
image_2103.png,4,farmbot_uzk_2,62,"1725952332,20916","20,5672541390097","61,8478675516899","3427,6896",541,35456161,35456702,FALSCH,"0,1404","0,1358","0,0046","0,007",21,control,"29,52174",,,4,7,11,WAHR,1013
image_2104.png,4,farmbot_uzk_2,62,"1725950262,18519","18,8876173037308","67,371633478294","493,8432",89,5832882,5832971,FALSCH,"0,1404","0,1358","0,0046","0,007",21,control,"29,52174",,,4,7,11,FALSCH,1013
image_2105.png,4,farmbot_uzk_2,63,"1725950262,18519","18,8876173037308","67,371633478294","493,8432",89,5832882,5832971,FALSCH,"0,194","0,1893","0,0047","0,012",21,control,"40,2766",,,4,8,12,FALSCH,1014
image_2106.png,4,farmbot_uzk_2,63,"1725952332,20916","20,5672541390097","61,8478675516899","3427,6896",541,35456161,35456702,FALSCH,"0,194","0,1893","0,0047","0,012",21,control,"40,2766",,,4,8,12,WAHR,1014
image_2107.png,4,farmbot_uzk_2,64,"1725952332,20916","20,5672541390097","61,8478675516899","3427,6896",541,35456161,35456702,FALSCH,"0,178","0,172","0,006","0,013",21,control,"28,66667",,,4,10,14,WAHR,1015
image_2108.png,4,farmbot_uzk_2,64,"1725950262,18519","18,8876173037308","67,371633478294","493,8432",89,5832882,5832971,FALSCH,"0,178","0,172","0,006","0,013",21,control,"28,66667",,,4,10,14,FALSCH,1015
image_2109.png,4,farmbot_uzk_2,65,"1725952332,20916","20,5672541390097","61,8478675516899","3427,6896",541,35456161,35456702,FALSCH,"0,2631","0,2566","0,0065","0,019",21,control,"39,47692",,,3,10,13,WAHR,1016
image_2110.png,4,farmbot_uzk_2,65,"1725950262,18519","18,8876173037308","67,371633478294","493,8432",89,5832882,5832971,FALSCH,"0,2631","0,2566","0,0065","0,019",21,control,"39,47692",,,3,10,13,FALSCH,1016
image_2111.png,4,farmbot_uzk_2,66,"1725950262,18519","18,8876173037308","67,371633478294","493,8432",89,5832882,5832971,FALSCH,"0,1959","0,19","0,0059","0,014",21,control,"32,20339",,,1,11,12,FALSCH,1017
image_2112.png,4,farmbot_uzk_2,66,"1725952332,20916","20,5672541390097","61,8478675516899","3427,6896",541,35456161,35456702,FALSCH,"0,1959","0,19","0,0059","0,014",21,control,"32,20339",,,1,11,12,WAHR,1017
image_2113.png,4,farmbot_uzk_2,67,"1725950325,50009","18,9009689478904","67,4143587396048","489,7632",89,5832881,5832970,FALSCH,"0,0888","0,0848","0,004","0,007",21,control,"21,2",,,2,8,10,FALSCH,1018
image_2114.png,4,farmbot_uzk_2,67,"1725952398,52404","20,7248035400931","61,4129854276341","3450,7008",541,35456168,35456709,FALSCH,"0,0888","0,0848","0,004","0,007",21,control,"21,2",,,2,8,10,WAHR,1018
image_2115.png,4,farmbot_uzk_2,68,"1725950325,50009","18,9009689478904","67,4143587396048","489,7632",89,5832881,5832970,FALSCH,"0,0391","0,0293","0,0098","0,002",21,control,"2,9898",,,1,9,10,FALSCH,1019
image_2116.png,4,farmbot_uzk_2,68,"1725952398,52404","20,7248035400931","61,4129854276341","3450,7008",541,35456168,35456709,FALSCH,"0,0391","0,0293","0,0098","0,002",21,control,"2,9898",,,1,9,10,WAHR,1019
image_2117.png,4,farmbot_uzk_2,69,"1725950325,50009","18,9009689478904","67,4143587396048","489,7632",89,5832881,5832970,FALSCH,"0,058","0,0562","0,0018","0,001",21,drought,"31,22222",,,2,8,10,FALSCH,1020
image_2118.png,4,farmbot_uzk_2,69,"1725952398,52404","20,7248035400931","61,4129854276341","3450,7008",541,35456168,35456709,FALSCH,"0,058","0,0562","0,0018","0,001",21,drought,"31,22222",,,2,8,10,WAHR,1020
image_2119.png,4,farmbot_uzk_2,70,"1725952398,52404","20,7248035400931","61,4129854276341","3450,7008",541,35456168,35456709,FALSCH,"0,2304","0,2227","0,0077","0,014",21,drought,"28,92208",,,2,13,15,WAHR,1021
image_2120.png,4,farmbot_uzk_2,70,"1725950325,50009","18,9009689478904","67,4143587396048","489,7632",89,5832881,5832970,FALSCH,"0,2304","0,2227","0,0077","0,014",21,drought,"28,92208",,,2,13,15,FALSCH,1021
image_2121.png,4,farmbot_uzk_2,71,"1725952398,52404","20,7248035400931","61,4129854276341","3450,7008",541,35456168,35456709,FALSCH,"0,221","0,2175","0,0035","0,016",21,drought,"62,14286",,,1,12,13,WAHR,1022
image_2122.png,4,farmbot_uzk_2,71,"1725950325,50009","18,9009689478904","67,4143587396048","489,7632",89,5832881,5832970,FALSCH,"0,221","0,2175","0,0035","0,016",21,drought,"62,14286",,,1,12,13,FALSCH,1022
image_2123.png,4,farmbot_uzk_2,72,"1725952398,52404","20,7248035400931","61,4129854276341","3450,7008",541,35456168,35456709,FALSCH,"0,2319","0,2277","0,0042","0,015",21,drought,"54,21429",,,2,14,16,WAHR,1023
image_2124.png,4,farmbot_uzk_2,72,"1725950325,50009","18,9009689478904","67,4143587396048","489,7632",89,5832881,5832970,FALSCH,"0,2319","0,2277","0,0042","0,015",21,drought,"54,21429",,,2,14,16,FALSCH,1023
image_2125.png,4,farmbot_uzk_2,73,"1725952466,66512","20,9491111619745","61,3290608072023","3412,1856",537,35194012,35194549,FALSCH,"0,1388","0,1362","0,0026","0,008",21,drought,"52,38462",,,1,10,11,WAHR,1024
image_2126.png,4,farmbot_uzk_2,73,"1725950390,70802","18,9864194705119","67,537956816968","495,312",90,5898419,5898509,FALSCH,"0,1388","0,1362","0,0026","0,008",21,drought,"52,38462",,,1,10,11,FALSCH,1024
image_2127.png,4,farmbot_uzk_2,74,"1725952466,66512","20,9491111619745","61,3290608072023","3412,1856",537,35194012,35194549,FALSCH,"0,2464","0,2379","0,0085","0,016",21,drought,"27,98824",,,1,12,13,WAHR,1025
image_2128.png,4,farmbot_uzk_2,74,"1725950390,70802","18,9864194705119","67,537956816968","495,312",90,5898419,5898509,FALSCH,"0,2464","0,2379","0,0085","0,016",21,drought,"27,98824",,,1,12,13,FALSCH,1025
image_2129.png,4,farmbot_uzk_2,75,"1725952466,66512","20,9491111619745","61,3290608072023","3412,1856",537,35194012,35194549,FALSCH,"0,2005","0,1986","0,0019","0,01",21,drought,"104,52632",,,1,12,13,WAHR,1026
image_2130.png,4,farmbot_uzk_2,75,"1725950390,70802","18,9864194705119","67,537956816968","495,312",90,5898419,5898509,FALSCH,"0,2005","0,1986","0,0019","0,01",21,drought,"104,52632",,,1,12,13,FALSCH,1026
image_2131.png,4,farmbot_uzk_2,76,"1725950390,70802","18,9864194705119","67,537956816968","495,312",90,5898419,5898509,FALSCH,"0,3674","0,3588","0,0086","0,024",21,drought,"41,72093",,,0,16,16,FALSCH,1027
image_2132.png,4,farmbot_uzk_2,76,"1725952466,66512","20,9491111619745","61,3290608072023","3412,1856",537,35194012,35194549,FALSCH,"0,3674","0,3588","0,0086","0,024",21,drought,"41,72093",,,0,16,16,WAHR,1027
image_2133.png,4,farmbot_uzk_2,77,"1725952466,66512","20,9491111619745","61,3290608072023","3412,1856",537,35194012,35194549,FALSCH,"0,1266","0,1251","0,0015","0,012",21,drought,"83,4",,,2,11,13,WAHR,1028
image_2134.png,4,farmbot_uzk_2,77,"1725950390,70802","18,9864194705119","67,537956816968","495,312",90,5898419,5898509,FALSCH,"0,1266","0,1251","0,0015","0,012",21,drought,"83,4",,,2,11,13,FALSCH,1028
image_2135.png,4,farmbot_uzk_2,78,"1725952466,66512","20,9491111619745","61,3290608072023","3412,1856",537,35194012,35194549,FALSCH,"0,0526","0,0502","0,0024","0,001",21,drought,"20,91667",,,2,7,9,WAHR,1029
image_2136.png,4,farmbot_uzk_2,78,"1725950390,70802","18,9864194705119","67,537956816968","495,312",90,5898419,5898509,FALSCH,"0,0526","0,0502","0,0024","0,001",21,drought,"20,91667",,,2,7,9,FALSCH,1029
image_2137.png,4,farmbot_uzk_2,79,"1725952535,21346","20,9918364232853","60,3265430685893","3415,1232",539,35325086,35325625,FALSCH,"0,316","0,3112","0,0048","0,02",21,drought,"64,83333",,,2,12,14,WAHR,1030
image_2138.png,4,farmbot_uzk_2,79,"1725950451,66552","18,916990920882","67,2495613031205","500,8608",91,5963957,5964048,FALSCH,"0,316","0,3112","0,0048","0,02",21,drought,"64,83333",,,2,12,14,FALSCH,1030
image_2139.png,4,farmbot_uzk_2,80,"1725950451,66552","18,916990920882","67,2495613031205","500,8608",91,5963957,5964048,FALSCH,"0,1809","0,178","0,0029","0,01",21,drought,"61,37931",,,1,12,13,FALSCH,1031
image_2140.png,4,farmbot_uzk_2,80,"1725952535,21346","20,9918364232853","60,3265430685893","3415,1232",539,35325086,35325625,FALSCH,"0,1809","0,178","0,0029","0,01",21,drought,"61,37931",,,1,12,13,WAHR,1031
image_2141.png,4,farmbot_uzk_2,81,"1725952535,21346","20,9918364232853","60,3265430685893","3415,1232",539,35325086,35325625,FALSCH,"0,2873","0,2817","0,0056","0,019",21,drought,"50,30357",,,2,12,14,WAHR,1032
image_2142.png,4,farmbot_uzk_2,81,"1725950451,66552","18,916990920882","67,2495613031205","500,8608",91,5963957,5964048,FALSCH,"0,2873","0,2817","0,0056","0,019",21,drought,"50,30357",,,2,12,14,FALSCH,1032
image_2143.png,4,farmbot_uzk_2,82,"1725952535,21346","20,9918364232853","60,3265430685893","3415,1232",539,35325086,35325625,FALSCH,"0,1798","0,1765","0,0033","0,009",21,drought,"53,48485",,,2,7,9,WAHR,1033
image_2144.png,4,farmbot_uzk_2,82,"1725950451,66552","18,916990920882","67,2495613031205","500,8608",91,5963957,5964048,FALSCH,"0,1798","0,1765","0,0033","0,009",21,drought,"53,48485",,,2,7,9,FALSCH,1033
image_2145.png,4,farmbot_uzk_2,83,"1725950451,66552","18,916990920882","67,2495613031205","500,8608",91,5963957,5964048,FALSCH,"0,1696","0,1645","0,0051","0,011",21,drought,"32,2549",,,3,8,11,FALSCH,1034
image_2146.png,4,farmbot_uzk_2,83,"1725952535,21346","20,9918364232853","60,3265430685893","3415,1232",539,35325086,35325625,FALSCH,"0,1696","0,1645","0,0051","0,011",21,drought,"32,2549",,,3,8,11,WAHR,1034
image_2147.png,4,farmbot_uzk_2,84,"1725952535,21346","20,9918364232853","60,3265430685893","3415,1232",539,35325086,35325625,FALSCH,"0,151","0,1457","0,0053","0,007",21,drought,"27,49057",,,2,9,11,WAHR,1035
image_2148.png,4,farmbot_uzk_2,84,"1725950451,66552","18,916990920882","67,2495613031205","500,8608",91,5963957,5964048,FALSCH,"0,151","0,1457","0,0053","0,007",21,drought,"27,49057",,,2,9,11,FALSCH,1035
image_2149.png,4,farmbot_uzk_2,85,"1725950547,13275","18,9997711146716","66,9642175936523","500,8608",91,5963957,5964048,FALSCH,"0,038","0,0379","0,0001",0,21,drought,379,,,1,6,7,FALSCH,1036
image_2150.png,4,farmbot_uzk_2,85,"1725952634,88111","21,1600671396964","60,3875791561761","3176,0352",504,33031245,33031749,FALSCH,"0,038","0,0379","0,0001",0,21,drought,379,,,1,6,7,WAHR,1036
image_2151.png,4,farmbot_uzk_2,86,"1725950547,13275","18,9997711146716","66,9642175936523","500,8608",91,5963957,5964048,FALSCH,"0,0484","0,0474","0,001","0,004",21,drought,"47,4",,,3,9,12,FALSCH,1037
image_2152.png,4,farmbot_uzk_2,86,"1725952634,88111","21,1600671396964","60,3875791561761","3176,0352",504,33031245,33031749,FALSCH,"0,0484","0,0474","0,001","0,004",21,drought,"47,4",,,3,9,12,WAHR,1037
image_2153.png,4,farmbot_uzk_2,87,"1725950547,13275","18,9997711146716","66,9642175936523","500,8608",91,5963957,5964048,FALSCH,"0,0609","0,058","0,0029","0,002",21,drought,20,,,4,7,11,FALSCH,1038
image_2154.png,4,farmbot_uzk_2,87,"1725952634,88111","21,1600671396964","60,3875791561761","3176,0352",504,33031245,33031749,FALSCH,"0,0609","0,058","0,0029","0,002",21,drought,20,,,4,7,11,WAHR,1038
image_2155.png,4,farmbot_uzk_2,88,"1725950547,13275","18,9997711146716","66,9642175936523","500,8608",91,5963957,5964048,FALSCH,"0,0164","0,0162","0,0002","0,002",21,drought,81,,,2,5,7,FALSCH,1039
image_2156.png,4,farmbot_uzk_2,88,"1725952634,88111","21,1600671396964","60,3875791561761","3176,0352",504,33031245,33031749,FALSCH,"0,0164","0,0162","0,0002","0,002",21,drought,81,,,2,5,7,WAHR,1039
image_2157.png,4,farmbot_uzk_2,89,"1725950547,13275","18,9997711146716","66,9642175936523","500,8608",91,5963957,5964048,FALSCH,"0,1105","0,0995","0,011","0,004",21,drought,"9,04545",,,4,9,13,FALSCH,1040
image_2158.png,4,farmbot_uzk_2,89,"1725952634,88111","21,1600671396964","60,3875791561761","3176,0352",504,33031245,33031749,FALSCH,"0,1105","0,0995","0,011","0,004",21,drought,"9,04545",,,4,9,13,WAHR,1040
image_2159.png,4,farmbot_uzk_2,90,"1725952634,88111","21,1600671396964","60,3875791561761","3176,0352",504,33031245,33031749,FALSCH,"0,0188","0,0169","0,0019","0,001",21,drought,"8,89474",,,0,8,8,WAHR,1041
image_2160.png,4,farmbot_uzk_2,90,"1725950547,13275","18,9997711146716","66,9642175936523","500,8608",91,5963957,5964048,FALSCH,"0,0188","0,0169","0,0019","0,001",21,drought,"8,89474",,,0,8,8,FALSCH,1041
image_2161.png,4,farmbot_uzk_2,91,"1725950640,02253","19,0558480201419","66,6941329060807","514,5696",92,6029497,6029589,FALSCH,"0,0146","0,0133","0,0013","0,002",21,salinity,"10,23077",,,0,7,7,FALSCH,1042
image_2162.png,4,farmbot_uzk_2,91,"1725952700,1627","21,2321660181582","59,9053940642405","3232,6656",512,33555552,33556064,FALSCH,"0,0146","0,0133","0,0013","0,002",21,salinity,"10,23077",,,0,7,7,WAHR,1042
image_2163.png,4,farmbot_uzk_2,92,"1725950640,02253","19,0558480201419","66,6941329060807","514,5696",92,6029497,6029589,FALSCH,"0,0641","0,0619","0,0022","0,003",21,salinity,"28,13636",,,3,7,10,FALSCH,1043
image_2164.png,4,farmbot_uzk_2,92,"1725952700,1627","21,2321660181582","59,9053940642405","3232,6656",512,33555552,33556064,FALSCH,"0,0641","0,0619","0,0022","0,003",21,salinity,"28,13636",,,3,7,10,WAHR,1043
image_2165.png,4,farmbot_uzk_2,93,"1725952700,1627","21,2321660181582","59,9053940642405","3232,6656",512,33555552,33556064,FALSCH,"0,0812","0,0797","0,0015","0,003",21,salinity,"53,13333",,,4,7,11,WAHR,1044
image_2166.png,4,farmbot_uzk_2,93,"1725950640,02253","19,0558480201419","66,6941329060807","514,5696",92,6029497,6029589,FALSCH,"0,0812","0,0797","0,0015","0,003",21,salinity,"53,13333",,,4,7,11,FALSCH,1044
image_2167.png,4,farmbot_uzk_2,94,"1725950640,02253","19,0558480201419","66,6941329060807","514,5696",92,6029497,6029589,FALSCH,"0,0794","0,0781","0,0013","0,003",21,salinity,"60,07692",,,2,9,11,FALSCH,1045
image_2168.png,4,farmbot_uzk_2,94,"1725952700,1627","21,2321660181582","59,9053940642405","3232,6656",512,33555552,33556064,FALSCH,"0,0794","0,0781","0,0013","0,003",21,salinity,"60,07692",,,2,9,11,WAHR,1045
image_2169.png,4,farmbot_uzk_2,95,"1725950640,02253","19,0558480201419","66,6941329060807","514,5696",92,6029497,6029589,FALSCH,"0,0429","0,0365","0,0064","0,002",21,salinity,"5,70312",,,0,8,8,FALSCH,1046
image_2170.png,4,farmbot_uzk_2,95,"1725952700,1627","21,2321660181582","59,9053940642405","3232,6656",512,33555552,33556064,FALSCH,"0,0429","0,0365","0,0064","0,002",21,salinity,"5,70312",,,0,8,8,WAHR,1046
image_2171.png,4,farmbot_uzk_2,96,"1725950640,02253","19,0558480201419","66,6941329060807","514,5696",92,6029497,6029589,FALSCH,"0,086","0,0817","0,0043","0,004",21,salinity,19,,,2,6,8,FALSCH,1047
image_2172.png,4,farmbot_uzk_2,96,"1725952700,1627","21,2321660181582","59,9053940642405","3232,6656",512,33555552,33556064,FALSCH,"0,086","0,0817","0,0043","0,004",21,salinity,19,,,2,6,8,WAHR,1047
image_2173.png,4,farmbot_uzk_2,97,"1725950699,31958","18,9570458533608","66,332494087129","520,1184",93,6095035,6095128,FALSCH,,,,,21,salinity,,,,0,0,0,FALSCH,1048
image_2174.png,4,farmbot_uzk_2,97,"1725952766,26202","21,344319829099","60,0198367284657","3390,3168",536,35128470,35129006,FALSCH,,,,,21,salinity,,,,0,0,0,WAHR,1048
image_2175.png,4,farmbot_uzk_2,98,"1725950699,31958","18,9570458533608","66,332494087129","520,1184",93,6095035,6095128,FALSCH,"0,0335","0,0306","0,0029","0,001",21,salinity,"10,55172",,,2,7,9,FALSCH,1049
image_2176.png,4,farmbot_uzk_2,98,"1725952766,26202","21,344319829099","60,0198367284657","3390,3168",536,35128470,35129006,FALSCH,"0,0335","0,0306","0,0029","0,001",21,salinity,"10,55172",,,2,7,9,WAHR,1049
image_2177.png,4,farmbot_uzk_2,99,"1725950699,31958","18,9570458533608","66,332494087129","520,1184",93,6095035,6095128,FALSCH,"0,0512","0,0486","0,0026","0,006",21,salinity,"18,69231",,,2,9,11,FALSCH,1050
image_2178.png,4,farmbot_uzk_2,99,"1725952766,26202","21,344319829099","60,0198367284657","3390,3168",536,35128470,35129006,FALSCH,"0,0512","0,0486","0,0026","0,006",21,salinity,"18,69231",,,2,9,11,WAHR,1050
image_2179.png,4,farmbot_uzk_2,100,"1725950699,31958","18,9570458533608","66,332494087129","520,1184",93,6095035,6095128,FALSCH,,,,,21,salinity,,,,0,0,0,FALSCH,1051
image_2180.png,4,farmbot_uzk_2,100,"1725952766,26202","21,344319829099","60,0198367284657","3390,3168",536,35128470,35129006,FALSCH,,,,,21,salinity,,,,0,0,0,WAHR,1051
image_2181.png,4,farmbot_uzk_2,101,"1725950699,31958","18,9570458533608","66,332494087129","520,1184",93,6095035,6095128,FALSCH,"0,0373","0,036","0,0013","0,003",21,salinity,"27,69231",,,1,7,8,FALSCH,1052
image_2182.png,4,farmbot_uzk_2,101,"1725952766,26202","21,344319829099","60,0198367284657","3390,3168",536,35128470,35129006,FALSCH,"0,0373","0,036","0,0013","0,003",21,salinity,"27,69231",,,1,7,8,WAHR,1052
image_2183.png,4,farmbot_uzk_2,102,"1725950699,31958","18,9570458533608","66,332494087129","520,1184",93,6095035,6095128,FALSCH,"0,0827","0,0776","0,0051","0,004",21,salinity,"15,21569",,,0,9,9,FALSCH,1053
image_2184.png,4,farmbot_uzk_2,102,"1725952766,26202","21,344319829099","60,0198367284657","3390,3168",536,35128470,35129006,FALSCH,"0,0827","0,0776","0,0051","0,004",21,salinity,"15,21569",,,0,9,9,WAHR,1053
image_2185.png,4,farmbot_uzk_2,103,"1725952836,66779","21,344319829099","59,7146562905318","3398,8032",539,35325082,35325621,FALSCH,"0,0426","0,0406","0,002","0,005",21,salinity,"20,3",,,0,6,6,WAHR,1054
image_2186.png,4,farmbot_uzk_2,103,"1725950759,05508","18,9864194705119","66,5888456549935","531,216",95,6226111,6226206,FALSCH,"0,0426","0,0406","0,002","0,005",21,salinity,"20,3",,,0,6,6,FALSCH,1054
image_2187.png,4,farmbot_uzk_2,104,"1725950759,05508","18,9864194705119","66,5888456549935","531,216",95,6226111,6226206,FALSCH,"0,023","0,0229","0,0001","0,002",21,salinity,229,,,2,6,8,FALSCH,1055
image_2188.png,4,farmbot_uzk_2,104,"1725952836,66779","21,344319829099","59,7146562905318","3398,8032",539,35325082,35325621,FALSCH,"0,023","0,0229","0,0001","0,002",21,salinity,229,,,2,6,8,WAHR,1055
image_2189.png,4,farmbot_uzk_2,105,"1725952836,66779","21,344319829099","59,7146562905318","3398,8032",539,35325082,35325621,FALSCH,,,,,21,salinity,,,,0,0,0,WAHR,1056
image_2190.png,4,farmbot_uzk_2,105,"1725950759,05508","18,9864194705119","66,5888456549935","531,216",95,6226111,6226206,FALSCH,,,,,21,salinity,,,,0,0,0,FALSCH,1056
image_2191.png,4,farmbot_uzk_2,106,"1725950759,05508","18,9864194705119","66,5888456549935","531,216",95,6226111,6226206,FALSCH,"0,0856","0,0824","0,0032","0,003",21,salinity,"25,75",,,4,6,10,FALSCH,1057
image_2192.png,4,farmbot_uzk_2,106,"1725952836,66779","21,344319829099","59,7146562905318","3398,8032",539,35325082,35325621,FALSCH,"0,0856","0,0824","0,0032","0,003",21,salinity,"25,75",,,4,6,10,WAHR,1057
image_2193.png,4,farmbot_uzk_2,107,"1725950759,05508","18,9864194705119","66,5888456549935","531,216",95,6226111,6226206,FALSCH,"0,1351","0,1269","0,0082","0,008",21,salinity,"15,47561",,,2,10,12,FALSCH,1058
image_2194.png,4,farmbot_uzk_2,107,"1725952836,66779","21,344319829099","59,7146562905318","3398,8032",539,35325082,35325621,FALSCH,"0,1351","0,1269","0,0082","0,008",21,salinity,"15,47561",,,2,10,12,WAHR,1058
image_2195.png,4,farmbot_uzk_2,108,"1725952836,66779","21,344319829099","59,7146562905318","3398,8032",539,35325082,35325621,FALSCH,"0,0485","0,0466","0,0019","0,002",21,salinity,"24,52632",,,3,6,9,WAHR,1059
image_2196.png,4,farmbot_uzk_2,108,"1725950759,05508","18,9864194705119","66,5888456549935","531,216",95,6226111,6226206,FALSCH,"0,0485","0,0466","0,0019","0,002",21,salinity,"24,52632",,,3,6,9,FALSCH,1059
image_2197.png,4,farmbot_uzk_2,109,"1725950820,99024","19,0852216372931","66,5751125352865","549,3312",99,6488262,6488361,FALSCH,"0,2368","0,233","0,0038","0,012",21,salinity,"61,31579",,,1,9,10,FALSCH,1060
image_2198.png,4,farmbot_uzk_2,109,"1725952924,31918","21,5419241626612","59,0325780117495","3439,44",550,36045995,36046545,FALSCH,"0,2368","0,233","0,0038","0,012",21,salinity,"61,31579",,,1,9,10,WAHR,1060
image_2199.png,4,farmbot_uzk_2,110,"1725950820,99024","19,0852216372931","66,5751125352865","549,3312",99,6488262,6488361,FALSCH,"0,0375","0,034","0,0035","0,003",21,salinity,"9,71429",,,0,8,8,FALSCH,1061
image_2200.png,4,farmbot_uzk_2,110,"1725952924,31918","21,5419241626612","59,0325780117495","3439,44",550,36045995,36046545,FALSCH,"0,0375","0,034","0,0035","0,003",21,salinity,"9,71429",,,0,8,8,WAHR,1061
image_2201.png,4,farmbot_uzk_2,111,"1725950820,99024","19,0852216372931","66,5751125352865","549,3312",99,6488262,6488361,FALSCH,"0,2864","0,2818","0,0046","0,015",21,salinity,"61,26087",,,3,8,11,FALSCH,1062
image_2202.png,4,farmbot_uzk_2,111,"1725952924,31918","21,5419241626612","59,0325780117495","3439,44",550,36045995,36046545,FALSCH,"0,2864","0,2818","0,0046","0,015",21,salinity,"61,26087",,,3,8,11,WAHR,1062
image_2203.png,4,farmbot_uzk_2,112,"1725950820,99024","19,0852216372931","66,5751125352865","549,3312",99,6488262,6488361,FALSCH,"0,1013","0,0935","0,0078","0,006",21,salinity,"11,98718",,,2,6,8,FALSCH,1063
image_2204.png,4,farmbot_uzk_2,112,"1725952924,31918","21,5419241626612","59,0325780117495","3439,44",550,36045995,36046545,FALSCH,"0,1013","0,0935","0,0078","0,006",21,salinity,"11,98718",,,2,6,8,WAHR,1063
image_2205.png,4,farmbot_uzk_2,113,"1725950820,99024","19,0852216372931","66,5751125352865","549,3312",99,6488262,6488361,FALSCH,"0,407","0,384","0,023","0,028",28,control,"16,69565",,"13,1124",4,16,20,FALSCH,1120
image_2206.png,4,farmbot_uzk_2,113,"1725952924,31918","21,5419241626612","59,0325780117495","3439,44",550,36045995,36046545,FALSCH,"0,407","0,384","0,023","0,028",28,control,"16,69565",,"13,1124",4,16,20,WAHR,1120
image_2207.png,4,farmbot_uzk_2,114,"1725950820,99024","19,0852216372931","66,5751125352865","549,3312",99,6488262,6488361,FALSCH,"0,413","0,401","0,012","0,042",28,control,"33,41667",,"14,4521",2,15,17,FALSCH,1121
image_2208.png,4,farmbot_uzk_2,114,"1725952924,31918","21,5419241626612","59,0325780117495","3439,44",550,36045995,36046545,FALSCH,"0,413","0,401","0,012","0,042",28,control,"33,41667",,"14,4521",2,15,17,WAHR,1121
image_2209.png,4,farmbot_uzk_2,115,"1726557245,77988",99999999,99999999,99999999,99999999,99999999,99999999,FALSCH,"0,332","0,331","0,001","0,028",28,control,331,,"13,0831",1,14,15,FALSCH,1122
image_2210.png,4,farmbot_uzk_2,115,"1726561719,82807",99999999,99999999,99999999,99999999,99999999,99999999,FALSCH,"0,332","0,331","0,001","0,028",28,control,331,,"13,0831",1,14,15,WAHR,1122
image_2211.png,4,farmbot_uzk_2,116,"1726561719,82807",99999999,99999999,99999999,99999999,99999999,99999999,FALSCH,"0,304","0,284","0,02","0,024",28,control,"14,2",,"11,9526",2,14,16,WAHR,1123
image_2212.png,4,farmbot_uzk_2,116,"1726557245,77988",99999999,99999999,99999999,99999999,99999999,99999999,FALSCH,"0,304","0,284","0,02","0,024",28,control,"14,2",,"11,9526",2,14,16,FALSCH,1123
image_2213.png,4,farmbot_uzk_2,117,"1726557245,77988",99999999,99999999,99999999,99999999,99999999,99999999,FALSCH,"0,31","0,303","0,007","0,02",28,control,"43,28571",,"12,8919",2,11,13,FALSCH,1124
image_2214.png,4,farmbot_uzk_2,117,"1726561719,82807",99999999,99999999,99999999,99999999,99999999,99999999,FALSCH,"0,31","0,303","0,007","0,02",28,control,"43,28571",,"12,8919",2,11,13,WAHR,1124
image_2215.png,4,farmbot_uzk_2,118,"1726561719,82807",99999999,99999999,99999999,99999999,99999999,99999999,FALSCH,"0,334","0,322","0,012","0,024",28,control,"26,83333",,"13,7792",2,16,18,WAHR,1125
image_2216.png,4,farmbot_uzk_2,118,"1726557245,77988",99999999,99999999,99999999,99999999,99999999,99999999,FALSCH,"0,334","0,322","0,012","0,024",28,control,"26,83333",,"13,7792",2,16,18,FALSCH,1125
image_2217.png,4,farmbot_uzk_2,119,"1726561719,82807",99999999,99999999,99999999,99999999,99999999,99999999,FALSCH,"0,431","0,413","0,018","0,037",28,control,"22,94444",,"24,8381",1,14,15,WAHR,1126
image_2218.png,4,farmbot_uzk_2,119,"1726557245,77988",99999999,99999999,99999999,99999999,99999999,99999999,FALSCH,"0,431","0,413","0,018","0,037",28,control,"22,94444",,"24,8381",1,14,15,FALSCH,1126
image_2219.png,4,farmbot_uzk_2,120,"1726561719,82807",99999999,99999999,99999999,99999999,99999999,99999999,FALSCH,"0,303","0,289","0,014","0,027",28,control,"20,64286",,"17,1671",1,14,15,WAHR,1127
image_2220.png,4,farmbot_uzk_2,120,"1726557245,77988",99999999,99999999,99999999,99999999,99999999,99999999,FALSCH,"0,303","0,289","0,014","0,027",28,control,"20,64286",,"17,1671",1,14,15,FALSCH,1127
image_2221.png,4,farmbot_uzk_2,121,"1726561792,20268",99999999,99999999,99999999,99999999,99999999,99999999,FALSCH,"0,444","0,422","0,022","0,031",28,control,"19,18182",,"13,4593",2,20,22,WAHR,1128
image_2222.png,4,farmbot_uzk_2,121,"1726557330,61294",99999999,99999999,99999999,99999999,99999999,99999999,FALSCH,"0,444","0,422","0,022","0,031",28,control,"19,18182",,"13,4593",2,20,22,FALSCH,1128
image_2223.png,4,farmbot_uzk_2,122,"1726557330,61294",99999999,99999999,99999999,99999999,99999999,99999999,FALSCH,"0,33","0,316","0,014","0,025",28,control,"22,57143",,"10,2136",0,17,17,FALSCH,1129
image_2224.png,4,farmbot_uzk_2,122,"1726561792,20268",99999999,99999999,99999999,99999999,99999999,99999999,FALSCH,"0,33","0,316","0,014","0,025",28,control,"22,57143",,"10,2136",0,17,17,WAHR,1129
image_2225.png,4,farmbot_uzk_2,123,"1726561792,20268",99999999,99999999,99999999,99999999,99999999,99999999,FALSCH,"0,477","0,457","0,02","0,038",28,control,"22,85",,"16,24",2,23,25,WAHR,1130
image_2226.png,4,farmbot_uzk_2,123,"1726557330,61294",99999999,99999999,99999999,99999999,99999999,99999999,FALSCH,"0,477","0,457","0,02","0,038",28,control,"22,85",,"16,24",2,23,25,FALSCH,1130
image_2227.png,4,farmbot_uzk_2,124,"1726561792,20268",99999999,99999999,99999999,99999999,99999999,99999999,FALSCH,"1,002","0,979","0,023","0,054",28,control,"42,56522",,"19,105",1,27,28,WAHR,1131
image_2228.png,4,farmbot_uzk_2,124,"1726557330,61294",99999999,99999999,99999999,99999999,99999999,99999999,FALSCH,"1,002","0,979","0,023","0,054",28,control,"42,56522",,"19,105",1,27,28,FALSCH,1131
image_2229.png,4,farmbot_uzk_2,125,"1726561792,20268",99999999,99999999,99999999,99999999,99999999,99999999,FALSCH,"0,403","0,391","0,012","0,034",28,drought,"32,58333",,"14,761",2,13,15,WAHR,1132
image_2230.png,4,farmbot_uzk_2,125,"1726557330,61294",99999999,99999999,99999999,99999999,99999999,99999999,FALSCH,"0,403","0,391","0,012","0,034",28,drought,"32,58333",,"14,761",2,13,15,FALSCH,1132
image_2231.png,4,farmbot_uzk_2,126,"1726557330,61294",99999999,99999999,99999999,99999999,99999999,99999999,FALSCH,"0,28","0,265","0,015","0,022",28,drought,"17,66667",,"9,403",1,14,15,FALSCH,1133
image_2232.png,4,farmbot_uzk_2,126,"1726561792,20268",99999999,99999999,99999999,99999999,99999999,99999999,FALSCH,"0,28","0,265","0,015","0,022",28,drought,"17,66667",,"9,403",1,14,15,WAHR,1133
image_2233.png,4,farmbot_uzk_2,127,"1726557388,69297",99999999,99999999,99999999,99999999,99999999,99999999,FALSCH,"0,167","0,16","0,007","0,017",28,drought,"22,85714",,"12,7791",0,14,14,FALSCH,1134
image_2234.png,4,farmbot_uzk_2,127,"1726561850,93945",99999999,99999999,99999999,99999999,99999999,99999999,FALSCH,"0,167","0,16","0,007","0,017",28,drought,"22,85714",,"12,7791",0,14,14,WAHR,1134
image_2235.png,4,farmbot_uzk_2,128,"1726557388,69297",99999999,99999999,99999999,99999999,99999999,99999999,FALSCH,"0,478","0,46","0,018","0,034",28,drought,"25,55556",,"8,6912",2,16,18,FALSCH,1135
image_2236.png,4,farmbot_uzk_2,128,"1726561850,93945",99999999,99999999,99999999,99999999,99999999,99999999,FALSCH,"0,478","0,46","0,018","0,034",28,drought,"25,55556",,"8,6912",2,16,18,WAHR,1135
image_2237.png,4,farmbot_uzk_2,129,"1726561850,93945",99999999,99999999,99999999,99999999,99999999,99999999,FALSCH,"0,257","0,245","0,012","0,021",28,drought,"20,41667",,"9,8845",0,17,17,WAHR,1136
image_2238.png,4,farmbot_uzk_2,129,"1726557388,69297",99999999,99999999,99999999,99999999,99999999,99999999,FALSCH,"0,257","0,245","0,012","0,021",28,drought,"20,41667",,"9,8845",0,17,17,FALSCH,1136
image_2239.png,4,farmbot_uzk_2,130,"1726557388,69297",99999999,99999999,99999999,99999999,99999999,99999999,FALSCH,"0,091","0,086","0,005","0,009",28,drought,"17,2",,"2,8735",1,13,14,FALSCH,1137
image_2240.png,4,farmbot_uzk_2,130,"1726561850,93945",99999999,99999999,99999999,99999999,99999999,99999999,FALSCH,"0,091","0,086","0,005","0,009",28,drought,"17,2",,"2,8735",1,13,14,WAHR,1137
image_2241.png,4,farmbot_uzk_2,131,"1726557388,69297",99999999,99999999,99999999,99999999,99999999,99999999,FALSCH,"0,126","0,119","0,007","0,011",28,drought,17,,"4,7268",1,13,14,FALSCH,1138
image_2242.png,4,farmbot_uzk_2,131,"1726561850,93945",99999999,99999999,99999999,99999999,99999999,99999999,FALSCH,"0,126","0,119","0,007","0,011",28,drought,17,,"4,7268",1,13,14,WAHR,1138
image_2243.png,4,farmbot_uzk_2,132,"1726561850,93945",99999999,99999999,99999999,99999999,99999999,99999999,FALSCH,"0,265","0,259","0,006","0,025",28,drought,"43,16667",,"11,5999",1,13,14,WAHR,1139
image_2244.png,4,farmbot_uzk_2,132,"1726557388,69297",99999999,99999999,99999999,99999999,99999999,99999999,FALSCH,"0,265","0,259","0,006","0,025",28,drought,"43,16667",,"11,5999",1,13,14,FALSCH,1139
image_2245.png,4,farmbot_uzk_2,133,"1726557448,69331",99999999,99999999,99999999,99999999,99999999,99999999,FALSCH,"0,333","0,318","0,015","0,028",28,drought,"21,2",,"11,489",1,17,18,FALSCH,1140
image_2246.png,4,farmbot_uzk_2,133,"1726561920,93854",99999999,99999999,99999999,99999999,99999999,99999999,FALSCH,"0,333","0,318","0,015","0,028",28,drought,"21,2",,"11,489",1,17,18,WAHR,1140
image_2247.png,4,farmbot_uzk_2,134,"1726561920,93854",99999999,99999999,99999999,99999999,99999999,99999999,FALSCH,"0,201","0,192","0,009","0,018",28,drought,"21,33333",,"7,2808",2,14,16,WAHR,1141
image_2248.png,4,farmbot_uzk_2,134,"1726557448,69331",99999999,99999999,99999999,99999999,99999999,99999999,FALSCH,"0,201","0,192","0,009","0,018",28,drought,"21,33333",,"7,2808",2,14,16,FALSCH,1141
image_2249.png,4,farmbot_uzk_2,135,"1726557448,69331",99999999,99999999,99999999,99999999,99999999,99999999,FALSCH,,,,,28,drought,,,,0,0,0,FALSCH,1142
image_2250.png,4,farmbot_uzk_2,135,"1726561920,93854",99999999,99999999,99999999,99999999,99999999,99999999,FALSCH,,,,,28,drought,,,,0,0,0,WAHR,1142
image_2251.png,4,farmbot_uzk_2,136,"1726557448,69331",99999999,99999999,99999999,99999999,99999999,99999999,FALSCH,"0,2","0,188","0,012","0,013",28,drought,"15,66667",,"4,2489",2,20,22,FALSCH,1143
image_2252.png,4,farmbot_uzk_2,136,"1726561920,93854",99999999,99999999,99999999,99999999,99999999,99999999,FALSCH,"0,2","0,188","0,012","0,013",28,drought,"15,66667",,"4,2489",2,20,22,WAHR,1143
image_2253.png,4,farmbot_uzk_2,137,"1726557448,69331",99999999,99999999,99999999,99999999,99999999,99999999,FALSCH,"0,283","0,269","0,014","0,021",28,drought,"19,21429",,"9,2295",0,15,15,FALSCH,1144
image_2254.png,4,farmbot_uzk_2,137,"1726561920,93854",99999999,99999999,99999999,99999999,99999999,99999999,FALSCH,"0,283","0,269","0,014","0,021",28,drought,"19,21429",,"9,2295",0,15,15,WAHR,1144
image_2255.png,4,farmbot_uzk_2,138,"1726561920,93854",99999999,99999999,99999999,99999999,99999999,99999999,FALSCH,"0,132","0,128","0,004","0,013",28,drought,32,,"4,2062",2,13,15,WAHR,1145
image_2256.png,4,farmbot_uzk_2,138,"1726557448,69331",99999999,99999999,99999999,99999999,99999999,99999999,FALSCH,"0,132","0,128","0,004","0,013",28,drought,32,,"4,2062",2,13,15,FALSCH,1145
image_2257.png,4,farmbot_uzk_2,139,"1726557510,41911",99999999,99999999,99999999,99999999,99999999,99999999,FALSCH,"0,335","0,322","0,013","0,31",28,drought,"24,76923",,"12,6866",1,13,14,FALSCH,1146
image_2258.png,4,farmbot_uzk_2,139,"1726561983,54509",99999999,99999999,99999999,99999999,99999999,99999999,FALSCH,"0,335","0,322","0,013","0,31",28,drought,"24,76923",,"12,6866",1,13,14,WAHR,1146
image_2259.png,4,farmbot_uzk_2,140,"1726561983,54509",99999999,99999999,99999999,99999999,99999999,99999999,FALSCH,"0,287","0,261","0,026","0,023",28,drought,"10,03846",,"9,2596",2,16,18,WAHR,1147
image_2260.png,4,farmbot_uzk_2,140,"1726557510,41911",99999999,99999999,99999999,99999999,99999999,99999999,FALSCH,"0,287","0,261","0,026","0,023",28,drought,"10,03846",,"9,2596",2,16,18,FALSCH,1147
image_2261.png,4,farmbot_uzk_2,141,"1726561983,54509",99999999,99999999,99999999,99999999,99999999,99999999,FALSCH,"0,282","0,258","0,024","0,022",28,drought,"10,75",,"7,5524",1,16,17,WAHR,1148
image_2262.png,4,farmbot_uzk_2,141,"1726557510,41911",99999999,99999999,99999999,99999999,99999999,99999999,FALSCH,"0,282","0,258","0,024","0,022",28,drought,"10,75",,"7,5524",1,16,17,FALSCH,1148
image_2263.png,4,farmbot_uzk_2,142,"1726557510,41911",99999999,99999999,99999999,99999999,99999999,99999999,FALSCH,"0,15","0,138","0,012","0,013",28,drought,"11,5",,"5,254",2,11,13,FALSCH,1149
image_2264.png,4,farmbot_uzk_2,142,"1726561983,54509",99999999,99999999,99999999,99999999,99999999,99999999,FALSCH,"0,15","0,138","0,012","0,013",28,drought,"11,5",,"5,254",2,11,13,WAHR,1149
image_2265.png,4,farmbot_uzk_2,143,"1726557510,41911",99999999,99999999,99999999,99999999,99999999,99999999,FALSCH,"0,169","0,155","0,014","0,01",28,drought,"11,07143",,"4,8138",2,12,14,FALSCH,1150
image_2266.png,4,farmbot_uzk_2,143,"1726561983,54509",99999999,99999999,99999999,99999999,99999999,99999999,FALSCH,"0,169","0,155","0,014","0,01",28,drought,"11,07143",,"4,8138",2,12,14,WAHR,1150
image_2267.png,4,farmbot_uzk_2,144,"1726561983,54509",99999999,99999999,99999999,99999999,99999999,99999999,FALSCH,"0,135","0,125","0,01","0,009",28,drought,"12,5",,"4,0836",2,17,19,WAHR,1151
image_2268.png,4,farmbot_uzk_2,144,"1726557510,41911",99999999,99999999,99999999,99999999,99999999,99999999,FALSCH,"0,135","0,125","0,01","0,009",28,drought,"12,5",,"4,0836",2,17,19,FALSCH,1151
image_2269.png,4,farmbot_uzk_2,145,"1726562051,44331",99999999,99999999,99999999,99999999,99999999,99999999,FALSCH,"0,285","0,267","0,018","0,019",28,drought,"14,83333",,"8,511",1,15,16,WAHR,1152
image_2270.png,4,farmbot_uzk_2,145,"1726557577,19128",99999999,99999999,99999999,99999999,99999999,99999999,FALSCH,"0,285","0,267","0,018","0,019",28,drought,"14,83333",,"8,511",1,15,16,FALSCH,1152
image_2271.png,4,farmbot_uzk_2,146,"1726557577,19128",99999999,99999999,99999999,99999999,99999999,99999999,FALSCH,"0,124","0,113","0,011","0,013",28,drought,"10,27273",,"3,7265",0,10,10,FALSCH,1153
image_2272.png,4,farmbot_uzk_2,146,"1726562051,44331",99999999,99999999,99999999,99999999,99999999,99999999,FALSCH,"0,124","0,113","0,011","0,013",28,drought,"10,27273",,"3,7265",0,10,10,WAHR,1153
image_2273.png,4,farmbot_uzk_2,147,"1726562051,44331",99999999,99999999,99999999,99999999,99999999,99999999,FALSCH,"0,155","0,117","0,038","0,008",28,salinity,"3,07895",,"2,3361",0,9,9,WAHR,1154
image_2274.png,4,farmbot_uzk_2,147,"1726557577,19128",99999999,99999999,99999999,99999999,99999999,99999999,FALSCH,"0,155","0,117","0,038","0,008",28,salinity,"3,07895",,"2,3361",0,9,9,FALSCH,1154
image_2275.png,4,farmbot_uzk_2,148,"1726557577,19128",99999999,99999999,99999999,99999999,99999999,99999999,FALSCH,"0,043","0,038","0,005","0,005",28,salinity,"7,6",,"0,5153",2,6,8,FALSCH,1155
image_2276.png,4,farmbot_uzk_2,148,"1726562051,44331",99999999,99999999,99999999,99999999,99999999,99999999,FALSCH,"0,043","0,038","0,005","0,005",28,salinity,"7,6",,"0,5153",2,6,8,WAHR,1155
image_2277.png,4,farmbot_uzk_2,149,"1726557577,19128",99999999,99999999,99999999,99999999,99999999,99999999,FALSCH,"0,062","0,06","0,002","0,004",28,salinity,30,,"1,1247",0,11,11,FALSCH,1156
image_2278.png,4,farmbot_uzk_2,149,"1726562051,44331",99999999,99999999,99999999,99999999,99999999,99999999,FALSCH,"0,062","0,06","0,002","0,004",28,salinity,30,,"1,1247",0,11,11,WAHR,1156
image_2279.png,4,farmbot_uzk_2,150,"1726562051,44331",99999999,99999999,99999999,99999999,99999999,99999999,FALSCH,,,,,28,salinity,,,,0,0,0,WAHR,1157
image_2280.png,4,farmbot_uzk_2,150,"1726557577,19128",99999999,99999999,99999999,99999999,99999999,99999999,FALSCH,,,,,28,salinity,,,,0,0,0,FALSCH,1157
image_2281.png,4,farmbot_uzk_2,151,"1726557643,45113",99999999,99999999,99999999,99999999,99999999,99999999,FALSCH,"0,127","0,112","0,015","0,006",28,salinity,"7,46667",,"2,1843",2,9,11,FALSCH,1158
image_2282.png,4,farmbot_uzk_2,151,"1726562119,65671",99999999,99999999,99999999,99999999,99999999,99999999,FALSCH,"0,127","0,112","0,015","0,006",28,salinity,"7,46667",,"2,1843",2,9,11,WAHR,1158
image_2283.png,4,farmbot_uzk_2,152,"1726562119,65671",99999999,99999999,99999999,99999999,99999999,99999999,FALSCH,"0,063","0,058","0,005","0,002",28,salinity,"11,6",,"1,3698",2,8,10,WAHR,1159
image_2284.png,4,farmbot_uzk_2,152,"1726557643,45113",99999999,99999999,99999999,99999999,99999999,99999999,FALSCH,"0,063","0,058","0,005","0,002",28,salinity,"11,6",,"1,3698",2,8,10,FALSCH,1159
image_2285.png,4,farmbot_uzk_2,153,"1726557643,45113",99999999,99999999,99999999,99999999,99999999,99999999,FALSCH,"0,133","0,1","0,033","0,006",28,salinity,"3,0303",,"2,0929",0,10,10,FALSCH,1160
image_2286.png,4,farmbot_uzk_2,153,"1726562119,65671",99999999,99999999,99999999,99999999,99999999,99999999,FALSCH,"0,133","0,1","0,033","0,006",28,salinity,"3,0303",,"2,0929",0,10,10,WAHR,1160
image_2287.png,4,farmbot_uzk_2,154,"1726562119,65671",99999999,99999999,99999999,99999999,99999999,99999999,FALSCH,,,,,28,salinity,,,,0,0,0,WAHR,1161
image_2288.png,4,farmbot_uzk_2,154,"1726557643,45113",99999999,99999999,99999999,99999999,99999999,99999999,FALSCH,,,,,28,salinity,,,,0,0,0,FALSCH,1161
image_2289.png,4,farmbot_uzk_2,155,"1726557643,45113",99999999,99999999,99999999,99999999,99999999,99999999,FALSCH,"0,517","0,485","0,032","0,36",28,salinity,"15,15625",,"4,7635",1,18,19,FALSCH,1162
image_2290.png,4,farmbot_uzk_2,155,"1726562119,65671",99999999,99999999,99999999,99999999,99999999,99999999,FALSCH,"0,517","0,485","0,032","0,36",28,salinity,"15,15625",,"4,7635",1,18,19,WAHR,1162
image_2291.png,4,farmbot_uzk_2,156,"1726562119,65671",99999999,99999999,99999999,99999999,99999999,99999999,FALSCH,"0,299","0,285","0,014","0,016",28,salinity,"20,35714",,"13,9695",2,11,13,WAHR,1163
image_2292.png,4,farmbot_uzk_2,156,"1726557643,45113",99999999,99999999,99999999,99999999,99999999,99999999,FALSCH,"0,299","0,285","0,014","0,016",28,salinity,"20,35714",,"13,9695",2,11,13,FALSCH,1163
image_2293.png,4,farmbot_uzk_2,157,"1726562184,55831",99999999,99999999,99999999,99999999,99999999,99999999,FALSCH,"0,603","0,56","0,043","0,035",28,salinity,"13,02326",,"12,7339",1,19,20,WAHR,1164
image_2294.png,4,farmbot_uzk_2,157,"1726557715,32836",99999999,99999999,99999999,99999999,99999999,99999999,FALSCH,"0,603","0,56","0,043","0,035",28,salinity,"13,02326",,"12,7339",1,19,20,FALSCH,1164
image_2295.png,4,farmbot_uzk_2,158,"1726562184,55831",99999999,99999999,99999999,99999999,99999999,99999999,FALSCH,"0,38","0,367","0,013","0,024",28,salinity,"28,23077",,"9,2128",2,13,15,WAHR,1165
image_2296.png,4,farmbot_uzk_2,158,"1726557715,32836",99999999,99999999,99999999,99999999,99999999,99999999,FALSCH,"0,38","0,367","0,013","0,024",28,salinity,"28,23077",,"9,2128",2,13,15,FALSCH,1165
image_2297.png,4,farmbot_uzk_2,159,"1726557715,32836",99999999,99999999,99999999,99999999,99999999,99999999,FALSCH,"0,12","0,103","0,017","0,002",28,salinity,"6,05882",,"2,1047",0,9,9,FALSCH,1166
image_2298.png,4,farmbot_uzk_2,159,"1726562184,55831",99999999,99999999,99999999,99999999,99999999,99999999,FALSCH,"0,12","0,103","0,017","0,002",28,salinity,"6,05882",,"2,1047",0,9,9,WAHR,1166
image_2299.png,4,farmbot_uzk_2,160,"1726557715,32836",99999999,99999999,99999999,99999999,99999999,99999999,FALSCH,"0,044","0,037","0,007","0,001",28,salinity,"5,28571",,"0,7183",1,3,4,FALSCH,1167
image_2300.png,4,farmbot_uzk_2,160,"1726562184,55831",99999999,99999999,99999999,99999999,99999999,99999999,FALSCH,"0,044","0,037","0,007","0,001",28,salinity,"5,28571",,"0,7183",1,3,4,WAHR,1167
image_2301.png,4,farmbot_uzk_2,161,"1726557715,32836",99999999,99999999,99999999,99999999,99999999,99999999,FALSCH,"0,049","0,033","0,016","0,002",28,salinity,"2,0625",,"0,3384",0,6,6,FALSCH,1168
image_2302.png,4,farmbot_uzk_2,161,"1726562184,55831",99999999,99999999,99999999,99999999,99999999,99999999,FALSCH,"0,049","0,033","0,016","0,002",28,salinity,"2,0625",,"0,3384",0,6,6,WAHR,1168
image_2303.png,4,farmbot_uzk_2,162,"1726557715,32836",99999999,99999999,99999999,99999999,99999999,99999999,FALSCH,"0,079","0,068","0,011","0,001",28,salinity,"6,18182",,"1,5053",0,7,7,FALSCH,1169
image_2304.png,4,farmbot_uzk_2,162,"1726562184,55831",99999999,99999999,99999999,99999999,99999999,99999999,FALSCH,"0,079","0,068","0,011","0,001",28,salinity,"6,18182",,"1,5053",0,7,7,WAHR,1169
image_2305.png,4,farmbot_uzk_2,163,"1726557777,26954",99999999,99999999,99999999,99999999,99999999,99999999,FALSCH,,,,,28,salinity,,,,0,0,0,FALSCH,1170
image_2306.png,4,farmbot_uzk_2,163,"1726562253,0031",99999999,99999999,99999999,99999999,99999999,99999999,FALSCH,,,,,28,salinity,,,,0,0,0,WAHR,1170
image_2307.png,4,farmbot_uzk_2,164,"1726557777,26954",99999999,99999999,99999999,99999999,99999999,99999999,FALSCH,"0,545","0,527","0,018","0,04",28,salinity,"29,27778",,"14,27",1,15,16,FALSCH,1171
image_2308.png,4,farmbot_uzk_2,164,"1726562253,0031",99999999,99999999,99999999,99999999,99999999,99999999,FALSCH,"0,545","0,527","0,018","0,04",28,salinity,"29,27778",,"14,27",1,15,16,WAHR,1171
image_2309.png,4,farmbot_uzk_2,165,"1726562253,0031",99999999,99999999,99999999,99999999,99999999,99999999,FALSCH,,,,,28,salinity,,,,0,0,0,WAHR,1172
image_2310.png,4,farmbot_uzk_2,165,"1726557777,26954",99999999,99999999,99999999,99999999,99999999,99999999,FALSCH,,,,,28,salinity,,,,0,0,0,FALSCH,1172
image_2311.png,4,farmbot_uzk_2,166,"1726557777,26954",99999999,99999999,99999999,99999999,99999999,99999999,FALSCH,"0,31","0,273","0,037","0,016",28,salinity,"7,37838",,"6,6249",3,12,15,FALSCH,1173
image_2312.png,4,farmbot_uzk_2,166,"1726562253,0031",99999999,99999999,99999999,99999999,99999999,99999999,FALSCH,"0,31","0,273","0,037","0,016",28,salinity,"7,37838",,"6,6249",3,12,15,WAHR,1173
image_2313.png,4,farmbot_uzk_2,167,"1726562253,0031",99999999,99999999,99999999,99999999,99999999,99999999,FALSCH,"0,471","0,444","0,027","0,032",28,salinity,"16,44444",,"10,677",1,16,17,WAHR,1174
image_2314.png,4,farmbot_uzk_2,167,"1726557777,26954",99999999,99999999,99999999,99999999,99999999,99999999,FALSCH,"0,471","0,444","0,027","0,032",28,salinity,"16,44444",,"10,677",1,16,17,FALSCH,1174
image_2315.png,4,farmbot_uzk_2,168,"1726557777,26954",99999999,99999999,99999999,99999999,99999999,99999999,FALSCH,"0,277","0,248","0,029","0,012",28,salinity,"8,55172",,"6,3892",3,9,12,FALSCH,1175
image_2316.png,4,farmbot_uzk_2,168,"1726562253,0031",99999999,99999999,99999999,99999999,99999999,99999999,FALSCH,"0,277","0,248","0,029","0,012",28,salinity,"8,55172",,"6,3892",3,9,12,WAHR,1175
image_2317.png,5,farmbot_uzk,1,"1727681935,43675","17,8","55,9","722,6",142,9306380,9306522,FALSCH,"0,117","0,1","0,017","0,004",28,control,"5,88235",,"3,2287",3,9,12,FALSCH,1176
image_2318.png,5,farmbot_uzk,1,"1727683141,99632","21,01","48,1","4006,7",689,45155727,45156416,FALSCH,"0,117","0,1","0,017","0,004",28,control,"5,88235",,"3,2287",3,9,12,WAHR,1176
image_2319.png,5,farmbot_uzk,2,"1727683141,99632","21,01","48,1","4006,7",689,45155727,45156416,FALSCH,"0,169","0,159","0,01","0,007",28,control,"15,9",,"5,9636",2,12,14,WAHR,1177
image_2320.png,5,farmbot_uzk,2,"1727681935,43675","17,8","55,9","722,6",142,9306380,9306522,FALSCH,"0,169","0,159","0,01","0,007",28,control,"15,9",,"5,9636",2,12,14,FALSCH,1177
image_2321.png,5,farmbot_uzk,3,"1727681935,43675","17,8","55,9","722,6",142,9306380,9306522,FALSCH,"0,107","0,09","0,017","0,005",28,control,"5,29412",,"3,4826",3,9,12,FALSCH,1178
image_2322.png,5,farmbot_uzk,3,"1727683141,99632","21,01","48,1","4006,7",689,45155727,45156416,FALSCH,"0,107","0,09","0,017","0,005",28,control,"5,29412",,"3,4826",3,9,12,WAHR,1178
image_2323.png,5,farmbot_uzk,4,"1727681935,43675","17,8","55,9","722,6",142,9306380,9306522,FALSCH,"0,074","0,041","0,033","0,001",28,control,"1,24242",,"1,2694",2,7,9,FALSCH,1179
image_2324.png,5,farmbot_uzk,4,"1727683141,99632","21,01","48,1","4006,7",689,45155727,45156416,FALSCH,"0,074","0,041","0,033","0,001",28,control,"1,24242",,"1,2694",2,7,9,WAHR,1179
image_2325.png,5,farmbot_uzk,5,"1727683141,99632","21,01","48,1","4006,7",689,45155727,45156416,FALSCH,"0,081","0,069","0,012","0,001",28,control,"5,75",,"2,9864",3,9,12,WAHR,1180
image_2326.png,5,farmbot_uzk,5,"1727681935,43675","17,8","55,9","722,6",142,9306380,9306522,FALSCH,"0,081","0,069","0,012","0,001",28,control,"5,75",,"2,9864",3,9,12,FALSCH,1180
image_2327.png,5,farmbot_uzk,6,"1727681935,43675","17,8","55,9","722,6",142,9306380,9306522,FALSCH,"0,185","0,16","0,025","0,009",28,control,"6,4",,"5,1767",1,11,12,FALSCH,1181
image_2328.png,5,farmbot_uzk,6,"1727683141,99632","21,01","48,1","4006,7",689,45155727,45156416,FALSCH,"0,185","0,16","0,025","0,009",28,control,"6,4",,"5,1767",1,11,12,WAHR,1181
image_2329.png,5,farmbot_uzk,7,"1727683235,89959","21,33","46,9","3901,6",673,44107115,44107788,FALSCH,"0,197","0,172","0,025","0,008",28,control,"6,88",,"6,7006",3,12,15,WAHR,1182
image_2330.png,5,farmbot_uzk,7,"1727682031,0145","18,11","55,6","735,2",145,9502993,9503138,FALSCH,"0,197","0,172","0,025","0,008",28,control,"6,88",,"6,7006",3,12,15,FALSCH,1182
image_2331.png,5,farmbot_uzk,8,"1727683235,89959","21,33","46,9","3901,6",673,44107115,44107788,FALSCH,"0,147","0,123","0,024","0,006",28,control,"5,125",,"4,3634",2,10,12,WAHR,1183
image_2332.png,5,farmbot_uzk,8,"1727682031,0145","18,11","55,6","735,2",145,9502993,9503138,FALSCH,"0,147","0,123","0,024","0,006",28,control,"5,125",,"4,3634",2,10,12,FALSCH,1183
image_2333.png,5,farmbot_uzk,9,"1727683235,89959","21,33","46,9","3901,6",673,44107115,44107788,FALSCH,"0,144","0,112","0,032","0,005",28,control,"3,5",,"4,8178",3,9,12,WAHR,1184
image_2334.png,5,farmbot_uzk,9,"1727682031,0145","18,11","55,6","735,2",145,9502993,9503138,FALSCH,"0,144","0,112","0,032","0,005",28,control,"3,5",,"4,8178",3,9,12,FALSCH,1184
image_2335.png,5,farmbot_uzk,10,"1727682031,0145","18,11","55,6","735,2",145,9502993,9503138,FALSCH,"0,056","0,051","0,005","0,003",28,control,"10,2",,"2,6686",3,8,11,FALSCH,1185
image_2336.png,5,farmbot_uzk,10,"1727683235,89959","21,33","46,9","3901,6",673,44107115,44107788,FALSCH,"0,056","0,051","0,005","0,003",28,control,"10,2",,"2,6686",3,8,11,WAHR,1185
image_2337.png,5,farmbot_uzk,11,"1727682031,0145","18,11","55,6","735,2",145,9502993,9503138,FALSCH,"0,122","0,117","0,005","0,006",28,control,"23,4",,"4,2543",4,9,13,FALSCH,1186
image_2338.png,5,farmbot_uzk,11,"1727683235,89959","21,33","46,9","3901,6",673,44107115,44107788,FALSCH,"0,122","0,117","0,005","0,006",28,control,"23,4",,"4,2543",4,9,13,WAHR,1186
image_2339.png,5,farmbot_uzk,12,"1727683235,89959","21,33","46,9","3901,6",673,44107115,44107788,FALSCH,"0,051","0,045","0,006","0,001",28,control,"7,5",,"1,6311",2,6,8,WAHR,1187
image_2340.png,5,farmbot_uzk,12,"1727682031,0145","18,11","55,6","735,2",145,9502993,9503138,FALSCH,"0,051","0,045","0,006","0,001",28,control,"7,5",,"1,6311",2,6,8,FALSCH,1187
image_2341.png,5,farmbot_uzk,13,"1727682127,11444","18,44","54,5","616,1",125,8192231,8192356,FALSCH,"0,064","0,056","0,008","0,007",28,drought,7,,"4,473",4,7,11,FALSCH,1188
image_2342.png,5,farmbot_uzk,13,"1727683339,25792","21,57","46,3","3535,9",624,40895730,40896354,FALSCH,"0,064","0,056","0,008","0,007",28,drought,7,,"4,473",4,7,11,WAHR,1188
image_2343.png,5,farmbot_uzk,14,"1727682127,11444","18,44","54,5","616,1",125,8192231,8192356,FALSCH,"0,186","0,179","0,007","0,01",28,drought,"25,57143",,"5,2981",2,11,13,FALSCH,1189
image_2344.png,5,farmbot_uzk,14,"1727683339,25792","21,57","46,3","3535,9",624,40895730,40896354,FALSCH,"0,186","0,179","0,007","0,01",28,drought,"25,57143",,"5,2981",2,11,13,WAHR,1189
image_2345.png,5,farmbot_uzk,15,"1727683339,25792","21,57","46,3","3535,9",624,40895730,40896354,FALSCH,"0,132","0,11","0,022","0,006",28,drought,5,,"3,8149",4,10,14,WAHR,1190
image_2346.png,5,farmbot_uzk,15,"1727682127,11444","18,44","54,5","616,1",125,8192231,8192356,FALSCH,"0,132","0,11","0,022","0,006",28,drought,5,,"3,8149",4,10,14,FALSCH,1190
image_2347.png,5,farmbot_uzk,16,"1727682127,11444","18,44","54,5","616,1",125,8192231,8192356,FALSCH,"0,193","0,165","0,028","0,009",28,drought,"5,89286",,"5,3741",2,12,14,FALSCH,1191
image_2348.png,5,farmbot_uzk,16,"1727683339,25792","21,57","46,3","3535,9",624,40895730,40896354,FALSCH,"0,193","0,165","0,028","0,009",28,drought,"5,89286",,"5,3741",2,12,14,WAHR,1191
image_2349.png,5,farmbot_uzk,17,"1727683339,25792","21,57","46,3","3535,9",624,40895730,40896354,FALSCH,"0,093","0,086","0,007","0,005",28,drought,"12,28571",,"3,3962",4,9,13,WAHR,1192
image_2350.png,5,farmbot_uzk,17,"1727682127,11444","18,44","54,5","616,1",125,8192231,8192356,FALSCH,"0,093","0,086","0,007","0,005",28,drought,"12,28571",,"3,3962",4,9,13,FALSCH,1192
image_2351.png,5,farmbot_uzk,18,"1727683339,25792","21,57","46,3","3535,9",624,40895730,40896354,FALSCH,"0,137","0,122","0,015","0,008",28,drought,"8,13333",,"4,4858",1,13,14,WAHR,1193
image_2352.png,5,farmbot_uzk,18,"1727682127,11444","18,44","54,5","616,1",125,8192231,8192356,FALSCH,"0,137","0,122","0,015","0,008",28,drought,"8,13333",,"4,4858",1,13,14,FALSCH,1193
image_2353.png,5,farmbot_uzk,25,"1727683458,33134","21,74","45,5","3554,2",617,40436978,40437595,FALSCH,"0,047","0,041","0,006","0,002",28,drought,"6,83333",,"1,6057",3,9,12,WAHR,1200
image_2354.png,5,farmbot_uzk,25,"1727682225,35396","18,59","54,9","550,3",108,7078092,7078200,FALSCH,"0,047","0,041","0,006","0,002",28,drought,"6,83333",,"1,6057",3,9,12,FALSCH,1200
image_2355.png,5,farmbot_uzk,26,"1727682225,35396","18,59","54,9","550,3",108,7078092,7078200,FALSCH,"0,081","0,061","0,02","0,003",28,drought,"3,05",,"1,9455",4,6,10,FALSCH,1201
image_2356.png,5,farmbot_uzk,26,"1727683458,33134","21,74","45,5","3554,2",617,40436978,40437595,FALSCH,"0,081","0,061","0,02","0,003",28,drought,"3,05",,"1,9455",4,6,10,WAHR,1201
image_2357.png,5,farmbot_uzk,27,"1727683458,33134","21,74","45,5","3554,2",617,40436978,40437595,FALSCH,"0,036","0,022","0,014","0,001",28,drought,"1,57143",,"0,6024",3,7,10,WAHR,1202
image_2358.png,5,farmbot_uzk,27,"1727682225,35396","18,59","54,9","550,3",108,7078092,7078200,FALSCH,"0,036","0,022","0,014","0,001",28,drought,"1,57143",,"0,6024",3,7,10,FALSCH,1202
image_2359.png,5,farmbot_uzk,28,"1727682225,35396","18,59","54,9","550,3",108,7078092,7078200,FALSCH,"0,073","0,031","0,042","0,004",28,drought,"0,7381",,"1,0265",3,6,9,FALSCH,1203
image_2360.png,5,farmbot_uzk,28,"1727683458,33134","21,74","45,5","3554,2",617,40436978,40437595,FALSCH,"0,073","0,031","0,042","0,004",28,drought,"0,7381",,"1,0265",3,6,9,WAHR,1203
image_2361.png,5,farmbot_uzk,29,"1727683458,33134","21,74","45,5","3554,2",617,40436978,40437595,FALSCH,"0,079","0,07","0,009","0,005",28,drought,"7,77778",,"2,8981",1,9,10,WAHR,1204
image_2362.png,5,farmbot_uzk,29,"1727682225,35396","18,59","54,9","550,3",108,7078092,7078200,FALSCH,"0,079","0,07","0,009","0,005",28,drought,"7,77778",,"2,8981",1,9,10,FALSCH,1204
image_2363.png,5,farmbot_uzk,30,"1727683458,33134","21,74","45,5","3554,2",617,40436978,40437595,FALSCH,"0,085","0,062","0,023","0,003",28,drought,"2,69565",,"2,4705",5,7,12,WAHR,1205
image_2364.png,5,farmbot_uzk,30,"1727682225,35396","18,59","54,9","550,3",108,7078092,7078200,FALSCH,"0,085","0,062","0,023","0,003",28,drought,"2,69565",,"2,4705",5,7,12,FALSCH,1205
image_2365.png,5,farmbot_uzk,31,"1727682314,00978","18,77","54,2",446,87,5701797,5701884,FALSCH,"0,085","0,076","0,009","0,005",28,drought,"8,44444",,"3,92",2,10,12,FALSCH,1206
image_2366.png,5,farmbot_uzk,31,"1727683547,72249","21,87","45,2","3791,8",651,42665282,42665933,FALSCH,"0,085","0,076","0,009","0,005",28,drought,"8,44444",,"3,92",2,10,12,WAHR,1206
image_2367.png,5,farmbot_uzk,32,"1727683547,72249","21,87","45,2","3791,8",651,42665282,42665933,FALSCH,"0,138","0,124","0,014","0,005",28,drought,"8,85714",,"4,1774",3,6,9,WAHR,1207
image_2368.png,5,farmbot_uzk,32,"1727682314,00978","18,77","54,2",446,87,5701797,5701884,FALSCH,"0,138","0,124","0,014","0,005",28,drought,"8,85714",,"4,1774",3,6,9,FALSCH,1207
image_2369.png,5,farmbot_uzk,33,"1727682314,00978","18,77","54,2",446,87,5701797,5701884,FALSCH,"0,097","0,087","0,01","0,005",28,drought,"8,7",,"2,7345",4,10,14,FALSCH,1208
image_2370.png,5,farmbot_uzk,33,"1727683547,72249","21,87","45,2","3791,8",651,42665282,42665933,FALSCH,"0,097","0,087","0,01","0,005",28,drought,"8,7",,"2,7345",4,10,14,WAHR,1208
image_2371.png,5,farmbot_uzk,34,"1727683547,72249","21,87","45,2","3791,8",651,42665282,42665933,FALSCH,"0,072","0,049","0,023","0,005",28,drought,"2,13043",,"1,8828",4,7,11,WAHR,1209
image_2372.png,5,farmbot_uzk,34,"1727682314,00978","18,77","54,2",446,87,5701797,5701884,FALSCH,"0,072","0,049","0,023","0,005",28,drought,"2,13043",,"1,8828",4,7,11,FALSCH,1209
image_2373.png,5,farmbot_uzk,35,"1727682314,00978","18,77","54,2",446,87,5701797,5701884,FALSCH,"0,141","0,127","0,014","0,007",28,salinity,"9,07143",,"5,1435",2,13,15,FALSCH,1210
image_2374.png,5,farmbot_uzk,35,"1727683547,72249","21,87","45,2","3791,8",651,42665282,42665933,FALSCH,"0,141","0,127","0,014","0,007",28,salinity,"9,07143",,"5,1435",2,13,15,WAHR,1210
image_2375.png,5,farmbot_uzk,36,"1727683547,72249","21,87","45,2","3791,8",651,42665282,42665933,FALSCH,"0,164","0,152","0,012","0,005",28,salinity,"12,66667",,5,3,8,11,WAHR,1211
image_2376.png,5,farmbot_uzk,36,"1727682314,00978","18,77","54,2",446,87,5701797,5701884,FALSCH,"0,164","0,152","0,012","0,005",28,salinity,"12,66667",,5,3,8,11,FALSCH,1211
image_2377.png,5,farmbot_uzk,37,"1727683638,89675","22,05","44,4","4446,1",752,49284643,49285395,FALSCH,"0,196","0,173","0,023","0,009",28,salinity,"7,52174",,"5,1359",4,11,15,WAHR,1212
image_2378.png,5,farmbot_uzk,37,"1727682407,70423","18,96","53,9","401,6",79,5177493,5177572,FALSCH,"0,196","0,173","0,023","0,009",28,salinity,"7,52174",,"5,1359",4,11,15,FALSCH,1212
image_2379.png,5,farmbot_uzk,38,"1727682407,70423","18,96","53,9","401,6",79,5177493,5177572,FALSCH,"0,169","0,144","0,025","0,008",28,salinity,"5,76",,"4,2903",3,9,12,FALSCH,1213
image_2380.png,5,farmbot_uzk,38,"1727683638,89675","22,05","44,4","4446,1",752,49284643,49285395,FALSCH,"0,169","0,144","0,025","0,008",28,salinity,"5,76",,"4,2903",3,9,12,WAHR,1213
image_2381.png,5,farmbot_uzk,39,"1727682407,70423","18,96","53,9","401,6",79,5177493,5177572,FALSCH,"0,088","0,077","0,011","0,003",28,salinity,7,,"1,995",1,9,10,FALSCH,1214
image_2382.png,5,farmbot_uzk,39,"1727683638,89675","22,05","44,4","4446,1",752,49284643,49285395,FALSCH,"0,088","0,077","0,011","0,003",28,salinity,7,,"1,995",1,9,10,WAHR,1214
image_2383.png,5,farmbot_uzk,40,"1727682407,70423","18,96","53,9","401,6",79,5177493,5177572,FALSCH,"0,186","0,161","0,025","0,005",28,salinity,"6,44",,"4,2777",4,7,11,FALSCH,1215
image_2384.png,5,farmbot_uzk,40,"1727683638,89675","22,05","44,4","4446,1",752,49284643,49285395,FALSCH,"0,186","0,161","0,025","0,005",28,salinity,"6,44",,"4,2777",4,7,11,WAHR,1215
image_2385.png,5,farmbot_uzk,41,"1727683638,89675","22,05","44,4","4446,1",752,49284643,49285395,FALSCH,"0,096","0,084","0,012","0,004",28,salinity,7,,"1,7528",3,10,13,WAHR,1216
image_2386.png,5,farmbot_uzk,41,"1727682407,70423","18,96","53,9","401,6",79,5177493,5177572,FALSCH,"0,096","0,084","0,012","0,004",28,salinity,7,,"1,7528",3,10,13,FALSCH,1216
image_2387.png,5,farmbot_uzk,42,"1727683638,89675","22,05","44,4","4446,1",752,49284643,49285395,FALSCH,"0,16","0,131","0,029","0,005",28,salinity,"4,51724",,"3,3839",3,6,9,WAHR,1217
image_2388.png,5,farmbot_uzk,42,"1727682407,70423","18,96","53,9","401,6",79,5177493,5177572,FALSCH,"0,16","0,131","0,029","0,005",28,salinity,"4,51724",,"3,3839",3,6,9,FALSCH,1217
image_2389.png,5,farmbot_uzk,43,"1727682493,98094","18,84","53,7","486,3",95,6226100,6226195,FALSCH,"0,093","0,082","0,011","0,002",28,salinity,"7,45455",,"1,3779",3,7,10,FALSCH,1218
image_2390.png,5,farmbot_uzk,43,"1727683726,60867","21,94","44,5","4254,8",719,47121887,47122606,FALSCH,"0,093","0,082","0,011","0,002",28,salinity,"7,45455",,"1,3779",3,7,10,WAHR,1218
image_2391.png,5,farmbot_uzk,44,"1727683726,60867","21,94","44,5","4254,8",719,47121887,47122606,FALSCH,"0,053","0,049","0,004","0,002",28,salinity,"12,25",,"1,1423",3,5,8,WAHR,1219
image_2392.png,5,farmbot_uzk,44,"1727682493,98094","18,84","53,7","486,3",95,6226100,6226195,FALSCH,"0,053","0,049","0,004","0,002",28,salinity,"12,25",,"1,1423",3,5,8,FALSCH,1219
image_2393.png,5,farmbot_uzk,45,"1727682493,98094","18,84","53,7","486,3",95,6226100,6226195,FALSCH,"0,021","0,016","0,005","0,006",28,salinity,"3,2",,"1,4767",0,4,4,FALSCH,1220
image_2394.png,5,farmbot_uzk,45,"1727683726,60867","21,94","44,5","4254,8",719,47121887,47122606,FALSCH,"0,021","0,016","0,005","0,006",28,salinity,"3,2",,"1,4767",0,4,4,WAHR,1220
image_2395.png,5,farmbot_uzk,46,"1727682493,98094","18,84","53,7","486,3",95,6226100,6226195,FALSCH,"0,056","0,044","0,012","0,003",28,salinity,"3,66667",,"0,6414",4,6,10,FALSCH,1221
image_2396.png,5,farmbot_uzk,46,"1727683726,60867","21,94","44,5","4254,8",719,47121887,47122606,FALSCH,"0,056","0,044","0,012","0,003",28,salinity,"3,66667",,"0,6414",4,6,10,WAHR,1221
image_2397.png,5,farmbot_uzk,47,"1727682493,98094","18,84","53,7","486,3",95,6226100,6226195,FALSCH,"0,044","0,032","0,012","0,001",28,salinity,"2,66667",,"0,7011",2,7,9,FALSCH,1222
image_2398.png,5,farmbot_uzk,47,"1727683726,60867","21,94","44,5","4254,8",719,47121887,47122606,FALSCH,"0,044","0,032","0,012","0,001",28,salinity,"2,66667",,"0,7011",2,7,9,WAHR,1222
image_2399.png,5,farmbot_uzk,48,"1727682493,98094","18,84","53,7","486,3",95,6226100,6226195,FALSCH,,,,,28,salinity,,,,0,0,0,FALSCH,1223
image_2400.png,5,farmbot_uzk,48,"1727683726,60867","21,94","44,5","4254,8",719,47121887,47122606,FALSCH,,,,,28,salinity,,,,0,0,0,WAHR,1223
image_2401.png,5,farmbot_uzk,49,"1727682619,13651","18,44","54,8","554,1",105,6881483,6881588,FALSCH,"0,078",0,"0,078","0,003",28,salinity,0,,"1,8721",3,7,10,FALSCH,1224
image_2402.png,5,farmbot_uzk,49,"1727683819,33595","21,94","44,3","4317,6",734,48104952,48105686,FALSCH,"0,078",0,"0,078","0,003",28,salinity,0,,"1,8721",3,7,10,WAHR,1224
image_2403.png,5,farmbot_uzk,50,"1727682619,13651","18,44","54,8","554,1",105,6881483,6881588,FALSCH,"0,107","0,058","0,049","0,003",28,salinity,"1,18367",,"2,654",1,9,10,FALSCH,1225
image_2404.png,5,farmbot_uzk,50,"1727683819,33595","21,94","44,3","4317,6",734,48104952,48105686,FALSCH,"0,107","0,058","0,049","0,003",28,salinity,"1,18367",,"2,654",1,9,10,WAHR,1225
image_2405.png,5,farmbot_uzk,51,"1727683819,33595","21,94","44,3","4317,6",734,48104952,48105686,FALSCH,"0,315","0,295","0,02","0,015",28,salinity,"14,75",,"8,0218",1,12,13,WAHR,1226
image_2406.png,5,farmbot_uzk,51,"1727682619,13651","18,44","54,8","554,1",105,6881483,6881588,FALSCH,"0,315","0,295","0,02","0,015",28,salinity,"14,75",,"8,0218",1,12,13,FALSCH,1226
image_2407.png,5,farmbot_uzk,52,"1727682619,13651","18,44","54,8","554,1",105,6881483,6881588,FALSCH,"0,119","0,105","0,014","0,005",28,salinity,"7,5",,"2,9449",0,10,10,FALSCH,1227
image_2408.png,5,farmbot_uzk,52,"1727683819,33595","21,94","44,3","4317,6",734,48104952,48105686,FALSCH,"0,119","0,105","0,014","0,005",28,salinity,"7,5",,"2,9449",0,10,10,WAHR,1227
image_2409.png,5,farmbot_uzk,53,"1727682619,13651","18,44","54,8","554,1",105,6881483,6881588,FALSCH,"0,118","0,111","0,007","0,001",28,salinity,"15,85714",,"2,6116",1,8,9,FALSCH,1228
image_2410.png,5,farmbot_uzk,53,"1727683819,33595","21,94","44,3","4317,6",734,48104952,48105686,FALSCH,"0,118","0,111","0,007","0,001",28,salinity,"15,85714",,"2,6116",1,8,9,WAHR,1228
image_2411.png,5,farmbot_uzk,54,"1727682619,13651","18,44","54,8","554,1",105,6881483,6881588,FALSCH,"0,261","0,243","0,018","0,013",28,salinity,"13,5",,"7,1792",4,8,12,FALSCH,1229
image_2412.png,5,farmbot_uzk,54,"1727683819,33595","21,94","44,3","4317,6",734,48104952,48105686,FALSCH,"0,261","0,243","0,018","0,013",28,salinity,"13,5",,"7,1792",4,8,12,WAHR,1229
image_2413.png,5,farmbot_uzk,55,"1727683908,30603","21,81","43,9","4355,3",743,48694791,48695534,FALSCH,"0,336","0,302","0,034","0,012",28,salinity,"8,88235",,"7,3493",2,10,12,WAHR,1230
image_2414.png,5,farmbot_uzk,55,"1727682703,76582","18,28","55,1","579,2",111,7274709,7274820,FALSCH,"0,336","0,302","0,034","0,012",28,salinity,"8,88235",,"7,3493",2,10,12,FALSCH,1230
image_2415.png,5,farmbot_uzk,56,"1727683908,30603","21,81","43,9","4355,3",743,48694791,48695534,FALSCH,"0,085","0,073","0,012","0,007",28,salinity,"6,08333",,"4,8199",4,6,10,WAHR,1231
image_2416.png,5,farmbot_uzk,56,"1727682703,76582","18,28","55,1","579,2",111,7274709,7274820,FALSCH,"0,085","0,073","0,012","0,007",28,salinity,"6,08333",,"4,8199",4,6,10,FALSCH,1231
image_2417.png,5,farmbot_uzk,57,"1727682703,76582","18,28","55,1","579,2",111,7274709,7274820,FALSCH,,,,,,,,,,,,,FALSCH,
image_2418.png,5,farmbot_uzk,57,"1727683908,30603","21,81","43,9","4355,3",743,48694791,48695534,FALSCH,,,,,,,,,,,,,WAHR,
image_2419.png,5,farmbot_uzk,58,"1727682703,76582","18,28","55,1","579,2",111,7274709,7274820,FALSCH,,,,,,,,,,,,,FALSCH,
image_2420.png,5,farmbot_uzk,58,"1727683908,30603","21,81","43,9","4355,3",743,48694791,48695534,FALSCH,,,,,,,,,,,,,WAHR,
image_2421.png,5,farmbot_uzk,59,"1727682703,76582","18,28","55,1","579,2",111,7274709,7274820,FALSCH,,,,,,,,,,,,,FALSCH,
image_2422.png,5,farmbot_uzk,59,"1727683908,30603","21,81","43,9","4355,3",743,48694791,48695534,FALSCH,,,,,,,,,,,,,WAHR,
image_2423.png,5,farmbot_uzk,60,"1727682703,76582","18,28","55,1","579,2",111,7274709,7274820,FALSCH,,,,,,,,,,,,,FALSCH,
image_2424.png,5,farmbot_uzk,60,"1727683908,30603","21,81","43,9","4355,3",743,48694791,48695534,FALSCH,,,,,,,,,,,,,WAHR,
image_2425.png,5,farmbot_uzk_2,1,"1727681876,89835","19,4457160296025","52,466620889601","1571,4528",306,20054597,20054903,FALSCH,"0,088","0,78","-0,692","0,006",28,control,"-1,12717",,"3,9447",4,10,14,FALSCH,1232
image_2426.png,5,farmbot_uzk_2,1,"1727683067,10619","20,7141222247654","49,4605935759518","3368,448",610,39978176,39978786,FALSCH,"0,088","0,78","-0,692","0,006",28,control,"-1,12717",,"3,9447",4,10,14,WAHR,1232
image_2427.png,5,farmbot_uzk_2,2,"1727683067,10619","20,7141222247654","49,4605935759518","3368,448",610,39978176,39978786,FALSCH,"0,162","0,153","0,009","0,009",28,control,17,,"7,2434",4,12,16,WAHR,1233
image_2428.png,5,farmbot_uzk_2,2,"1727681876,89835","19,4457160296025","52,466620889601","1571,4528",306,20054597,20054903,FALSCH,"0,162","0,153","0,009","0,009",28,control,17,,"7,2434",4,12,16,FALSCH,1233
image_2429.png,5,farmbot_uzk_2,3,"1727681876,89835","19,4457160296025","52,466620889601","1571,4528",306,20054597,20054903,FALSCH,"0,117","0,107","0,01","0,006",28,control,"10,7",,"4,9452",3,9,12,FALSCH,1234
image_2430.png,5,farmbot_uzk_2,3,"1727683067,10619","20,7141222247654","49,4605935759518","3368,448",610,39978176,39978786,FALSCH,"0,117","0,107","0,01","0,006",28,control,"10,7",,"4,9452",3,9,12,WAHR,1234
image_2431.png,5,farmbot_uzk_2,4,"1727683067,10619","20,7141222247654","49,4605935759518","3368,448",610,39978176,39978786,FALSCH,"0,235","0,217","0,018","0,014",28,control,"12,05556",,"9,7909",4,13,17,WAHR,1235
image_2432.png,5,farmbot_uzk_2,4,"1727681876,89835","19,4457160296025","52,466620889601","1571,4528",306,20054597,20054903,FALSCH,"0,235","0,217","0,018","0,014",28,control,"12,05556",,"9,7909",4,13,17,FALSCH,1235
image_2433.png,5,farmbot_uzk_2,5,"1727681876,89835","19,4457160296025","52,466620889601","1571,4528",306,20054597,20054903,FALSCH,"0,261","0,225","0,036","0,014",28,control,"6,25",,"8,4572",3,12,15,FALSCH,1236
image_2434.png,5,farmbot_uzk_2,5,"1727683067,10619","20,7141222247654","49,4605935759518","3368,448",610,39978176,39978786,FALSCH,"0,261","0,225","0,036","0,014",28,control,"6,25",,"8,4572",3,12,15,WAHR,1236
image_2435.png,5,farmbot_uzk_2,6,"1727683067,10619","20,7141222247654","49,4605935759518","3368,448",610,39978176,39978786,FALSCH,"0,09","0,1","-0,01","0,008",28,control,-10,,"4,9836",4,11,15,WAHR,1237
image_2436.png,5,farmbot_uzk_2,6,"1727681876,89835","19,4457160296025","52,466620889601","1571,4528",306,20054597,20054903,FALSCH,"0,09","0,1","-0,01","0,008",28,control,-10,,"4,9836",4,11,15,FALSCH,1237
image_2437.png,5,farmbot_uzk_2,7,"1727681936,44333","19,5284962233921","52,138551918822","1619,9232",314,20578902,20579216,FALSCH,"0,037","0,028","0,009","0,004",28,control,"3,11111",,"1,4599",3,10,13,FALSCH,1238
image_2438.png,5,farmbot_uzk_2,7,"1727683140,87085","20,7862211032273","49,42244602121","3613,4112",649,42534165,42534814,FALSCH,"0,037","0,028","0,009","0,004",28,control,"3,11111",,"1,4599",3,10,13,WAHR,1238
image_2439.png,5,farmbot_uzk_2,8,"1727683140,87085","20,7862211032273","49,42244602121","3613,4112",649,42534165,42534814,FALSCH,"0,153","0,146","0,007","0,009",28,control,"20,85714",,"6,9739",4,12,16,WAHR,1239
image_2440.png,5,farmbot_uzk_2,8,"1727681936,44333","19,5284962233921","52,138551918822","1619,9232",314,20578902,20579216,FALSCH,"0,153","0,146","0,007","0,009",28,control,"20,85714",,"6,9739",4,12,16,FALSCH,1239
image_2441.png,5,farmbot_uzk_2,9,"1727681936,44333","19,5284962233921","52,138551918822","1619,9232",314,20578902,20579216,FALSCH,"0,264","0,24","0,024","0,011",28,control,10,,"9,1538",3,14,17,FALSCH,1240
image_2442.png,5,farmbot_uzk_2,9,"1727683140,87085","20,7862211032273","49,42244602121","3613,4112",649,42534165,42534814,FALSCH,"0,264","0,24","0,024","0,011",28,control,10,,"9,1538",3,14,17,WAHR,1240
image_2443.png,5,farmbot_uzk_2,10,"1727681936,44333","19,5284962233921","52,138551918822","1619,9232",314,20578902,20579216,FALSCH,"0,176","0,163","0,013","0,011",28,control,"12,53846",,"6,2723",2,12,14,FALSCH,1241
image_2444.png,5,farmbot_uzk_2,10,"1727683140,87085","20,7862211032273","49,42244602121","3613,4112",649,42534165,42534814,FALSCH,"0,176","0,163","0,013","0,011",28,control,"12,53846",,"6,2723",2,12,14,WAHR,1241
image_2445.png,5,farmbot_uzk_2,11,"1727681936,44333","19,5284962233921","52,138551918822","1619,9232",314,20578902,20579216,FALSCH,"0,176","0,148","0,028","0,008",28,control,"5,28571",,"5,8792",4,11,15,FALSCH,1242
image_2446.png,5,farmbot_uzk_2,11,"1727683140,87085","20,7862211032273","49,42244602121","3613,4112",649,42534165,42534814,FALSCH,"0,176","0,148","0,028","0,008",28,control,"5,28571",,"5,8792",4,11,15,WAHR,1242
image_2447.png,5,farmbot_uzk_2,12,"1727683140,87085","20,7862211032273","49,42244602121","3613,4112",649,42534165,42534814,FALSCH,"0,174","0,166","0,008","0,01",28,control,"20,75",,"6,559",4,10,14,WAHR,1243
image_2448.png,5,farmbot_uzk_2,12,"1727681936,44333","19,5284962233921","52,138551918822","1619,9232",314,20578902,20579216,FALSCH,"0,174","0,166","0,008","0,01",28,control,"20,75",,"6,559",4,10,14,FALSCH,1243
image_2449.png,5,farmbot_uzk_2,13,"1727682009,64031","19,6272983901732","52,138551918822","1611,4368",311,20382290,20382601,FALSCH,"0,119","0,105","0,014","0,008",28,drought,"7,5",,"4,9353",2,11,13,FALSCH,1244
image_2450.png,5,farmbot_uzk_2,13,"1727683230,65888","20,898374914168","49,5231555657282","3646,704",655,42927393,42928048,FALSCH,"0,119","0,105","0,014","0,008",28,drought,"7,5",,"4,9353",2,11,13,WAHR,1244
image_2451.png,5,farmbot_uzk_2,14,"1727682009,64031","19,6272983901732","52,138551918822","1611,4368",311,20382290,20382601,FALSCH,"0,174","0,166","0,008","0,009",28,drought,"20,75",,"7,6944",4,11,15,FALSCH,1245
image_2452.png,5,farmbot_uzk_2,14,"1727683230,65888","20,898374914168","49,5231555657282","3646,704",655,42927393,42928048,FALSCH,"0,174","0,166","0,008","0,009",28,drought,"20,75",,"7,6944",4,11,15,WAHR,1245
image_2453.png,5,farmbot_uzk_2,15,"1727683230,65888","20,898374914168","49,5231555657282","3646,704",655,42927393,42928048,FALSCH,"0,167","0,153","0,014","0,012",28,drought,"10,92857",,"6,4862",4,12,16,WAHR,1246
image_2454.png,5,farmbot_uzk_2,15,"1727682009,64031","19,6272983901732","52,138551918822","1611,4368",311,20382290,20382601,FALSCH,"0,167","0,153","0,014","0,012",28,drought,"10,92857",,"6,4862",4,12,16,FALSCH,1246
image_2455.png,5,farmbot_uzk_2,16,"1727682009,64031","19,6272983901732","52,138551918822","1611,4368",311,20382290,20382601,FALSCH,"0,178","0,157","0,021","0,012",28,drought,"7,47619",,"7,169",3,11,14,FALSCH,1247
image_2456.png,5,farmbot_uzk_2,16,"1727683230,65888","20,898374914168","49,5231555657282","3646,704",655,42927393,42928048,FALSCH,"0,178","0,157","0,021","0,012",28,drought,"7,47619",,"7,169",3,11,14,WAHR,1247
image_2457.png,5,farmbot_uzk_2,17,"1727683230,65888","20,898374914168","49,5231555657282","3646,704",655,42927393,42928048,FALSCH,"0,092","0,079","0,013","0,006",28,drought,"6,07692",,"3,7369",4,11,15,WAHR,1248
image_2458.png,5,farmbot_uzk_2,17,"1727682009,64031","19,6272983901732","52,138551918822","1611,4368",311,20382290,20382601,FALSCH,"0,092","0,079","0,013","0,006",28,drought,"6,07692",,"3,7369",4,11,15,FALSCH,1248
image_2459.png,5,farmbot_uzk_2,18,"1727682009,64031","19,6272983901732","52,138551918822","1611,4368",311,20382290,20382601,FALSCH,"0,157","0,142","0,015","0,01",28,drought,"9,46667",,"6,5647",4,11,15,FALSCH,1249
image_2460.png,5,farmbot_uzk_2,18,"1727683230,65888","20,898374914168","49,5231555657282","3646,704",655,42927393,42928048,FALSCH,"0,157","0,142","0,015","0,01",28,drought,"9,46667",,"6,5647",4,11,15,WAHR,1249
image_2461.png,5,farmbot_uzk_2,25,"1727683327,91108","20,658045319295","49,4880598153658","3637,4016",657,43058464,43059121,FALSCH,"0,151","0,131","0,02","0,01",28,drought,"6,55",,"6,1804",4,10,14,WAHR,1256
image_2462.png,5,farmbot_uzk_2,25,"1727682075,50981","19,427023727779","52,2713054093233","1575,2064",304,19923524,19923828,FALSCH,"0,151","0,131","0,02","0,01",28,drought,"6,55",,"6,1804",4,10,14,FALSCH,1256
image_2463.png,5,farmbot_uzk_2,26,"1727682075,50981","19,427023727779","52,2713054093233","1575,2064",304,19923524,19923828,FALSCH,"0,215","0,195","0,02","0,011",28,drought,"9,75",,"8,2353",4,14,18,FALSCH,1257
image_2464.png,5,farmbot_uzk_2,26,"1727683327,91108","20,658045319295","49,4880598153658","3637,4016",657,43058464,43059121,FALSCH,"0,215","0,195","0,02","0,011",28,drought,"9,75",,"8,2353",4,14,18,WAHR,1257
image_2465.png,5,farmbot_uzk_2,27,"1727682075,50981","19,427023727779","52,2713054093233","1575,2064",304,19923524,19923828,FALSCH,"0,193","0,179","0,014","0,013",28,drought,"12,78571",,"7,4875",4,12,16,FALSCH,1258
image_2466.png,5,farmbot_uzk_2,27,"1727683327,91108","20,658045319295","49,4880598153658","3637,4016",657,43058464,43059121,FALSCH,"0,193","0,179","0,014","0,013",28,drought,"12,78571",,"7,4875",4,12,16,WAHR,1258
image_2467.png,5,farmbot_uzk_2,28,"1727683327,91108","20,658045319295","49,4880598153658","3637,4016",657,43058464,43059121,FALSCH,"0,352","0,334","0,018","0,022",28,drought,"18,55556",,"13,5993",3,13,16,WAHR,1259
image_2468.png,5,farmbot_uzk_2,28,"1727682075,50981","19,427023727779","52,2713054093233","1575,2064",304,19923524,19923828,FALSCH,"0,352","0,334","0,018","0,022",28,drought,"18,55556",,"13,5993",3,13,16,FALSCH,1259
image_2469.png,5,farmbot_uzk_2,29,"1727682075,50981","19,427023727779","52,2713054093233","1575,2064",304,19923524,19923828,FALSCH,"0,219","0,209","0,01","0,017",28,drought,"20,9",,"9,7651",4,14,18,FALSCH,1260
image_2470.png,5,farmbot_uzk_2,29,"1727683327,91108","20,658045319295","49,4880598153658","3637,4016",657,43058464,43059121,FALSCH,"0,219","0,209","0,01","0,017",28,drought,"20,9",,"9,7651",4,14,18,WAHR,1260
image_2471.png,5,farmbot_uzk_2,30,"1727682075,50981","19,427023727779","52,2713054093233","1575,2064",304,19923524,19923828,FALSCH,"0,204","0,19","0,014","0,015",28,drought,"13,57143",,"9,1064",4,12,16,FALSCH,1261
image_2472.png,5,farmbot_uzk_2,30,"1727683327,91108","20,658045319295","49,4880598153658","3637,4016",657,43058464,43059121,FALSCH,"0,204","0,19","0,014","0,015",28,drought,"13,57143",,"9,1064",4,12,16,WAHR,1261
image_2473.png,5,farmbot_uzk_2,37,"1727682212,28663","19,5712214847028","53,3684290836957","1443,1776",277,18154003,18154280,FALSCH,"0,089","0,076","0,013","0,007",28,salinity,"5,84615",,"2,0811",2,9,11,FALSCH,1268
image_2474.png,5,farmbot_uzk_2,37,"1727683480,69804","20,7434958419165","48,6488136110475","3617,8176",652,42730776,42731428,FALSCH,"0,089","0,076","0,013","0,007",28,salinity,"5,84615",,"2,0811",2,9,11,WAHR,1268
image_2475.png,5,farmbot_uzk_2,38,"1727682212,28663","19,5712214847028","53,3684290836957","1443,1776",277,18154003,18154280,FALSCH,"0,12","0,112","0,008","0,004",28,salinity,14,,"4,5237",1,9,10,FALSCH,1269
image_2476.png,5,farmbot_uzk_2,38,"1727683480,69804","20,7434958419165","48,6488136110475","3617,8176",652,42730776,42731428,FALSCH,"0,12","0,112","0,008","0,004",28,salinity,14,,"4,5237",1,9,10,WAHR,1269
image_2477.png,5,farmbot_uzk_2,39,"1727683480,69804","20,7434958419165","48,6488136110475","3617,8176",652,42730776,42731428,FALSCH,"0,073","0,056","0,017","0,007",28,salinity,"3,29412",,"1,2482",1,7,8,WAHR,1270
image_2478.png,5,farmbot_uzk_2,39,"1727682212,28663","19,5712214847028","53,3684290836957","1443,1776",277,18154003,18154280,FALSCH,"0,073","0,056","0,017","0,007",28,salinity,"3,29412",,"1,2482",1,7,8,FALSCH,1270
image_2479.png,5,farmbot_uzk_2,40,"1727683480,69804","20,7434958419165","48,6488136110475","3617,8176",652,42730776,42731428,FALSCH,"0,089","0,08","0,009","0,008",28,salinity,"8,88889",,"2,5915",4,9,13,WAHR,1271
image_2480.png,5,farmbot_uzk_2,40,"1727682212,28663","19,5712214847028","53,3684290836957","1443,1776",277,18154003,18154280,FALSCH,"0,089","0,08","0,009","0,008",28,salinity,"8,88889",,"2,5915",4,9,13,FALSCH,1271
image_2481.png,5,farmbot_uzk_2,41,"1727683480,69804","20,7434958419165","48,6488136110475","3617,8176",652,42730776,42731428,FALSCH,"0,059","0,051","0,008","0,003",28,salinity,"6,375",,"1,4298",2,10,12,WAHR,1272
image_2482.png,5,farmbot_uzk_2,41,"1727682212,28663","19,5712214847028","53,3684290836957","1443,1776",277,18154003,18154280,FALSCH,"0,059","0,051","0,008","0,003",28,salinity,"6,375",,"1,4298",2,10,12,FALSCH,1272
image_2483.png,5,farmbot_uzk_2,42,"1727682212,28663","19,5712214847028","53,3684290836957","1443,1776",277,18154003,18154280,FALSCH,"0,173","0,17","0,003","0,005",28,salinity,"56,66667",,"2,1778",0,10,10,FALSCH,1273
image_2484.png,5,farmbot_uzk_2,42,"1727683480,69804","20,7434958419165","48,6488136110475","3617,8176",652,42730776,42731428,FALSCH,"0,173","0,17","0,003","0,005",28,salinity,"56,66667",,"2,1778",0,10,10,WAHR,1273
image_2485.png,5,farmbot_uzk_2,43,"1727682291,58218","19,838254367895","52,5459678034638","1326,3264",253,16581095,16581348,FALSCH,"0,127","0,124","0,003","0,002",28,salinity,"41,33333",,"3,9088",1,10,11,FALSCH,1274
image_2486.png,5,farmbot_uzk_2,43,"1727683547,77933","20,6874189364462","48,1376363775082","3567,8784",643,42140934,42141577,FALSCH,"0,127","0,124","0,003","0,002",28,salinity,"41,33333",,"3,9088",1,10,11,WAHR,1274
image_2487.png,5,farmbot_uzk_2,44,"1727683547,77933","20,6874189364462","48,1376363775082","3567,8784",643,42140934,42141577,FALSCH,"0,111","0,102","0,009","0,002",28,salinity,"11,33333",,"2,6635",2,10,12,WAHR,1275
image_2488.png,5,farmbot_uzk_2,44,"1727682291,58218","19,838254367895","52,5459678034638","1326,3264",253,16581095,16581348,FALSCH,"0,111","0,102","0,009","0,002",28,salinity,"11,33333",,"2,6635",2,10,12,FALSCH,1275
image_2489.png,5,farmbot_uzk_2,45,"1727682291,58218","19,838254367895","52,5459678034638","1326,3264",253,16581095,16581348,FALSCH,"0,125","0,12","0,005","0,005",28,salinity,24,,"4,4564",1,10,11,FALSCH,1276
image_2490.png,5,farmbot_uzk_2,45,"1727683547,77933","20,6874189364462","48,1376363775082","3567,8784",643,42140934,42141577,FALSCH,"0,125","0,12","0,005","0,005",28,salinity,24,,"4,4564",1,10,11,WAHR,1276
image_2491.png,5,farmbot_uzk_2,46,"1727683547,77933","20,6874189364462","48,1376363775082","3567,8784",643,42140934,42141577,FALSCH,"0,089","0,084","0,005","0,006",28,salinity,"16,8",,"3,1357",2,8,10,WAHR,1277
image_2492.png,5,farmbot_uzk_2,46,"1727682291,58218","19,838254367895","52,5459678034638","1326,3264",253,16581095,16581348,FALSCH,"0,089","0,084","0,005","0,006",28,salinity,"16,8",,"3,1357",2,8,10,FALSCH,1277
image_2493.png,5,farmbot_uzk_2,47,"1727682291,58218","19,838254367895","52,5459678034638","1326,3264",253,16581095,16581348,FALSCH,"0,199","0,188","0,011","0,011",28,salinity,"17,09091",,"6,7122",2,9,11,FALSCH,1278
image_2494.png,5,farmbot_uzk_2,47,"1727683547,77933","20,6874189364462","48,1376363775082","3567,8784",643,42140934,42141577,FALSCH,"0,199","0,188","0,011","0,011",28,salinity,"17,09091",,"6,7122",2,9,11,WAHR,1278
image_2495.png,5,farmbot_uzk_2,48,"1727682291,58218","19,838254367895","52,5459678034638","1326,3264",253,16581095,16581348,FALSCH,"0,099","0,096","0,003","0,003",28,salinity,32,,"3,2195",1,10,11,FALSCH,1279
image_2496.png,5,farmbot_uzk_2,48,"1727683547,77933","20,6874189364462","48,1376363775082","3567,8784",643,42140934,42141577,FALSCH,"0,099","0,096","0,003","0,003",28,salinity,32,,"3,2195",1,10,11,WAHR,1279
image_2497.png,5,farmbot_uzk_2,49,"1727682355,52025","19,7955291065843","52,6970321202411","1265,2896",242,15860177,15860419,FALSCH,"0,125","0,122","0,003","0,007",28,salinity,"40,66667",,"4,3053",1,11,12,FALSCH,1280
image_2498.png,5,farmbot_uzk_2,49,"1727683617,66817","20,8262760357061","48,9646753643091","3515,0016",632,41420018,41420650,FALSCH,"0,125","0,122","0,003","0,007",28,salinity,"40,66667",,"4,3053",1,11,12,WAHR,1280
image_2499.png,5,farmbot_uzk_2,50,"1727683617,66817","20,8262760357061","48,9646753643091","3515,0016",632,41420018,41420650,FALSCH,"0,191","0,179","0,012","0,011",28,salinity,"14,91667",,"5,9663",4,8,12,WAHR,1281
image_2500.png,5,farmbot_uzk_2,50,"1727682355,52025","19,7955291065843","52,6970321202411","1265,2896",242,15860177,15860419,FALSCH,"0,191","0,179","0,012","0,011",28,salinity,"14,91667",,"5,9663",4,8,12,FALSCH,1281
image_2501.png,5,farmbot_uzk_2,51,"1727682355,52025","19,7955291065843","52,6970321202411","1265,2896",242,15860177,15860419,FALSCH,"0,182","0,175","0,007","0,008",28,salinity,25,,"4,5618",2,7,9,FALSCH,1282
image_2502.png,5,farmbot_uzk_2,51,"1727683617,66817","20,8262760357061","48,9646753643091","3515,0016",632,41420018,41420650,FALSCH,"0,182","0,175","0,007","0,008",28,salinity,25,,"4,5618",2,7,9,WAHR,1282
image_2503.png,5,farmbot_uzk_2,52,"1727683617,66817","20,8262760357061","48,9646753643091","3515,0016",632,41420018,41420650,FALSCH,"0,188","0,18","0,008","0,009",28,salinity,"22,5",,"7,2968",2,11,13,WAHR,1283
image_2504.png,5,farmbot_uzk_2,52,"1727682355,52025","19,7955291065843","52,6970321202411","1265,2896",242,15860177,15860419,FALSCH,"0,188","0,18","0,008","0,009",28,salinity,"22,5",,"7,2968",2,11,13,FALSCH,1283
image_2505.png,5,farmbot_uzk_2,53,"1727682355,52025","19,7955291065843","52,6970321202411","1265,2896",242,15860177,15860419,FALSCH,"0,226","0,214","0,012","0,011",28,salinity,"17,83333",,"6,8932",3,10,13,FALSCH,1284
image_2506.png,5,farmbot_uzk_2,53,"1727683617,66817","20,8262760357061","48,9646753643091","3515,0016",632,41420018,41420650,FALSCH,"0,226","0,214","0,012","0,011",28,salinity,"17,83333",,"6,8932",3,10,13,WAHR,1284
image_2507.png,5,farmbot_uzk_2,54,"1727683617,66817","20,8262760357061","48,9646753643091","3515,0016",632,41420018,41420650,FALSCH,"0,318","0,3","0,018","0,015",28,salinity,"16,66667",,"9,6594",2,12,14,WAHR,1285
image_2508.png,5,farmbot_uzk_2,54,"1727682355,52025","19,7955291065843","52,6970321202411","1265,2896",242,15860177,15860419,FALSCH,"0,318","0,3","0,018","0,015",28,salinity,"16,66667",,"9,6594",2,12,14,FALSCH,1285
image_2509.png,5,farmbot_uzk_2,55,"1727682418,85958","19,7394522011139","52,646677347982","1294,5024",248,16253404,16253652,FALSCH,"0,147","0,138","0,009","0,008",28,salinity,"15,33333",,"5,0292",2,10,12,FALSCH,1286
image_2510.png,5,farmbot_uzk_2,55,"1727683680,92086","20,9250782024872","48,1239032578012","3509,4528",631,41354480,41355111,FALSCH,"0,147","0,138","0,009","0,008",28,salinity,"15,33333",,"5,0292",2,10,12,WAHR,1286
image_2511.png,5,farmbot_uzk_2,56,"1727682418,85958","19,7394522011139","52,646677347982","1294,5024",248,16253404,16253652,FALSCH,"0,085","0,059","0,026","0,004",28,salinity,"2,26923",,"2,1414",4,9,13,FALSCH,1287
image_2512.png,5,farmbot_uzk_2,56,"1727683680,92086","20,9250782024872","48,1239032578012","3509,4528",631,41354480,41355111,FALSCH,"0,085","0,059","0,026","0,004",28,salinity,"2,26923",,"2,1414",4,9,13,WAHR,1287
image_2513.png,5,farmbot_uzk_2,57,"1727683680,92086","20,9250782024872","48,1239032578012","3509,4528",631,41354480,41355111,FALSCH,,,,,,,,,,,,,WAHR,
image_2514.png,5,farmbot_uzk_2,57,"1727682418,85958","19,7394522011139","52,646677347982","1294,5024",248,16253404,16253652,FALSCH,,,,,,,,,,,,,FALSCH,
image_2515.png,5,farmbot_uzk_2,58,"1727682418,85958","19,7394522011139","52,646677347982","1294,5024",248,16253404,16253652,FALSCH,,,,,,,,,,,,,FALSCH,
image_2516.png,5,farmbot_uzk_2,58,"1727683680,92086","20,9250782024872","48,1239032578012","3509,4528",631,41354480,41355111,FALSCH,,,,,,,,,,,,,WAHR,
image_2517.png,5,farmbot_uzk_2,59,"1727683680,92086","20,9250782024872","48,1239032578012","3509,4528",631,41354480,41355111,FALSCH,,,,,,,,,,,,,WAHR,
image_2518.png,5,farmbot_uzk_2,59,"1727682418,85958","19,7394522011139","52,646677347982","1294,5024",248,16253404,16253652,FALSCH,,,,,,,,,,,,,FALSCH,
image_2519.png,5,farmbot_uzk_2,60,"1727682418,85958","19,7394522011139","52,646677347982","1294,5024",248,16253404,16253652,FALSCH,,,,,,,,,,,,,FALSCH,
image_2520.png,5,farmbot_uzk_2,60,"1727683680,92086","20,9250782024872","48,1239032578012","3509,4528",631,41354480,41355111,FALSCH,,,,,,,,,,,,,WAHR,
image_2521.png,6,farmbot_uzk,55,"1727768747,36329","22,46","52,3","378,8",69,4522121,4522190,FALSCH,,,,,,,,,,,,,FALSCH,
image_2522.png,6,farmbot_uzk,55,"1727766431,31271","24,25","47,3","3328,5",555,36373651,36374206,FALSCH,,,,,,,,,,,,,WAHR,
image_2523.png,6,farmbot_uzk,56,"1727766431,31271","24,25","47,3","3328,5",555,36373651,36374206,FALSCH,,,,,,,,,,,,,WAHR,
image_2524.png,6,farmbot_uzk,56,"1727768747,36329","22,46","52,3","378,8",69,4522121,4522190,FALSCH,,,,,,,,,,,,,FALSCH,
image_2525.png,6,farmbot_uzk,57,"1727766431,31271","24,25","47,3","3328,5",555,36373651,36374206,FALSCH,"0,111","0,088","0,023","0,007",21,control,"3,82609",,"1,457",4,10,14,WAHR,1288
image_2526.png,6,farmbot_uzk,57,"1727768747,36329","22,46","52,3","378,8",69,4522121,4522190,FALSCH,"0,111","0,088","0,023","0,007",21,control,"3,82609",,"1,457",4,10,14,FALSCH,1288
image_2527.png,6,farmbot_uzk,58,"1727766431,31271","24,25","47,3","3328,5",555,36373651,36374206,FALSCH,"0,117","0,107","0,01","0,004",21,control,"10,7",,"3,0922",4,7,11,WAHR,1289
image_2528.png,6,farmbot_uzk,58,"1727768747,36329","22,46","52,3","378,8",69,4522121,4522190,FALSCH,"0,117","0,107","0,01","0,004",21,control,"10,7",,"3,0922",4,7,11,FALSCH,1289
image_2529.png,6,farmbot_uzk,59,"1727768747,36329","22,46","52,3","378,8",69,4522121,4522190,FALSCH,"0,059","0,05","0,009","0,001",21,control,"5,55556",,"4,124",4,7,11,FALSCH,1290
image_2530.png,6,farmbot_uzk,59,"1727766431,31271","24,25","47,3","3328,5",555,36373651,36374206,FALSCH,"0,059","0,05","0,009","0,001",21,control,"5,55556",,"4,124",4,7,11,WAHR,1290
image_2531.png,6,farmbot_uzk,60,"1727768747,36329","22,46","52,3","378,8",69,4522121,4522190,FALSCH,"0,137","0,117","0,02","0,004",21,control,"5,85",,"2,7454",4,9,13,FALSCH,1291
image_2532.png,6,farmbot_uzk,60,"1727766431,31271","24,25","47,3","3328,5",555,36373651,36374206,FALSCH,"0,137","0,117","0,02","0,004",21,control,"5,85",,"2,7454",4,9,13,WAHR,1291
image_2533.png,6,farmbot_uzk,61,"1727768842,87263","21,39",55,344,62,4063356,4063418,FALSCH,"0,256","0,202","0,054","0,007",21,control,"3,74074",,"4,4697",4,11,15,FALSCH,1292
image_2534.png,6,farmbot_uzk,61,"1727766563,6563","24,52","46,2","3266,6",549,35980416,35980965,FALSCH,"0,256","0,202","0,054","0,007",21,control,"3,74074",,"4,4697",4,11,15,WAHR,1292
image_2535.png,6,farmbot_uzk,62,"1727768842,87263","21,39",55,344,62,4063356,4063418,FALSCH,"0,127","0,105","0,022","0,004",21,control,"4,77273",,"6,2795",4,,4,FALSCH,1293
image_2536.png,6,farmbot_uzk,62,"1727766563,6563","24,52","46,2","3266,6",549,35980416,35980965,FALSCH,"0,127","0,105","0,022","0,004",21,control,"4,77273",,"6,2795",4,,4,WAHR,1293
image_2537.png,6,farmbot_uzk,63,"1727768842,87263","21,39",55,344,62,4063356,4063418,FALSCH,"0,322","0,277","0,045","0,018",21,control,"6,15556",,"11,4074",1,13,14,FALSCH,1294
image_2538.png,6,farmbot_uzk,63,"1727766563,6563","24,52","46,2","3266,6",549,35980416,35980965,FALSCH,"0,322","0,277","0,045","0,018",21,control,"6,15556",,"11,4074",1,13,14,WAHR,1294
image_2539.png,6,farmbot_uzk,64,"1727768842,87263","21,39",55,344,62,4063356,4063418,FALSCH,"0,295","0,262","0,033","0,011",21,control,"7,93939",,"7,946",4,9,13,FALSCH,1295
image_2540.png,6,farmbot_uzk,64,"1727766563,6563","24,52","46,2","3266,6",549,35980416,35980965,FALSCH,"0,295","0,262","0,033","0,011",21,control,"7,93939",,"7,946",4,9,13,WAHR,1295
image_2541.png,6,farmbot_uzk,65,"1727766563,6563","24,52","46,2","3266,6",549,35980416,35980965,FALSCH,"0,16","0,11","0,05","0,007",21,control,"2,2",,"3,7847",4,8,12,WAHR,1296
image_2542.png,6,farmbot_uzk,65,"1727768842,87263","21,39",55,344,62,4063356,4063418,FALSCH,"0,16","0,11","0,05","0,007",21,control,"2,2",,"3,7847",4,8,12,FALSCH,1296
image_2543.png,6,farmbot_uzk,66,"1727768842,87263","21,39",55,344,62,4063356,4063418,FALSCH,"0,144","0,14","0,004","0,016",21,control,35,,"6,7646",3,8,11,FALSCH,1297
image_2544.png,6,farmbot_uzk,66,"1727766563,6563","24,52","46,2","3266,6",549,35980416,35980965,FALSCH,"0,144","0,14","0,004","0,016",21,control,35,,"6,7646",3,8,11,WAHR,1297
image_2545.png,6,farmbot_uzk,67,"1727768923,29756","21,29","55,4","296,7",52,3407978,3408030,FALSCH,"0,122","0,085","0,037","0,005",21,control,"2,2973",,"2,5345",3,9,12,FALSCH,1298
image_2546.png,6,farmbot_uzk,67,"1727766671,25741","24,35","47,2","3262,5",542,35521651,35522193,FALSCH,"0,122","0,085","0,037","0,005",21,control,"2,2973",,"2,5345",3,9,12,WAHR,1298
image_2547.png,6,farmbot_uzk,68,"1727766671,25741","24,35","47,2","3262,5",542,35521651,35522193,FALSCH,"0,236","0,205","0,031","0,008",21,control,"6,6129",,"4,3585",4,9,13,WAHR,1299
image_2548.png,6,farmbot_uzk,68,"1727768923,29756","21,29","55,4","296,7",52,3407978,3408030,FALSCH,"0,236","0,205","0,031","0,008",21,control,"6,6129",,"4,3585",4,9,13,FALSCH,1299
image_2549.png,6,farmbot_uzk,69,"1727766671,25741","24,35","47,2","3262,5",542,35521651,35522193,FALSCH,"0,093","0,074","0,019","0,003",21,drought,"3,89474",,"3,3765",5,8,13,WAHR,1300
image_2550.png,6,farmbot_uzk,69,"1727768923,29756","21,29","55,4","296,7",52,3407978,3408030,FALSCH,"0,093","0,074","0,019","0,003",21,drought,"3,89474",,"3,3765",5,8,13,FALSCH,1300
image_2551.png,6,farmbot_uzk,70,"1727766671,25741","24,35","47,2","3262,5",542,35521651,35522193,FALSCH,"0,064","0,051","0,013","0,006",21,drought,"3,92308",,"2,5137",3,10,13,WAHR,1301
image_2552.png,6,farmbot_uzk,70,"1727768923,29756","21,29","55,4","296,7",52,3407978,3408030,FALSCH,"0,064","0,051","0,013","0,006",21,drought,"3,92308",,"2,5137",3,10,13,FALSCH,1301
image_2553.png,6,farmbot_uzk,71,"1727768923,29756","21,29","55,4","296,7",52,3407978,3408030,FALSCH,"0,106","0,088","0,018","0,011",21,drought,"4,88889",,"5,404",4,9,13,FALSCH,1302
image_2554.png,6,farmbot_uzk,71,"1727766671,25741","24,35","47,2","3262,5",542,35521651,35522193,FALSCH,"0,106","0,088","0,018","0,011",21,drought,"4,88889",,"5,404",4,9,13,WAHR,1302
image_2555.png,6,farmbot_uzk,72,"1727766671,25741","24,35","47,2","3262,5",542,35521651,35522193,FALSCH,"0,151","0,126","0,025","0,008",21,drought,"5,04",,"5,2265",3,10,13,WAHR,1303
image_2556.png,6,farmbot_uzk,72,"1727768923,29756","21,29","55,4","296,7",52,3407978,3408030,FALSCH,"0,151","0,126","0,025","0,008",21,drought,"5,04",,"5,2265",3,10,13,FALSCH,1303
image_2557.png,6,farmbot_uzk,73,"1727769018,33418","21,32","56,1","241,2",42,2752598,2752640,FALSCH,"0,083","0,068","0,015","0,006",21,drought,"4,53333",,"3,2146",4,10,14,FALSCH,1304
image_2558.png,6,farmbot_uzk,73,"1727766771,70411","24,27","47,1","3240,3",545,35718263,35718808,FALSCH,"0,083","0,068","0,015","0,006",21,drought,"4,53333",,"3,2146",4,10,14,WAHR,1304
image_2559.png,6,farmbot_uzk,74,"1727769018,33418","21,32","56,1","241,2",42,2752598,2752640,FALSCH,"0,114","0,104","0,01","0,009",21,drought,"10,4",,"2,3444",4,10,14,FALSCH,1305
image_2560.png,6,farmbot_uzk,74,"1727766771,70411","24,27","47,1","3240,3",545,35718263,35718808,FALSCH,"0,114","0,104","0,01","0,009",21,drought,"10,4",,"2,3444",4,10,14,WAHR,1305
image_2561.png,6,farmbot_uzk,75,"1727766771,70411","24,27","47,1","3240,3",545,35718263,35718808,FALSCH,"0,073","0,055","0,018","0,006",21,drought,"3,05556",,"2,5867",4,8,12,WAHR,1306
image_2562.png,6,farmbot_uzk,75,"1727769018,33418","21,32","56,1","241,2",42,2752598,2752640,FALSCH,"0,073","0,055","0,018","0,006",21,drought,"3,05556",,"2,5867",4,8,12,FALSCH,1306
image_2563.png,6,farmbot_uzk,76,"1727769018,33418","21,32","56,1","241,2",42,2752598,2752640,FALSCH,"0,052","0,038","0,014","0,003",21,drought,"2,71429",,"1,9414",3,10,13,FALSCH,1307
image_2564.png,6,farmbot_uzk,76,"1727766771,70411","24,27","47,1","3240,3",545,35718263,35718808,FALSCH,"0,052","0,038","0,014","0,003",21,drought,"2,71429",,"1,9414",3,10,13,WAHR,1307
image_2565.png,6,farmbot_uzk,77,"1727769018,33418","21,32","56,1","241,2",42,2752598,2752640,FALSCH,"0,078","0,061","0,017","0,006",21,drought,"3,58824",,"2,7557",3,11,14,FALSCH,1308
image_2566.png,6,farmbot_uzk,77,"1727766771,70411","24,27","47,1","3240,3",545,35718263,35718808,FALSCH,"0,078","0,061","0,017","0,006",21,drought,"3,58824",,"2,7557",3,11,14,WAHR,1308
image_2567.png,6,farmbot_uzk,78,"1727766771,70411","24,27","47,1","3240,3",545,35718263,35718808,FALSCH,"0,078","0,058","0,02","0,005",21,drought,"2,9",,"2,988",3,11,14,WAHR,1309
image_2568.png,6,farmbot_uzk,78,"1727769018,33418","21,32","56,1","241,2",42,2752598,2752640,FALSCH,"0,078","0,058","0,02","0,005",21,drought,"2,9",,"2,988",3,11,14,FALSCH,1309
image_2569.png,6,farmbot_uzk,79,"1727766858,52868","24,2","46,7","3175,2",534,34997344,34997878,FALSCH,"0,053","0,038","0,015","0,003",21,drought,"2,53333",,"1,4172",4,7,11,WAHR,1310
image_2570.png,6,farmbot_uzk,79,"1727769097,76814","21,14","55,9",219,38,2490446,2490484,FALSCH,"0,053","0,038","0,015","0,003",21,drought,"2,53333",,"1,4172",4,7,11,FALSCH,1310
image_2571.png,6,farmbot_uzk,80,"1727769097,76814","21,14","55,9",219,38,2490446,2490484,FALSCH,"0,042","0,036","0,006","0,004",21,drought,6,,"2,1137",4,9,13,FALSCH,1311
image_2572.png,6,farmbot_uzk,80,"1727766858,52868","24,2","46,7","3175,2",534,34997344,34997878,FALSCH,"0,042","0,036","0,006","0,004",21,drought,6,,"2,1137",4,9,13,WAHR,1311
image_2573.png,6,farmbot_uzk,81,"1727766858,52868","24,2","46,7","3175,2",534,34997344,34997878,FALSCH,"0,128","0,109","0,019","0,006",21,drought,"5,73684",,"4,8893",3,11,14,WAHR,1312
image_2574.png,6,farmbot_uzk,81,"1727769097,76814","21,14","55,9",219,38,2490446,2490484,FALSCH,"0,128","0,109","0,019","0,006",21,drought,"5,73684",,"4,8893",3,11,14,FALSCH,1312
image_2575.png,6,farmbot_uzk,82,"1727769097,76814","21,14","55,9",219,38,2490446,2490484,FALSCH,"0,044","0,04","0,004","0,006",21,drought,10,,"2,8103",4,8,12,FALSCH,1313
image_2576.png,6,farmbot_uzk,82,"1727766858,52868","24,2","46,7","3175,2",534,34997344,34997878,FALSCH,"0,044","0,04","0,004","0,006",21,drought,10,,"2,8103",4,8,12,WAHR,1313
image_2577.png,6,farmbot_uzk,83,"1727766858,52868","24,2","46,7","3175,2",534,34997344,34997878,FALSCH,"0,084","0,061","0,023","0,006",21,drought,"2,65217",,"2,7654",2,12,14,WAHR,1314
image_2578.png,6,farmbot_uzk,83,"1727769097,76814","21,14","55,9",219,38,2490446,2490484,FALSCH,"0,084","0,061","0,023","0,006",21,drought,"2,65217",,"2,7654",2,12,14,FALSCH,1314
image_2579.png,6,farmbot_uzk,84,"1727766858,52868","24,2","46,7","3175,2",534,34997344,34997878,FALSCH,"0,128","0,115","0,013","0,009",21,drought,"8,84615",,"5,5086",2,13,15,WAHR,1315
image_2580.png,6,farmbot_uzk,84,"1727769097,76814","21,14","55,9",219,38,2490446,2490484,FALSCH,"0,128","0,115","0,013","0,009",21,drought,"8,84615",,"5,5086",2,13,15,FALSCH,1315
image_2581.png,6,farmbot_uzk,85,"1727769267,8643","20,57","57,7",226,40,2621521,2621561,FALSCH,"0,1","0,081","0,019","0,002",21,drought,"4,26316",,"2,5826",4,9,13,FALSCH,1316
image_2582.png,6,farmbot_uzk,85,"1727767049,97828","24,52","47,2","3197,1",535,35062886,35063421,FALSCH,"0,1","0,081","0,019","0,002",21,drought,"4,26316",,"2,5826",4,9,13,WAHR,1316
image_2583.png,6,farmbot_uzk,86,"1727767049,97828","24,52","47,2","3197,1",535,35062886,35063421,FALSCH,"0,109","0,092","0,017","0,006",21,drought,"5,41176",,"4,5237",4,10,14,WAHR,1317
image_2584.png,6,farmbot_uzk,86,"1727769267,8643","20,57","57,7",226,40,2621521,2621561,FALSCH,"0,109","0,092","0,017","0,006",21,drought,"5,41176",,"4,5237",4,10,14,FALSCH,1317
image_2585.png,6,farmbot_uzk,87,"1727769267,8643","20,57","57,7",226,40,2621521,2621561,FALSCH,"0,095","0,071","0,024","0,002",21,drought,"2,95833",,"3,494",4,9,13,FALSCH,1318
image_2586.png,6,farmbot_uzk,87,"1727767049,97828","24,52","47,2","3197,1",535,35062886,35063421,FALSCH,"0,095","0,071","0,024","0,002",21,drought,"2,95833",,"3,494",4,9,13,WAHR,1318
image_2587.png,6,farmbot_uzk,88,"1727769267,8643","20,57","57,7",226,40,2621521,2621561,FALSCH,"0,041","0,033","0,008","0,004",21,drought,"4,125",,"1,4264",2,8,10,FALSCH,1319
image_2588.png,6,farmbot_uzk,88,"1727767049,97828","24,52","47,2","3197,1",535,35062886,35063421,FALSCH,"0,041","0,033","0,008","0,004",21,drought,"4,125",,"1,4264",2,8,10,WAHR,1319
image_2589.png,6,farmbot_uzk,89,"1727767049,97828","24,52","47,2","3197,1",535,35062886,35063421,FALSCH,"0,094","0,078","0,016","0,002",21,drought,"4,875",,"1,9989",3,10,13,WAHR,1320
image_2590.png,6,farmbot_uzk,89,"1727769267,8643","20,57","57,7",226,40,2621521,2621561,FALSCH,"0,094","0,078","0,016","0,002",21,drought,"4,875",,"1,9989",3,10,13,FALSCH,1320
image_2591.png,6,farmbot_uzk,90,"1727767049,97828","24,52","47,2","3197,1",535,35062886,35063421,FALSCH,"0,037","0,034","0,003","0,001",21,drought,"11,33333",,"2,2357",4,9,13,WAHR,1321
image_2592.png,6,farmbot_uzk,90,"1727769267,8643","20,57","57,7",226,40,2621521,2621561,FALSCH,"0,037","0,034","0,003","0,001",21,drought,"11,33333",,"2,2357",4,9,13,FALSCH,1321
image_2593.png,6,farmbot_uzk,91,"1727769364,49365","20,57","58,2",226,40,2621521,2621561,FALSCH,,,,,21,salinity,,,,,,0,FALSCH,1322
image_2594.png,6,farmbot_uzk,91,"1727767140,49937","24,37","46,8","3163,8",529,34669658,34670187,FALSCH,,,,,21,salinity,,,,,,0,WAHR,1322
image_2595.png,6,farmbot_uzk,92,"1727767140,49937","24,37","46,8","3163,8",529,34669658,34670187,FALSCH,,,,,21,salinity,,,,,,0,WAHR,1323
image_2596.png,6,farmbot_uzk,92,"1727769364,49365","20,57","58,2",226,40,2621521,2621561,FALSCH,,,,,21,salinity,,,,,,0,FALSCH,1323
image_2597.png,6,farmbot_uzk,93,"1727769364,49365","20,57","58,2",226,40,2621521,2621561,FALSCH,"0,148","0,08","0,068","0,003",21,salinity,"1,17647",,"1,1918",4,7,11,FALSCH,1324
image_2598.png,6,farmbot_uzk,93,"1727767140,49937","24,37","46,8","3163,8",529,34669658,34670187,FALSCH,"0,148","0,08","0,068","0,003",21,salinity,"1,17647",,"1,1918",4,7,11,WAHR,1324
image_2599.png,6,farmbot_uzk,94,"1727767140,49937","24,37","46,8","3163,8",529,34669658,34670187,FALSCH,"0,057","0,041","0,016","0,003",21,salinity,"2,5625",,"2,4207",3,6,9,WAHR,1325
image_2600.png,6,farmbot_uzk,94,"1727769364,49365","20,57","58,2",226,40,2621521,2621561,FALSCH,"0,057","0,041","0,016","0,003",21,salinity,"2,5625",,"2,4207",3,6,9,FALSCH,1325
image_2601.png,6,farmbot_uzk,95,"1727767140,49937","24,37","46,8","3163,8",529,34669658,34670187,FALSCH,"0,063","0,037","0,026","0,001",21,salinity,"1,42308",,"1,4694",2,6,8,WAHR,1326
image_2602.png,6,farmbot_uzk,95,"1727769364,49365","20,57","58,2",226,40,2621521,2621561,FALSCH,"0,063","0,037","0,026","0,001",21,salinity,"1,42308",,"1,4694",2,6,8,FALSCH,1326
image_2603.png,6,farmbot_uzk,96,"1727769364,49365","20,57","58,2",226,40,2621521,2621561,FALSCH,"0,052","0,042","0,01","0,005",21,salinity,"4,2",,"0,9273",3,5,8,FALSCH,1327
image_2604.png,6,farmbot_uzk,96,"1727767140,49937","24,37","46,8","3163,8",529,34669658,34670187,FALSCH,"0,052","0,042","0,01","0,005",21,salinity,"4,2",,"0,9273",3,5,8,WAHR,1327
image_2605.png,6,farmbot_uzk,97,"1727769467,21281","20,36","58,1",222,40,2621520,2621560,FALSCH,"0,072","0,056","0,016","0,002",21,salinity,"3,5",,"1,4302",4,6,10,FALSCH,1328
image_2606.png,6,farmbot_uzk,97,"1727767241,82143","24,42","47,2","2900,2",494,32375811,32376305,FALSCH,"0,072","0,056","0,016","0,002",21,salinity,"3,5",,"1,4302",4,6,10,WAHR,1328
image_2607.png,6,farmbot_uzk,98,"1727769467,21281","20,36","58,1",222,40,2621520,2621560,FALSCH,"0,022","0,017","0,005","0,001",21,salinity,"3,4",,"1,702",2,6,8,FALSCH,1329
image_2608.png,6,farmbot_uzk,98,"1727767241,82143","24,42","47,2","2900,2",494,32375811,32376305,FALSCH,"0,022","0,017","0,005","0,001",21,salinity,"3,4",,"1,702",2,6,8,WAHR,1329
image_2609.png,6,farmbot_uzk,99,"1727769467,21281","20,36","58,1",222,40,2621520,2621560,FALSCH,"0,033","0,017","0,016","0,002",21,salinity,"1,0625",,"0,4803",1,7,8,FALSCH,1330
image_2610.png,6,farmbot_uzk,99,"1727767241,82143","24,42","47,2","2900,2",494,32375811,32376305,FALSCH,"0,033","0,017","0,016","0,002",21,salinity,"1,0625",,"0,4803",1,7,8,WAHR,1330
image_2611.png,6,farmbot_uzk,100,"1727769467,21281","20,36","58,1",222,40,2621520,2621560,FALSCH,"0,058","0,0454","0,0126","0,002",21,salinity,"3,60317",,"0,5899",2,6,8,FALSCH,1331
image_2612.png,6,farmbot_uzk,100,"1727767241,82143","24,42","47,2","2900,2",494,32375811,32376305,FALSCH,"0,058","0,0454","0,0126","0,002",21,salinity,"3,60317",,"0,5899",2,6,8,WAHR,1331
image_2613.png,6,farmbot_uzk,101,"1727767241,82143","24,42","47,2","2900,2",494,32375811,32376305,FALSCH,"0,049","0,028","0,021","0,001",21,salinity,"1,33333",,"0,8432",2,5,7,WAHR,1332
image_2614.png,6,farmbot_uzk,101,"1727769467,21281","20,36","58,1",222,40,2621520,2621560,FALSCH,"0,049","0,028","0,021","0,001",21,salinity,"1,33333",,"0,8432",2,5,7,FALSCH,1332
image_2615.png,6,farmbot_uzk,102,"1727769467,21281","20,36","58,1",222,40,2621520,2621560,FALSCH,,,,,21,salinity,,,,,,0,FALSCH,1333
image_2616.png,6,farmbot_uzk,102,"1727767241,82143","24,42","47,2","2900,2",494,32375811,32376305,FALSCH,,,,,21,salinity,,,,,,0,WAHR,1333
image_2617.png,6,farmbot_uzk,103,"1727767329,09048","24,2","47,3","2889,1",492,32244735,32245227,FALSCH,"0,078","0,053","0,025","0,005",21,salinity,"2,12",,"0,4695",2,8,10,WAHR,1334
image_2618.png,6,farmbot_uzk,103,"1727769546,59964","20,07",60,226,40,2621521,2621561,FALSCH,"0,078","0,053","0,025","0,005",21,salinity,"2,12",,"0,4695",2,8,10,FALSCH,1334
image_2619.png,6,farmbot_uzk,104,"1727767329,09048","24,2","47,3","2889,1",492,32244735,32245227,FALSCH,"0,054","0,044","0,01","0,002",21,salinity,"4,4",,"1,5846",2,7,9,WAHR,1335
image_2620.png,6,farmbot_uzk,104,"1727769546,59964","20,07",60,226,40,2621521,2621561,FALSCH,"0,054","0,044","0,01","0,002",21,salinity,"4,4",,"1,5846",2,7,9,FALSCH,1335
image_2621.png,6,farmbot_uzk,105,"1727769546,59964","20,07",60,226,40,2621521,2621561,FALSCH,"0,101","0,082","0,019","0,003",21,salinity,"4,31579",,"1,469",3,8,11,FALSCH,1336
image_2622.png,6,farmbot_uzk,105,"1727767329,09048","24,2","47,3","2889,1",492,32244735,32245227,FALSCH,"0,101","0,082","0,019","0,003",21,salinity,"4,31579",,"1,469",3,8,11,WAHR,1336
image_2623.png,6,farmbot_uzk,106,"1727767329,09048","24,2","47,3","2889,1",492,32244735,32245227,FALSCH,"0,056","0,048","0,008","0,002",21,salinity,6,,"2,5424",3,5,8,WAHR,1337
image_2624.png,6,farmbot_uzk,106,"1727769546,59964","20,07",60,226,40,2621521,2621561,FALSCH,"0,056","0,048","0,008","0,002",21,salinity,6,,"2,5424",3,5,8,FALSCH,1337
image_2625.png,6,farmbot_uzk,107,"1727767329,09048","24,2","47,3","2889,1",492,32244735,32245227,FALSCH,"0,05","0,043","0,007","0,006",21,salinity,"6,14286",,"1,4724",3,6,9,WAHR,1338
image_2626.png,6,farmbot_uzk,107,"1727769546,59964","20,07",60,226,40,2621521,2621561,FALSCH,"0,05","0,043","0,007","0,006",21,salinity,"6,14286",,"1,4724",3,6,9,FALSCH,1338
image_2627.png,6,farmbot_uzk,108,"1727769546,59964","20,07",60,226,40,2621521,2621561,FALSCH,"0,059","0,049","0,01","0,004",21,salinity,"4,9",,"1,0901",2,12,14,FALSCH,1339
image_2628.png,6,farmbot_uzk,108,"1727767329,09048","24,2","47,3","2889,1",492,32244735,32245227,FALSCH,"0,059","0,049","0,01","0,004",21,salinity,"4,9",,"1,0901",2,12,14,WAHR,1339
image_2629.png,6,farmbot_uzk_2,57,"1727766458,10102","22,1240558480202","53,4569314106966","3441,888",610,39978194,39978804,FALSCH,"0,228","0,188","0,04","0,012",21,control,"4,7",,"7,5756",3,12,15,FALSCH,1344
image_2630.png,6,farmbot_uzk_2,57,"1727768851,61767","21,9691767757687","55,6298161287862","1307,5584",243,15925724,15925967,FALSCH,"0,228","0,188","0,04","0,012",21,control,"4,7",,"7,5756",3,12,15,WAHR,1344
image_2631.png,6,farmbot_uzk_2,58,"1727766458,10102","22,1240558480202","53,4569314106966","3441,888",610,39978194,39978804,FALSCH,"0,189","0,173","0,016","0,016",21,control,"10,8125",,"7,9506",4,11,15,FALSCH,1345
image_2632.png,6,farmbot_uzk_2,58,"1727768851,61767","21,9691767757687","55,6298161287862","1307,5584",243,15925724,15925967,FALSCH,"0,189","0,173","0,016","0,016",21,control,"10,8125",,"7,9506",4,11,15,WAHR,1345
image_2633.png,6,farmbot_uzk_2,59,"1727766458,10102","22,1240558480202","53,4569314106966","3441,888",610,39978194,39978804,FALSCH,"0,116","0,096","0,02","0,007",21,control,"4,8",,"4,0209",3,9,12,FALSCH,1346
image_2634.png,6,farmbot_uzk_2,59,"1727768851,61767","21,9691767757687","55,6298161287862","1307,5584",243,15925724,15925967,FALSCH,"0,116","0,096","0,02","0,007",21,control,"4,8",,"4,0209",3,9,12,WAHR,1346
image_2635.png,6,farmbot_uzk_2,60,"1727768851,61767","21,9691767757687","55,6298161287862","1307,5584",243,15925724,15925967,FALSCH,"0,12","0,103","0,017","0,008",21,control,"6,05882",,"3,5754",3,8,11,WAHR,1347
image_2636.png,6,farmbot_uzk_2,60,"1727766458,10102","22,1240558480202","53,4569314106966","3441,888",610,39978194,39978804,FALSCH,"0,12","0,103","0,017","0,008",21,control,"6,05882",,"3,5754",3,8,11,FALSCH,1347
image_2637.png,6,farmbot_uzk_2,61,"1727766512,66261","21,9985503929198","54,0474555580987","3461,472",615,40305882,40306497,FALSCH,"0,194","0,172","0,022","0,0015",21,control,"7,81818",,"7,5362",4,12,16,FALSCH,1348
image_2638.png,6,farmbot_uzk_2,61,"1727768912,70687","21,8436713206684","55,4711223010605","1260,5568",236,15466956,15467192,FALSCH,"0,194","0,172","0,022","0,0015",21,control,"7,81818",,"7,5362",4,12,16,WAHR,1348
image_2639.png,6,farmbot_uzk_2,62,"1727766512,66261","21,9985503929198","54,0474555580987","3461,472",615,40305882,40306497,FALSCH,"0,267","0,246","0,021","0,018",21,control,"11,71429",,"9,2438",3,10,13,FALSCH,1349
image_2640.png,6,farmbot_uzk_2,62,"1727768912,70687","21,8436713206684","55,4711223010605","1260,5568",236,15466956,15467192,FALSCH,"0,267","0,246","0,021","0,018",21,control,"11,71429",,"9,2438",3,10,13,WAHR,1349
image_2641.png,6,farmbot_uzk_2,63,"1727766512,66261","21,9985503929198","54,0474555580987","3461,472",615,40305882,40306497,FALSCH,"0,186","0,16","0,026","0,013",21,control,"6,15385",,"7,3225",3,9,12,FALSCH,1350
image_2642.png,6,farmbot_uzk_2,63,"1727768912,70687","21,8436713206684","55,4711223010605","1260,5568",236,15466956,15467192,FALSCH,"0,186","0,16","0,026","0,013",21,control,"6,15385",,"7,3225",3,9,12,WAHR,1350
image_2643.png,6,farmbot_uzk_2,64,"1727768912,70687","21,8436713206684","55,4711223010605","1260,5568",236,15466956,15467192,FALSCH,"0,146","0,126","0,02","0,009",21,control,"6,3",,"4,2701",4,9,13,WAHR,1351
image_2644.png,6,farmbot_uzk_2,64,"1727766512,66261","21,9985503929198","54,0474555580987","3461,472",615,40305882,40306497,FALSCH,"0,146","0,126","0,02","0,009",21,control,"6,3",,"4,2701",4,9,13,FALSCH,1351
image_2645.png,6,farmbot_uzk_2,65,"1727766512,66261","21,9985503929198","54,0474555580987","3461,472",615,40305882,40306497,FALSCH,"0,242","0,222","0,02","0,017",21,control,"11,1",,"9,464",2,13,15,FALSCH,1352
image_2646.png,6,farmbot_uzk_2,65,"1727768912,70687","21,8436713206684","55,4711223010605","1260,5568",236,15466956,15467192,FALSCH,"0,242","0,222","0,02","0,017",21,control,"11,1",,"9,464",2,13,15,WAHR,1352
image_2647.png,6,farmbot_uzk_2,66,"1727768912,70687","21,8436713206684","55,4711223010605","1260,5568",236,15466956,15467192,FALSCH,"0,253","0,217","0,036","0,018",21,control,"6,02778",,"9,4215",3,11,14,WAHR,1353
image_2648.png,6,farmbot_uzk_2,66,"1727766512,66261","21,9985503929198","54,0474555580987","3461,472",615,40305882,40306497,FALSCH,"0,253","0,217","0,036","0,018",21,control,"6,02778",,"9,4215",3,11,14,FALSCH,1353
image_2649.png,6,farmbot_uzk_2,67,"1727768969,78118","21,6994735637446","55,9243152513924","1231,344",230,15073729,15073959,FALSCH,"0,15","0,135","0,015","0,012",21,control,9,,"6,3567",2,10,12,WAHR,1354
image_2650.png,6,farmbot_uzk_2,67,"1727766576,98366","21,9691767757687","53,9192797741665","3478,1184",618,40502496,40503114,FALSCH,"0,15","0,135","0,015","0,012",21,control,9,,"6,3567",2,10,12,FALSCH,1354
image_2651.png,6,farmbot_uzk_2,68,"1727766576,98366","21,9691767757687","53,9192797741665","3478,1184",618,40502496,40503114,FALSCH,"0,156","0,135","0,021","0,009",21,control,"6,42857",,"6,1725",4,9,13,FALSCH,1355
image_2652.png,6,farmbot_uzk_2,68,"1727768969,78118","21,6994735637446","55,9243152513924","1231,344",230,15073729,15073959,FALSCH,"0,156","0,135","0,021","0,009",21,control,"6,42857",,"6,1725",4,9,13,WAHR,1355
image_2653.png,6,farmbot_uzk_2,69,"1727766576,98366","21,9691767757687","53,9192797741665","3478,1184",618,40502496,40503114,FALSCH,"0,123","0,11","0,013","0,009",21,drought,"8,46154",,"5,126",3,10,13,FALSCH,1356
image_2654.png,6,farmbot_uzk_2,69,"1727768969,78118","21,6994735637446","55,9243152513924","1231,344",230,15073729,15073959,FALSCH,"0,123","0,11","0,013","0,009",21,drought,"8,46154",,"5,126",3,10,13,WAHR,1356
image_2655.png,6,farmbot_uzk_2,70,"1727766576,98366","21,9691767757687","53,9192797741665","3478,1184",618,40502496,40503114,FALSCH,"0,098","0,087","0,011","0,007",21,drought,"7,90909",,"4,6592",2,9,11,FALSCH,1357
image_2656.png,6,farmbot_uzk_2,70,"1727768969,78118","21,6994735637446","55,9243152513924","1231,344",230,15073729,15073959,FALSCH,"0,098","0,087","0,011","0,007",21,drought,"7,90909",,"4,6592",2,9,11,WAHR,1357
image_2657.png,6,farmbot_uzk_2,71,"1727766576,98366","21,9691767757687","53,9192797741665","3478,1184",618,40502496,40503114,FALSCH,"0,234","0,212","0,022","0,018",21,drought,"9,63636",,"9,4205",3,12,15,FALSCH,1358
image_2658.png,6,farmbot_uzk_2,71,"1727768969,78118","21,6994735637446","55,9243152513924","1231,344",230,15073729,15073959,FALSCH,"0,234","0,212","0,022","0,018",21,drought,"9,63636",,"9,4205",3,12,15,WAHR,1358
image_2659.png,6,farmbot_uzk_2,72,"1727768969,78118","21,6994735637446","55,9243152513924","1231,344",230,15073729,15073959,FALSCH,"0,132","0,119","0,013","0,008",21,drought,"9,15385",,"5,0723",4,11,15,WAHR,1359
image_2660.png,6,farmbot_uzk_2,72,"1727766576,98366","21,9691767757687","53,9192797741665","3478,1184",618,40502496,40503114,FALSCH,"0,132","0,119","0,013","0,008",21,drought,"9,15385",,"5,0723",4,11,15,FALSCH,1359
image_2661.png,6,farmbot_uzk_2,73,"1727766638,48667","21,9985503929198","54,207675288014","3493,296",620,40633573,40634193,FALSCH,"0,102","0,071","0,031","0,01",21,drought,"2,29032",,"2,1701",2,10,12,FALSCH,1360
image_2662.png,6,farmbot_uzk_2,73,"1727769032,97461","20,8823529411765","57,4837872892348","1175,856",220,14418349,14418569,FALSCH,"0,102","0,071","0,031","0,01",21,drought,"2,29032",,"2,1701",2,10,12,WAHR,1360
image_2663.png,6,farmbot_uzk_2,74,"1727766638,48667","21,9985503929198","54,207675288014","3493,296",620,40633573,40634193,FALSCH,"0,088","0,056","0,032","0,005",21,drought,"1,75",,"3,3103",2,10,12,FALSCH,1361
image_2664.png,6,farmbot_uzk_2,74,"1727769032,97461","20,8823529411765","57,4837872892348","1175,856",220,14418349,14418569,FALSCH,"0,088","0,056","0,032","0,005",21,drought,"1,75",,"3,3103",2,10,12,WAHR,1361
image_2665.png,6,farmbot_uzk_2,75,"1727766638,48667","21,9985503929198","54,207675288014","3493,296",620,40633573,40634193,FALSCH,"0,061","0,049","0,012","0,003",21,drought,"4,08333",,"2,3211",3,8,11,FALSCH,1362
image_2666.png,6,farmbot_uzk_2,75,"1727769032,97461","20,8823529411765","57,4837872892348","1175,856",220,14418349,14418569,FALSCH,"0,061","0,049","0,012","0,003",21,drought,"4,08333",,"2,3211",3,8,11,WAHR,1362
image_2667.png,6,farmbot_uzk_2,76,"1727769032,97461","20,8823529411765","57,4837872892348","1175,856",220,14418349,14418569,FALSCH,"0,081","0,073","0,008","0,006",21,drought,"9,125",,"3,7319",4,10,14,WAHR,1363
image_2668.png,6,farmbot_uzk_2,76,"1727766638,48667","21,9985503929198","54,207675288014","3493,296",620,40633573,40634193,FALSCH,"0,081","0,073","0,008","0,006",21,drought,"9,125",,"3,7319",4,10,14,FALSCH,1363
image_2669.png,6,farmbot_uzk_2,77,"1727769032,97461","20,8823529411765","57,4837872892348","1175,856",220,14418349,14418569,FALSCH,"0,142","0,107","0,035","0,004",21,drought,"3,05714",,"3,4178",3,6,9,WAHR,1364
image_2670.png,6,farmbot_uzk_2,77,"1727766638,48667","21,9985503929198","54,207675288014","3493,296",620,40633573,40634193,FALSCH,"0,142","0,107","0,035","0,004",21,drought,"3,05714",,"3,4178",3,6,9,FALSCH,1364
image_2671.png,6,farmbot_uzk_2,78,"1727766638,48667","21,9985503929198","54,207675288014","3493,296",620,40633573,40634193,FALSCH,"0,044","0,043","0,001","0,002",21,drought,43,,"2,2463",4,7,11,FALSCH,1365
image_2672.png,6,farmbot_uzk_2,78,"1727769032,97461","20,8823529411765","57,4837872892348","1175,856",220,14418349,14418569,FALSCH,"0,044","0,043","0,001","0,002",21,drought,43,,"2,2463",4,7,11,WAHR,1365
image_2673.png,6,farmbot_uzk_2,79,"1727769088,53026","20,9117265583276","58,7747005416953","1159,2096",217,14221735,14221952,FALSCH,"0,07","0,04","0,03","0,006",21,drought,"1,33333",,"1,8356",4,7,11,WAHR,1366
image_2674.png,6,farmbot_uzk_2,79,"1727766743,78151","22,196154726482","53,4569314106966","3447,4368",611,40043732,40044343,FALSCH,"0,07","0,04","0,03","0,006",21,drought,"1,33333",,"1,8356",4,7,11,FALSCH,1366
image_2675.png,6,farmbot_uzk_2,80,"1727769088,53026","20,9117265583276","58,7747005416953","1159,2096",217,14221735,14221952,FALSCH,"0,103","0,076","0,027","0,006",21,drought,"2,81481",,"3,9283",4,8,12,WAHR,1367
image_2676.png,6,farmbot_uzk_2,80,"1727766743,78151","22,196154726482","53,4569314106966","3447,4368",611,40043732,40044343,FALSCH,"0,103","0,076","0,027","0,006",21,drought,"2,81481",,"3,9283",4,8,12,FALSCH,1367
image_2677.png,6,farmbot_uzk_2,81,"1727769088,53026","20,9117265583276","58,7747005416953","1159,2096",217,14221735,14221952,FALSCH,"0,058","0,047","0,011","0,004",21,drought,"4,27273",,"2,3383",1,8,9,WAHR,1368
image_2678.png,6,farmbot_uzk_2,81,"1727766743,78151","22,196154726482","53,4569314106966","3447,4368",611,40043732,40044343,FALSCH,"0,058","0,047","0,011","0,004",21,drought,"4,27273",,"2,3383",1,8,9,FALSCH,1368
image_2679.png,6,farmbot_uzk_2,82,"1727769088,53026","20,9117265583276","58,7747005416953","1159,2096",217,14221735,14221952,FALSCH,"0,046","0,042","0,004","0,004",21,drought,"10,5",,"1,8497",4,7,11,WAHR,1369
image_2680.png,6,farmbot_uzk_2,82,"1727766743,78151","22,196154726482","53,4569314106966","3447,4368",611,40043732,40044343,FALSCH,"0,046","0,042","0,004","0,004",21,drought,"10,5",,"1,8497",4,7,11,FALSCH,1369
image_2681.png,6,farmbot_uzk_2,83,"1727769088,53026","20,9117265583276","58,7747005416953","1159,2096",217,14221735,14221952,FALSCH,"0,165","0,126","0,039","0,008",21,drought,"3,23077",,"4,5036",4,10,14,WAHR,1370
image_2682.png,6,farmbot_uzk_2,83,"1727766743,78151","22,196154726482","53,4569314106966","3447,4368",611,40043732,40044343,FALSCH,"0,165","0,126","0,039","0,008",21,drought,"3,23077",,"4,5036",4,10,14,FALSCH,1370
image_2683.png,6,farmbot_uzk_2,84,"1727769088,53026","20,9117265583276","58,7747005416953","1159,2096",217,14221735,14221952,FALSCH,"0,069","0,052","0,017","0,007",21,drought,"3,05882",,"2,4145",3,8,11,WAHR,1371
image_2684.png,6,farmbot_uzk_2,84,"1727766743,78151","22,196154726482","53,4569314106966","3447,4368",611,40043732,40044343,FALSCH,"0,069","0,052","0,017","0,007",21,drought,"3,05882",,"2,4145",3,8,11,FALSCH,1371
image_2685.png,6,farmbot_uzk_2,85,"1727769177,08384","20,9945067521172","58,4832532234684","1138,4832",214,14025120,14025334,FALSCH,"0,105","0,074","0,031","0,005",21,drought,"2,3871",,"2,5002",3,9,12,WAHR,1372
image_2686.png,6,farmbot_uzk_2,85,"1727766849,46475","22,4792095826658","53,0571450370031","3229,5648",571,37422213,37422784,FALSCH,"0,105","0,074","0,031","0,005",21,drought,"2,3871",,"2,5002",3,9,12,FALSCH,1372
image_2687.png,6,farmbot_uzk_2,86,"1727766849,46475","22,4792095826658","53,0571450370031","3229,5648",571,37422213,37422784,FALSCH,"0,077","0,071","0,006","0,007",21,drought,"11,83333",,"4,2459",4,7,11,FALSCH,1373
image_2688.png,6,farmbot_uzk_2,86,"1727769177,08384","20,9945067521172","58,4832532234684","1138,4832",214,14025120,14025334,FALSCH,"0,077","0,071","0,006","0,007",21,drought,"11,83333",,"4,2459",4,7,11,WAHR,1373
image_2689.png,6,farmbot_uzk_2,87,"1727766849,46475","22,4792095826658","53,0571450370031","3229,5648",571,37422213,37422784,FALSCH,"0,074","0,053","0,021","0,002",21,drought,"2,52381",,"2,2874",3,7,10,FALSCH,1374
image_2690.png,6,farmbot_uzk_2,87,"1727769177,08384","20,9945067521172","58,4832532234684","1138,4832",214,14025120,14025334,FALSCH,"0,074","0,053","0,021","0,002",21,drought,"2,52381",,"2,2874",3,7,10,WAHR,1374
image_2691.png,6,farmbot_uzk_2,88,"1727766849,46475","22,4792095826658","53,0571450370031","3229,5648",571,37422213,37422784,FALSCH,"0,06","0,059","0,001","0,005",21,drought,59,,"3,3063",4,10,14,FALSCH,1375
image_2692.png,6,farmbot_uzk_2,88,"1727769177,08384","20,9945067521172","58,4832532234684","1138,4832",214,14025120,14025334,FALSCH,"0,06","0,059","0,001","0,005",21,drought,59,,"3,3063",4,10,14,WAHR,1375
image_2693.png,6,farmbot_uzk_2,89,"1727769177,08384","20,9945067521172","58,4832532234684","1138,4832",214,14025120,14025334,FALSCH,"0,06","0,048","0,012","0,002",21,drought,4,,"1,9874",3,6,9,WAHR,1376
image_2694.png,6,farmbot_uzk_2,89,"1727766849,46475","22,4792095826658","53,0571450370031","3229,5648",571,37422213,37422784,FALSCH,"0,06","0,048","0,012","0,002",21,drought,4,,"1,9874",3,6,9,FALSCH,1376
image_2695.png,6,farmbot_uzk_2,90,"1727766849,46475","22,4792095826658","53,0571450370031","3229,5648",571,37422213,37422784,FALSCH,"0,058","0,053","0,005","0,003",21,drought,"10,6",,"3,3108",3,9,12,FALSCH,1377
image_2696.png,6,farmbot_uzk_2,90,"1727769177,08384","20,9945067521172","58,4832532234684","1138,4832",214,14025120,14025334,FALSCH,"0,058","0,053","0,005","0,003",21,drought,"10,6",,"3,3108",3,9,12,WAHR,1377
image_2697.png,6,farmbot_uzk_2,91,"1727769233,0695","21,1654077973602","58,6739909971771","1156,5984",218,14287271,14287489,FALSCH,"0,011","0,01","0,001","0,002",21,salinity,10,,"0,3343",2,3,5,WAHR,1378
image_2698.png,6,farmbot_uzk_2,91,"1727766916,09375","22,4792095826658","52,623788815137","3267,264",580,38012052,38012632,FALSCH,"0,011","0,01","0,001","0,002",21,salinity,10,,"0,3343",2,3,5,FALSCH,1378
image_2699.png,6,farmbot_uzk_2,92,"1727769233,0695","21,1654077973602","58,6739909971771","1156,5984",218,14287271,14287489,FALSCH,,,,,21,salinity,,,,,,0,WAHR,1379
image_2700.png,6,farmbot_uzk_2,92,"1727766916,09375","22,4792095826658","52,623788815137","3267,264",580,38012052,38012632,FALSCH,,,,,21,salinity,,,,,,0,FALSCH,1379
image_2701.png,6,farmbot_uzk_2,93,"1727769233,0695","21,1654077973602","58,6739909971771","1156,5984",218,14287271,14287489,FALSCH,"0,047","0,034","0,013","0,001",21,salinity,"2,61538",,"0,9649",2,6,8,WAHR,1380
image_2702.png,6,farmbot_uzk_2,93,"1727766916,09375","22,4792095826658","52,623788815137","3267,264",580,38012052,38012632,FALSCH,"0,047","0,034","0,013","0,001",21,salinity,"2,61538",,"0,9649",2,6,8,FALSCH,1380
image_2703.png,6,farmbot_uzk_2,94,"1727769233,0695","21,1654077973602","58,6739909971771","1156,5984",218,14287271,14287489,FALSCH,,,,,21,salinity,,,,,,0,WAHR,1381
image_2704.png,6,farmbot_uzk_2,94,"1727766916,09375","22,4792095826658","52,623788815137","3267,264",580,38012052,38012632,FALSCH,,,,,21,salinity,,,,,,0,FALSCH,1381
image_2705.png,6,farmbot_uzk_2,95,"1727766916,09375","22,4792095826658","52,623788815137","3267,264",580,38012052,38012632,FALSCH,,,,,21,salinity,,,,,,0,FALSCH,1382
image_2706.png,6,farmbot_uzk_2,95,"1727769233,0695","21,1654077973602","58,6739909971771","1156,5984",218,14287271,14287489,FALSCH,,,,,21,salinity,,,,,,0,WAHR,1382
image_2707.png,6,farmbot_uzk_2,96,"1727766916,09375","22,4792095826658","52,623788815137","3267,264",580,38012052,38012632,FALSCH,"0,018","0,012","0,006","0,002",21,salinity,2,,"1,8417",0,4,4,FALSCH,1383
image_2708.png,6,farmbot_uzk_2,96,"1727769233,0695","21,1654077973602","58,6739909971771","1156,5984",218,14287271,14287489,FALSCH,"0,018","0,012","0,006","0,002",21,salinity,2,,"1,8417",0,4,4,WAHR,1383
image_2709.png,6,farmbot_uzk_2,97,"1727769300,10319","21,2935835812924","58,0392156862745","1166,2272",219,14352810,14353029,FALSCH,"0,037","0,012","0,025","0,001",21,salinity,"0,48",,"0,4252",0,4,4,WAHR,1384
image_2710.png,6,farmbot_uzk_2,97,"1727766974,976","22,2228580148013","53,7438010223545","3406,8",600,39322819,39323419,FALSCH,"0,037","0,012","0,025","0,001",21,salinity,"0,48",,"0,4252",0,4,4,FALSCH,1384
image_2711.png,6,farmbot_uzk_2,98,"1727766974,976","22,2228580148013","53,7438010223545","3406,8",600,39322819,39323419,FALSCH,"0,09","0,08","0,01","0,004",21,salinity,8,,"3,1776",4,8,12,FALSCH,1385
image_2712.png,6,farmbot_uzk_2,98,"1727769300,10319","21,2935835812924","58,0392156862745","1166,2272",219,14352810,14353029,FALSCH,"0,09","0,08","0,01","0,004",21,salinity,8,,"3,1776",4,8,12,WAHR,1385
image_2713.png,6,farmbot_uzk_2,99,"1727766974,976","22,2228580148013","53,7438010223545","3406,8",600,39322819,39323419,FALSCH,"0,122","0,066","0,056","0,001",21,salinity,"1,17857",,"2,3923",3,7,10,FALSCH,1386
image_2714.png,6,farmbot_uzk_2,99,"1727769300,10319","21,2935835812924","58,0392156862745","1166,2272",219,14352810,14353029,FALSCH,"0,122","0,066","0,056","0,001",21,salinity,"1,17857",,"2,3923",3,7,10,WAHR,1386
image_2715.png,6,farmbot_uzk_2,100,"1727769300,10319","21,2935835812924","58,0392156862745","1166,2272",219,14352810,14353029,FALSCH,"0,074","0,062","0,012","0,002",21,salinity,"5,16667",,"1,8492",3,6,9,WAHR,1387
image_2716.png,6,farmbot_uzk_2,100,"1727766974,976","22,2228580148013","53,7438010223545","3406,8",600,39322819,39323419,FALSCH,"0,074","0,062","0,012","0,002",21,salinity,"5,16667",,"1,8492",3,6,9,FALSCH,1387
image_2717.png,6,farmbot_uzk_2,101,"1727766974,976","22,2228580148013","53,7438010223545","3406,8",600,39322819,39323419,FALSCH,"0,065","0,06","0,005","0,002",21,salinity,12,,"1,9769",4,5,9,FALSCH,1388
image_2718.png,6,farmbot_uzk_2,101,"1727769300,10319","21,2935835812924","58,0392156862745","1166,2272",219,14352810,14353029,FALSCH,"0,065","0,06","0,005","0,002",21,salinity,12,,"1,9769",4,5,9,WAHR,1388
image_2719.png,6,farmbot_uzk_2,102,"1727769300,10319","21,2935835812924","58,0392156862745","1166,2272",219,14352810,14353029,FALSCH,"0,057","0,047","0,01","0,002",21,salinity,"4,7",,"1,2127",0,5,5,WAHR,1389
image_2720.png,6,farmbot_uzk_2,102,"1727766974,976","22,2228580148013","53,7438010223545","3406,8",600,39322819,39323419,FALSCH,"0,057","0,047","0,01","0,002",21,salinity,"4,7",,"1,2127",0,5,5,FALSCH,1389
image_2721.png,6,farmbot_uzk_2,103,"1727767039,82725","21,6727702754254","55,6389715419242","3415,2864",603,39519431,39520034,FALSCH,"0,01","0,007","0,003","0,001",21,salinity,"2,33333",,"0,2883",2,3,5,FALSCH,1390
image_2722.png,6,farmbot_uzk_2,103,"1727769386,49942","20,967803463798","59,1683833066301","1188,4224",223,14614962,14615185,FALSCH,"0,01","0,007","0,003","0,001",21,salinity,"2,33333",,"0,2883",2,3,5,WAHR,1390
image_2723.png,6,farmbot_uzk_2,104,"1727767039,82725","21,6727702754254","55,6389715419242","3415,2864",603,39519431,39520034,FALSCH,"0,113","0,099","0,014","0,004",21,salinity,"7,07143",,"2,7412",0,10,10,FALSCH,1391
image_2724.png,6,farmbot_uzk_2,104,"1727769386,49942","20,967803463798","59,1683833066301","1188,4224",223,14614962,14615185,FALSCH,"0,113","0,099","0,014","0,004",21,salinity,"7,07143",,"2,7412",0,10,10,WAHR,1391
image_2725.png,6,farmbot_uzk_2,105,"1727767039,82725","21,6727702754254","55,6389715419242","3415,2864",603,39519431,39520034,FALSCH,,,,,21,salinity,,,,,,0,FALSCH,1392
image_2726.png,6,farmbot_uzk_2,105,"1727769386,49942","20,967803463798","59,1683833066301","1188,4224",223,14614962,14615185,FALSCH,,,,,21,salinity,,,,,,0,WAHR,1392
image_2727.png,6,farmbot_uzk_2,106,"1727769386,49942","20,967803463798","59,1683833066301","1188,4224",223,14614962,14615185,FALSCH,"0,116","0,101","0,015","0,005",21,salinity,"6,73333",,"3,1283",0,8,8,WAHR,1393
image_2728.png,6,farmbot_uzk_2,106,"1727767039,82725","21,6727702754254","55,6389715419242","3415,2864",603,39519431,39520034,FALSCH,"0,116","0,101","0,015","0,005",21,salinity,"6,73333",,"3,1283",0,8,8,FALSCH,1393
image_2729.png,6,farmbot_uzk_2,107,"1727769386,49942","20,967803463798","59,1683833066301","1188,4224",223,14614962,14615185,FALSCH,"0,048","0,047","0,001",0,21,salinity,47,,"1,3824",4,6,10,WAHR,1394
image_2730.png,6,farmbot_uzk_2,107,"1727767039,82725","21,6727702754254","55,6389715419242","3415,2864",603,39519431,39520034,FALSCH,"0,048","0,047","0,001",0,21,salinity,47,,"1,3824",4,6,10,FALSCH,1394
image_2731.png,6,farmbot_uzk_2,108,"1727769386,49942","20,967803463798","59,1683833066301","1188,4224",223,14614962,14615185,FALSCH,"0,014","0,011","0,003","0,001",21,salinity,"3,66667",,"0,1564",0,4,4,WAHR,1395
image_2732.png,6,farmbot_uzk_2,108,"1727767039,82725","21,6727702754254","55,6389715419242","3415,2864",603,39519431,39520034,FALSCH,"0,014","0,011","0,003","0,001",21,salinity,"3,66667",,"0,1564",0,4,4,FALSCH,1395
image_2733.png,6,farmbot_uzk_2,109,"1727769450,77067","21,0372320134279","58,8662546730755","1186,9536",222,14549425,14549647,FALSCH,"0,084","0,058","0,026","0,002",21,salinity,"2,23077",,"1,5496",2,8,10,WAHR,1396
image_2734.png,6,farmbot_uzk_2,109,"1727767113,53934","21,7608911268788","55,2788586251621","3419,6928",606,39716042,39716648,FALSCH,"0,084","0,058","0,026","0,002",21,salinity,"2,23077",,"1,5496",2,8,10,FALSCH,1396
image_2735.png,6,farmbot_uzk_2,110,"1727767113,53934","21,7608911268788","55,2788586251621","3419,6928",606,39716042,39716648,FALSCH,,,,,21,salinity,,,,,,0,FALSCH,1397
image_2736.png,6,farmbot_uzk_2,110,"1727769450,77067","21,0372320134279","58,8662546730755","1186,9536",222,14549425,14549647,FALSCH,,,,,21,salinity,,,,,,0,WAHR,1397
image_2737.png,6,farmbot_uzk_2,111,"1727767113,53934","21,7608911268788","55,2788586251621","3419,6928",606,39716042,39716648,FALSCH,"0,115","0,107","0,008","0,003",21,salinity,"13,375",,"2,9343",1,7,8,FALSCH,1398
image_2738.png,6,farmbot_uzk_2,111,"1727769450,77067","21,0372320134279","58,8662546730755","1186,9536",222,14549425,14549647,FALSCH,"0,115","0,107","0,008","0,003",21,salinity,"13,375",,"2,9343",1,7,8,WAHR,1398
image_2739.png,6,farmbot_uzk_2,112,"1727767113,53934","21,7608911268788","55,2788586251621","3419,6928",606,39716042,39716648,FALSCH,"0,055","0,052","0,003","0,003",21,salinity,"17,33333",,"1,1783",1,7,8,FALSCH,1399
image_2740.png,6,farmbot_uzk_2,112,"1727769450,77067","21,0372320134279","58,8662546730755","1186,9536",222,14549425,14549647,FALSCH,"0,055","0,052","0,003","0,003",21,salinity,"17,33333",,"1,1783",1,7,8,WAHR,1399
image_2741.png,6,farmbot_uzk_2,113,"1727767113,53934","21,7608911268788","55,2788586251621","3419,6928",606,39716042,39716648,FALSCH,,,,,,,,,,,,,FALSCH,
image_2742.png,6,farmbot_uzk_2,113,"1727769450,77067","21,0372320134279","58,8662546730755","1186,9536",222,14549425,14549647,FALSCH,,,,,,,,,,,,,WAHR,
image_2743.png,6,farmbot_uzk_2,114,"1727767113,53934","21,7608911268788","55,2788586251621","3419,6928",606,39716042,39716648,FALSCH,,,,,,,,,,,,,FALSCH,
image_2744.png,6,farmbot_uzk_2,114,"1727769450,77067","21,0372320134279","58,8662546730755","1186,9536",222,14549425,14549647,FALSCH,,,,,,,,,,,,,WAHR,
image_2745.png,7,farmbot_uzk,113,"1727852371,37973","18,29","64,1","187,7",25,1638462,1638487,FALSCH,"0,051","0,045","0,006","0,004",14,control,"7,5","2,319",,4,8,12,FALSCH,1400
image_2746.png,7,farmbot_uzk,113,"1727854760,29614","20,91","53,1","3116,1",541,35456086,35456627,FALSCH,"0,051","0,045","0,006","0,004",14,control,"7,5","2,319",,4,8,12,WAHR,1400
image_2747.png,7,farmbot_uzk,114,"1727854760,29614","20,91","53,1","3116,1",541,35456086,35456627,FALSCH,"0,08","0,072","0,008","0,004",14,control,9,"3,2184",,4,8,12,WAHR,1401
image_2748.png,7,farmbot_uzk,114,"1727852371,37973","18,29","64,1","187,7",25,1638462,1638487,FALSCH,"0,08","0,072","0,008","0,004",14,control,9,"3,2184",,4,8,12,FALSCH,1401
image_2749.png,7,farmbot_uzk,115,"1727854842,51958","20,98","52,7","3032,6",523,34276406,34276929,FALSCH,"0,076","0,061","0,015","0,001",14,control,"4,06667","2,1929",,4,8,12,WAHR,1402
image_2750.png,7,farmbot_uzk,115,"1727852455,20228","18,19","63,9","189,1",26,1703999,1704025,FALSCH,"0,076","0,061","0,015","0,001",14,control,"4,06667","2,1929",,4,8,12,FALSCH,1402
image_2751.png,7,farmbot_uzk,116,"1727854842,51958","20,98","52,7","3032,6",523,34276406,34276929,FALSCH,"0,056","0,04","0,016",0,14,control,"2,5","1,3875",,4,6,10,WAHR,1403
image_2752.png,7,farmbot_uzk,116,"1727852455,20228","18,19","63,9","189,1",26,1703999,1704025,FALSCH,"0,056","0,04","0,016",0,14,control,"2,5","1,3875",,4,6,10,FALSCH,1403
image_2753.png,7,farmbot_uzk,117,"1727852455,20228","18,19","63,9","189,1",26,1703999,1704025,FALSCH,"0,074","0,05","0,024","0,002",14,control,"2,08333","2,0876",,3,8,11,FALSCH,1404
image_2754.png,7,farmbot_uzk,117,"1727854842,51958","20,98","52,7","3032,6",523,34276406,34276929,FALSCH,"0,074","0,05","0,024","0,002",14,control,"2,08333","2,0876",,3,8,11,WAHR,1404
image_2755.png,7,farmbot_uzk,118,"1727852455,20228","18,19","63,9","189,1",26,1703999,1704025,FALSCH,"0,069","0,049","0,02",0,14,control,"2,45","5,6391",,2,6,8,FALSCH,1405
image_2756.png,7,farmbot_uzk,118,"1727854842,51958","20,98","52,7","3032,6",523,34276406,34276929,FALSCH,"0,069","0,049","0,02",0,14,control,"2,45","5,6391",,2,6,8,WAHR,1405
image_2757.png,7,farmbot_uzk,119,"1727854842,51958","20,98","52,7","3032,6",523,34276406,34276929,FALSCH,"0,039","0,031","0,008",0,14,control,"3,875","3,567",,3,7,10,WAHR,1406
image_2758.png,7,farmbot_uzk,119,"1727852455,20228","18,19","63,9","189,1",26,1703999,1704025,FALSCH,"0,039","0,031","0,008",0,14,control,"3,875","3,567",,3,7,10,FALSCH,1406
image_2759.png,7,farmbot_uzk,120,"1727852455,20228","18,19","63,9","189,1",26,1703999,1704025,FALSCH,"0,043","0,031","0,012","0,001",14,control,"2,58333","4,1195",,3,7,10,FALSCH,1407
image_2760.png,7,farmbot_uzk,120,"1727854842,51958","20,98","52,7","3032,6",523,34276406,34276929,FALSCH,"0,043","0,031","0,012","0,001",14,control,"2,58333","4,1195",,3,7,10,WAHR,1407
image_2761.png,7,farmbot_uzk,121,"1727852542,41403","18,08","63,8","201,7",29,1900612,1900641,FALSCH,"0,024","0,016","0,008","0,001",14,control,2,"0,7815",,3,5,8,FALSCH,1408
image_2762.png,7,farmbot_uzk,121,"1727854931,83678","21,09","51,7","3070,3",532,34866245,34866777,FALSCH,"0,024","0,016","0,008","0,001",14,control,2,"0,7815",,3,5,8,WAHR,1408
image_2763.png,7,farmbot_uzk,122,"1727854931,83678","21,09","51,7","3070,3",532,34866245,34866777,FALSCH,"0,068","0,05","0,018","0,005",14,control,"2,77778","2,235",,2,8,10,WAHR,1409
image_2764.png,7,farmbot_uzk,122,"1727852542,41403","18,08","63,8","201,7",29,1900612,1900641,FALSCH,"0,068","0,05","0,018","0,005",14,control,"2,77778","2,235",,2,8,10,FALSCH,1409
image_2765.png,7,farmbot_uzk,123,"1727854931,83678","21,09","51,7","3070,3",532,34866245,34866777,FALSCH,"0,033","0,019","0,014","0,001",14,control,"1,35714",,,2,7,9,WAHR,1410
image_2766.png,7,farmbot_uzk,123,"1727852542,41403","18,08","63,8","201,7",29,1900612,1900641,FALSCH,"0,033","0,019","0,014","0,001",14,control,"1,35714",,,2,7,9,FALSCH,1410
image_2767.png,7,farmbot_uzk,124,"1727852542,41403","18,08","63,8","201,7",29,1900612,1900641,FALSCH,"0,032","0,024","0,008","0,002",14,control,3,"1,3554",,3,9,12,FALSCH,1411
image_2768.png,7,farmbot_uzk,124,"1727854931,83678","21,09","51,7","3070,3",532,34866245,34866777,FALSCH,"0,032","0,024","0,008","0,002",14,control,3,"1,3554",,3,9,12,WAHR,1411
image_2769.png,7,farmbot_uzk,125,"1727854931,83678","21,09","51,7","3070,3",532,34866245,34866777,FALSCH,"0,026","0,016","0,01","0,001",14,control,"1,6","0,6974",,3,8,11,WAHR,1412
image_2770.png,7,farmbot_uzk,125,"1727852542,41403","18,08","63,8","201,7",29,1900612,1900641,FALSCH,"0,026","0,016","0,01","0,001",14,control,"1,6","0,6974",,3,8,11,FALSCH,1412
image_2771.png,7,farmbot_uzk,126,"1727852542,41403","18,08","63,8","201,7",29,1900612,1900641,FALSCH,"0,033","0,015","0,018","0,002",14,control,"0,83333","0,7445",,3,8,11,FALSCH,1413
image_2772.png,7,farmbot_uzk,126,"1727854931,83678","21,09","51,7","3070,3",532,34866245,34866777,FALSCH,"0,033","0,015","0,018","0,002",14,control,"0,83333","0,7445",,3,8,11,WAHR,1413
image_2773.png,7,farmbot_uzk,127,"1727855012,22876","21,29","51,6","3026,7",519,34014258,34014777,FALSCH,"0,017","0,015","0,002",0,14,control,"7,5","0,6107",,3,7,10,WAHR,1414
image_2774.png,7,farmbot_uzk,127,"1727852631,16186","18,01","63,9","208,7",31,2031687,2031718,FALSCH,"0,017","0,015","0,002",0,14,control,"7,5","0,6107",,3,7,10,FALSCH,1414
image_2775.png,7,farmbot_uzk,128,"1727855012,22876","21,29","51,6","3026,7",519,34014258,34014777,FALSCH,"0,085","0,066","0,019","0,002",14,control,"3,47368","1,898",,3,8,11,WAHR,1415
image_2776.png,7,farmbot_uzk,128,"1727852631,16186","18,01","63,9","208,7",31,2031687,2031718,FALSCH,"0,085","0,066","0,019","0,002",14,control,"3,47368","1,898",,3,8,11,FALSCH,1415
image_2777.png,7,farmbot_uzk,129,"1727855012,22876","21,29","51,6","3026,7",519,34014258,34014777,FALSCH,"0,082","0,056","0,026","0,005",14,control,"2,15385","3,6713",,3,8,11,WAHR,1416
image_2778.png,7,farmbot_uzk,129,"1727852631,16186","18,01","63,9","208,7",31,2031687,2031718,FALSCH,"0,082","0,056","0,026","0,005",14,control,"2,15385","3,6713",,3,8,11,FALSCH,1416
image_2779.png,7,farmbot_uzk,130,"1727852631,16186","18,01","63,9","208,7",31,2031687,2031718,FALSCH,"0,05","0,037","0,013","0,001",14,control,"2,84615","1,576",,4,7,11,FALSCH,1417
image_2780.png,7,farmbot_uzk,130,"1727855012,22876","21,29","51,6","3026,7",519,34014258,34014777,FALSCH,"0,05","0,037","0,013","0,001",14,control,"2,84615","1,576",,4,7,11,WAHR,1417
image_2781.png,7,farmbot_uzk,131,"1727852631,16186","18,01","63,9","208,7",31,2031687,2031718,FALSCH,"0,074","0,05","0,024","0,004",14,control,"2,08333","2,3241",,4,7,11,FALSCH,1418
image_2782.png,7,farmbot_uzk,131,"1727855012,22876","21,29","51,6","3026,7",519,34014258,34014777,FALSCH,"0,074","0,05","0,024","0,004",14,control,"2,08333","2,3241",,4,7,11,WAHR,1418
image_2783.png,7,farmbot_uzk,132,"1727852631,16186","18,01","63,9","208,7",31,2031687,2031718,FALSCH,"0,097","0,071","0,026","0,002",14,control,"2,73077","2,5353",,3,10,13,FALSCH,1419
image_2784.png,7,farmbot_uzk,132,"1727855012,22876","21,29","51,6","3026,7",519,34014258,34014777,FALSCH,"0,097","0,071","0,026","0,002",14,control,"2,73077","2,5353",,3,10,13,WAHR,1419
image_2785.png,7,farmbot_uzk,133,"1727855098,393","20,93","52,1","3047,4",522,34210873,34211395,FALSCH,"0,047","0,023","0,024","0,002",14,control,"0,95833","0,9662",,3,8,11,WAHR,1420
image_2786.png,7,farmbot_uzk,133,"1727852718,52664","18,01","63,7","223,9",33,2162764,2162797,FALSCH,"0,047","0,023","0,024","0,002",14,control,"0,95833","0,9662",,3,8,11,FALSCH,1420
image_2787.png,7,farmbot_uzk,134,"1727855098,393","20,93","52,1","3047,4",522,34210873,34211395,FALSCH,"0,055","0,037","0,018","0,002",14,control,"2,05556","1,6653",,3,6,9,WAHR,1421
image_2788.png,7,farmbot_uzk,134,"1727852718,52664","18,01","63,7","223,9",33,2162764,2162797,FALSCH,"0,055","0,037","0,018","0,002",14,control,"2,05556","1,6653",,3,6,9,FALSCH,1421
image_2789.png,7,farmbot_uzk,135,"1727852718,52664","18,01","63,7","223,9",33,2162764,2162797,FALSCH,"0,043","0,021","0,022","0,001",14,control,"0,95455","1,4279",,3,8,11,FALSCH,1422
image_2790.png,7,farmbot_uzk,135,"1727855098,393","20,93","52,1","3047,4",522,34210873,34211395,FALSCH,"0,043","0,021","0,022","0,001",14,control,"0,95455","1,4279",,3,8,11,WAHR,1422
image_2791.png,7,farmbot_uzk,136,"1727852718,52664","18,01","63,7","223,9",33,2162764,2162797,FALSCH,"0,015","0,01","0,005","0,001",14,control,2,"0,4275",,3,5,8,FALSCH,1423
image_2792.png,7,farmbot_uzk,136,"1727855098,393","20,93","52,1","3047,4",522,34210873,34211395,FALSCH,"0,015","0,01","0,005","0,001",14,control,2,"0,4275",,3,5,8,WAHR,1423
image_2793.png,7,farmbot_uzk,137,"1727855098,393","20,93","52,1","3047,4",522,34210873,34211395,FALSCH,"0,078","0,056","0,022","0,005",14,control,"2,54545","1,5341",,4,8,12,WAHR,1424
image_2794.png,7,farmbot_uzk,137,"1727852718,52664","18,01","63,7","223,9",33,2162764,2162797,FALSCH,"0,078","0,056","0,022","0,005",14,control,"2,54545","1,5341",,4,8,12,FALSCH,1424
image_2795.png,7,farmbot_uzk,138,"1727855098,393","20,93","52,1","3047,4",522,34210873,34211395,FALSCH,"0,034","0,026","0,008","0,002",14,control,"3,25","1,2811",,4,7,11,WAHR,1425
image_2796.png,7,farmbot_uzk,138,"1727852718,52664","18,01","63,7","223,9",33,2162764,2162797,FALSCH,"0,034","0,026","0,008","0,002",14,control,"3,25","1,2811",,4,7,11,FALSCH,1425
image_2797.png,7,farmbot_uzk,139,"1727855183,802","21,77","50,6","3004,5",515,33752106,33752621,FALSCH,"0,032","0,023","0,009",0,14,control,"2,55556","0,9628",,2,7,9,WAHR,1426
image_2798.png,7,farmbot_uzk,139,"1727852804,11008",18,"63,6","230,9",35,2293839,2293874,FALSCH,"0,032","0,023","0,009",0,14,control,"2,55556","0,9628",,2,7,9,FALSCH,1426
image_2799.png,7,farmbot_uzk,140,"1727855183,802","21,77","50,6","3004,5",515,33752106,33752621,FALSCH,"0,026","0,018","0,008","0,001",14,control,"2,25","0,7844",,3,6,9,WAHR,1427
image_2800.png,7,farmbot_uzk,140,"1727852804,11008",18,"63,6","230,9",35,2293839,2293874,FALSCH,"0,026","0,018","0,008","0,001",14,control,"2,25","0,7844",,3,6,9,FALSCH,1427
image_2801.png,7,farmbot_uzk,141,"1727855183,802","21,77","50,6","3004,5",515,33752106,33752621,FALSCH,"0,042","0,03","0,012","0,001",14,control,"2,5","0,6604",,4,6,10,WAHR,1428
image_2802.png,7,farmbot_uzk,141,"1727852804,11008",18,"63,6","230,9",35,2293839,2293874,FALSCH,"0,042","0,03","0,012","0,001",14,control,"2,5","0,6604",,4,6,10,FALSCH,1428
image_2803.png,7,farmbot_uzk,142,"1727852804,11008",18,"63,6","230,9",35,2293839,2293874,FALSCH,"0,034","0,022","0,012","0,001",14,control,"1,83333","0,7667",,4,5,9,FALSCH,1429
image_2804.png,7,farmbot_uzk,142,"1727855183,802","21,77","50,6","3004,5",515,33752106,33752621,FALSCH,"0,034","0,022","0,012","0,001",14,control,"1,83333","0,7667",,4,5,9,WAHR,1429
image_2805.png,7,farmbot_uzk,143,"1727855183,802","21,77","50,6","3004,5",515,33752106,33752621,FALSCH,"0,054","0,035","0,019","0,001",14,control,"1,84211","0,9255",,4,8,12,WAHR,1430
image_2806.png,7,farmbot_uzk,143,"1727852804,11008",18,"63,6","230,9",35,2293839,2293874,FALSCH,"0,054","0,035","0,019","0,001",14,control,"1,84211","0,9255",,4,8,12,FALSCH,1430
image_2807.png,7,farmbot_uzk,144,"1727855183,802","21,77","50,6","3004,5",515,33752106,33752621,FALSCH,"0,024","0,017","0,007","0,001",14,control,"2,42857","0,5081",,4,4,8,WAHR,1431
image_2808.png,7,farmbot_uzk,144,"1727852804,11008",18,"63,6","230,9",35,2293839,2293874,FALSCH,"0,024","0,017","0,007","0,001",14,control,"2,42857","0,5081",,4,4,8,FALSCH,1431
image_2809.png,7,farmbot_uzk,145,"1727855266,98975","21,09",51,"3031,9",517,33883186,33883703,FALSCH,"0,012","0,006","0,006",0,14,control,1,"0,3265",,3,4,7,WAHR,1432
image_2810.png,7,farmbot_uzk,145,"1727852891,2429","18,05","63,2","267,2",43,2818141,2818184,FALSCH,"0,012","0,006","0,006",0,14,control,1,"0,3265",,3,4,7,FALSCH,1432
image_2811.png,7,farmbot_uzk,146,"1727852891,2429","18,05","63,2","267,2",43,2818141,2818184,FALSCH,"0,037","0,026","0,011",0,14,control,"2,36364","0,2911",,,6,6,FALSCH,1433
image_2812.png,7,farmbot_uzk,146,"1727855266,98975","21,09",51,"3031,9",517,33883186,33883703,FALSCH,"0,037","0,026","0,011",0,14,control,"2,36364","0,2911",,,6,6,WAHR,1433
image_2813.png,7,farmbot_uzk,147,"1727852891,2429","18,05","63,2","267,2",43,2818141,2818184,FALSCH,"0,114","0,043","0,071","0,002",14,control,"0,60563","1,2965",,2,10,12,FALSCH,1434
image_2814.png,7,farmbot_uzk,147,"1727855266,98975","21,09",51,"3031,9",517,33883186,33883703,FALSCH,"0,114","0,043","0,071","0,002",14,control,"0,60563","1,2965",,2,10,12,WAHR,1434
image_2815.png,7,farmbot_uzk,148,"1727852891,2429","18,05","63,2","267,2",43,2818141,2818184,FALSCH,"0,021","0,006","0,015",0,14,control,"0,4","0,3896",,2,6,8,FALSCH,1435
image_2816.png,7,farmbot_uzk,148,"1727855266,98975","21,09",51,"3031,9",517,33883186,33883703,FALSCH,"0,021","0,006","0,015",0,14,control,"0,4","0,3896",,2,6,8,WAHR,1435
image_2817.png,7,farmbot_uzk,149,"1727852891,2429","18,05","63,2","267,2",43,2818141,2818184,FALSCH,"0,038","0,036","0,002","0,001",14,control,18,"1,1192",,3,7,10,FALSCH,1436
image_2818.png,7,farmbot_uzk,149,"1727855266,98975","21,09",51,"3031,9",517,33883186,33883703,FALSCH,"0,038","0,036","0,002","0,001",14,control,18,"1,1192",,3,7,10,WAHR,1436
image_2819.png,7,farmbot_uzk,150,"1727855266,98975","21,09",51,"3031,9",517,33883186,33883703,FALSCH,"0,04","0,014","0,026",0,14,control,"0,53846","0,2944",,2,6,8,WAHR,1437
image_2820.png,7,farmbot_uzk,150,"1727852891,2429","18,05","63,2","267,2",43,2818141,2818184,FALSCH,"0,04","0,014","0,026",0,14,control,"0,53846","0,2944",,2,6,8,FALSCH,1437
image_2821.png,7,farmbot_uzk,151,"1727855361,78838","21,5","50,4",3070,529,34669635,34670164,FALSCH,"0,017","0,01","0,007","0,001",14,control,"1,42857","0,4173",,4,6,10,WAHR,1438
image_2822.png,7,farmbot_uzk,151,"1727852978,20095","18,05","62,7","305,2",55,3604590,3604645,FALSCH,"0,017","0,01","0,007","0,001",14,control,"1,42857","0,4173",,4,6,10,FALSCH,1438
image_2823.png,7,farmbot_uzk,152,"1727855361,78838","21,5","50,4",3070,529,34669635,34670164,FALSCH,"0,044","0,029","0,015","0,001",14,control,"1,93333","1,4587",,3,8,11,WAHR,1439
image_2824.png,7,farmbot_uzk,152,"1727852978,20095","18,05","62,7","305,2",55,3604590,3604645,FALSCH,"0,044","0,029","0,015","0,001",14,control,"1,93333","1,4587",,3,8,11,FALSCH,1439
image_2825.png,7,farmbot_uzk,153,"1727852978,20095","18,05","62,7","305,2",55,3604590,3604645,FALSCH,"0,022","0,014","0,008",0,14,control,"1,75","0,8112",,2,7,9,FALSCH,1440
image_2826.png,7,farmbot_uzk,153,"1727855361,78838","21,5","50,4",3070,529,34669635,34670164,FALSCH,"0,022","0,014","0,008",0,14,control,"1,75","0,8112",,2,7,9,WAHR,1440
image_2827.png,7,farmbot_uzk,154,"1727852978,20095","18,05","62,7","305,2",55,3604590,3604645,FALSCH,"0,047","0,032","0,015","0,002",14,control,"2,13333","2,043",,3,6,9,FALSCH,1441
image_2828.png,7,farmbot_uzk,154,"1727855361,78838","21,5","50,4",3070,529,34669635,34670164,FALSCH,"0,047","0,032","0,015","0,002",14,control,"2,13333","2,043",,3,6,9,WAHR,1441
image_2829.png,7,farmbot_uzk,155,"1727855361,78838","21,5","50,4",3070,529,34669635,34670164,FALSCH,"0,047","0,028","0,019",0,14,control,"1,47368","0,7041",,2,8,10,WAHR,1442
image_2830.png,7,farmbot_uzk,155,"1727852978,20095","18,05","62,7","305,2",55,3604590,3604645,FALSCH,"0,047","0,028","0,019",0,14,control,"1,47368","0,7041",,2,8,10,FALSCH,1442
image_2831.png,7,farmbot_uzk,156,"1727852978,20095","18,05","62,7","305,2",55,3604590,3604645,FALSCH,"0,035","0,026","0,009",0,14,control,"2,88889","0,9858",,3,6,9,FALSCH,1443
image_2832.png,7,farmbot_uzk,156,"1727855361,78838","21,5","50,4",3070,529,34669635,34670164,FALSCH,"0,035","0,026","0,009",0,14,control,"2,88889","0,9858",,3,6,9,WAHR,1443
image_2833.png,7,farmbot_uzk,157,"1727855485,96195","22,22","49,1","3162,8",545,35718244,35718789,FALSCH,"0,037","0,018","0,019","0,001",14,control,"0,94737","2,0445",,3,6,9,WAHR,1444
image_2834.png,7,farmbot_uzk,157,"1727853082,23522","18,05","62,7","327,1",56,3670132,3670188,FALSCH,"0,037","0,018","0,019","0,001",14,control,"0,94737","2,0445",,3,6,9,FALSCH,1444
image_2835.png,7,farmbot_uzk,158,"1727855485,96195","22,22","49,1","3162,8",545,35718244,35718789,FALSCH,"0,029","0,023","0,006",0,14,control,"3,83333","0,3484",,3,7,10,WAHR,1445
image_2836.png,7,farmbot_uzk,158,"1727853082,23522","18,05","62,7","327,1",56,3670132,3670188,FALSCH,"0,029","0,023","0,006",0,14,control,"3,83333","0,3484",,3,7,10,FALSCH,1445
image_2837.png,7,farmbot_uzk,159,"1727853082,23522","18,05","62,7","327,1",56,3670132,3670188,FALSCH,"0,06","0,036","0,024","0,003",14,control,"1,5","1,5029",,4,6,10,FALSCH,1446
image_2838.png,7,farmbot_uzk,159,"1727855485,96195","22,22","49,1","3162,8",545,35718244,35718789,FALSCH,"0,06","0,036","0,024","0,003",14,control,"1,5","1,5029",,4,6,10,WAHR,1446
image_2839.png,7,farmbot_uzk,160,"1727853082,23522","18,05","62,7","327,1",56,3670132,3670188,FALSCH,"0,073","0,011","0,062",0,14,control,"0,17742","0,7377",,4,9,13,FALSCH,1447
image_2840.png,7,farmbot_uzk,160,"1727855485,96195","22,22","49,1","3162,8",545,35718244,35718789,FALSCH,"0,073","0,011","0,062",0,14,control,"0,17742","0,7377",,4,9,13,WAHR,1447
image_2841.png,7,farmbot_uzk,161,"1727855485,96195","22,22","49,1","3162,8",545,35718244,35718789,FALSCH,"0,028","0,018","0,01","0,002",14,control,"1,8","0,237",,3,7,10,WAHR,1448
image_2842.png,7,farmbot_uzk,161,"1727853082,23522","18,05","62,7","327,1",56,3670132,3670188,FALSCH,"0,028","0,018","0,01","0,002",14,control,"1,8","0,237",,3,7,10,FALSCH,1448
image_2843.png,7,farmbot_uzk,162,"1727853082,23522","18,05","62,7","327,1",56,3670132,3670188,FALSCH,"0,016","0,009","0,007","0,001",14,control,"1,28571","0,4948",,2,6,8,FALSCH,1449
image_2844.png,7,farmbot_uzk,162,"1727855485,96195","22,22","49,1","3162,8",545,35718244,35718789,FALSCH,"0,016","0,009","0,007","0,001",14,control,"1,28571","0,4948",,2,6,8,WAHR,1449
image_2845.png,7,farmbot_uzk,163,"1727853167,20907","18,05","62,6","297,5",47,3080295,3080342,FALSCH,"0,015","0,011","0,004","0,002",14,control,"2,75","0,2864",,3,6,9,FALSCH,1450
image_2846.png,7,farmbot_uzk,163,"1727855579,21617","21,82","49,1",3124,538,35259478,35260016,FALSCH,"0,015","0,011","0,004","0,002",14,control,"2,75","0,2864",,3,6,9,WAHR,1450
image_2847.png,7,farmbot_uzk,164,"1727855579,21617","21,82","49,1",3124,538,35259478,35260016,FALSCH,"0,012","0,008","0,004",0,14,control,2,"1,2033",,3,4,7,WAHR,1451
image_2848.png,7,farmbot_uzk,164,"1727853167,20907","18,05","62,6","297,5",47,3080295,3080342,FALSCH,"0,012","0,008","0,004",0,14,control,2,"1,2033",,3,4,7,FALSCH,1451
image_2849.png,7,farmbot_uzk,165,"1727855579,21617","21,82","49,1",3124,538,35259478,35260016,FALSCH,"0,029","0,016","0,013",0,14,control,"1,23077","0,0459",,2,8,10,WAHR,1452
image_2850.png,7,farmbot_uzk,165,"1727853167,20907","18,05","62,6","297,5",47,3080295,3080342,FALSCH,"0,029","0,016","0,013",0,14,control,"1,23077","0,0459",,2,8,10,FALSCH,1452
image_2851.png,7,farmbot_uzk,166,"1727853167,20907","18,05","62,6","297,5",47,3080295,3080342,FALSCH,"0,021","0,012","0,009","0,002",14,control,"1,33333","1,629",,3,4,7,FALSCH,1453
image_2852.png,7,farmbot_uzk,166,"1727855579,21617","21,82","49,1",3124,538,35259478,35260016,FALSCH,"0,021","0,012","0,009","0,002",14,control,"1,33333","1,629",,3,4,7,WAHR,1453
image_2853.png,7,farmbot_uzk,167,"1727853167,20907","18,05","62,6","297,5",47,3080295,3080342,FALSCH,"0,013","0,006","0,007",0,14,control,"0,85714","0,6128",,,6,6,FALSCH,1454
image_2854.png,7,farmbot_uzk,167,"1727855579,21617","21,82","49,1",3124,538,35259478,35260016,FALSCH,"0,013","0,006","0,007",0,14,control,"0,85714","0,6128",,,6,6,WAHR,1454
image_2855.png,7,farmbot_uzk,168,"1727853167,20907","18,05","62,6","297,5",47,3080295,3080342,FALSCH,"0,057","0,046","0,011","0,002",14,control,"4,18182","0,8124",,3,7,10,FALSCH,1455
image_2856.png,7,farmbot_uzk,168,"1727855579,21617","21,82","49,1",3124,538,35259478,35260016,FALSCH,"0,057","0,046","0,011","0,002",14,control,"4,18182","0,8124",,3,7,10,WAHR,1455
image_2857.png,7,farmbot_uzk_2,109,"1727854606,90565","20,6446936751354","55,3933012893874","3907,6608",716,46925192,46925908,FALSCH,,,,,,,,,,,,,FALSCH,
image_2858.png,7,farmbot_uzk_2,109,"1727852046,22268","20,1773861295491","58,29098954757","1135,2192",209,13697436,13697645,FALSCH,,,,,,,,,,,,,WAHR,
image_2859.png,7,farmbot_uzk_2,110,"1727852046,22268","20,1773861295491","58,29098954757","1135,2192",209,13697436,13697645,FALSCH,,,,,,,,,,,,,WAHR,
image_2860.png,7,farmbot_uzk_2,110,"1727854606,90565","20,6446936751354","55,3933012893874","3907,6608",716,46925192,46925908,FALSCH,,,,,,,,,,,,,FALSCH,
image_2861.png,7,farmbot_uzk_2,115,"1727854658,97064","20,8262760357061","54,5647364003967","3874,0416",707,46335354,46336061,FALSCH,"0,019","0,012","0,007","0,001",14,control,"1,71429","0,4528",,4,4,8,FALSCH,1458
image_2862.png,7,farmbot_uzk_2,115,"1727852129,44417","20,1934081025406","58,101777676051","1142,2368",211,13828511,13828722,FALSCH,"0,019","0,012","0,007","0,001",14,control,"1,71429","0,4528",,4,4,8,WAHR,1458
image_2863.png,7,farmbot_uzk_2,116,"1727852129,44417","20,1934081025406","58,101777676051","1142,2368",211,13828511,13828722,FALSCH,"0,042","0,036","0,006",0,14,control,6,"1,5041",,3,7,10,WAHR,1459
image_2864.png,7,farmbot_uzk_2,116,"1727854658,97064","20,8262760357061","54,5647364003967","3874,0416",707,46335354,46336061,FALSCH,"0,042","0,036","0,006",0,14,control,6,"1,5041",,3,7,10,FALSCH,1459
image_2865.png,7,farmbot_uzk_2,117,"1727854658,97064","20,8262760357061","54,5647364003967","3874,0416",707,46335354,46336061,FALSCH,"0,034","0,027","0,007","0,005",14,control,"3,85714","1,5319",,4,6,10,FALSCH,1460
image_2866.png,7,farmbot_uzk_2,117,"1727852129,44417","20,1934081025406","58,101777676051","1142,2368",211,13828511,13828722,FALSCH,"0,034","0,027","0,007","0,005",14,control,"3,85714","1,5319",,4,6,10,WAHR,1460
image_2867.png,7,farmbot_uzk_2,118,"1727854658,97064","20,8262760357061","54,5647364003967","3874,0416",707,46335354,46336061,FALSCH,"0,011","0,01","0,001",0,14,control,10,"0,3698",,4,5,9,FALSCH,1461
image_2868.png,7,farmbot_uzk_2,118,"1727852129,44417","20,1934081025406","58,101777676051","1142,2368",211,13828511,13828722,FALSCH,"0,011","0,01","0,001",0,14,control,10,"0,3698",,4,5,9,WAHR,1461
image_2869.png,7,farmbot_uzk_2,119,"1727852129,44417","20,1934081025406","58,101777676051","1142,2368",211,13828511,13828722,FALSCH,"0,021","0,015","0,006",0,14,control,"2,5","0,4215",,4,5,9,WAHR,1462
image_2870.png,7,farmbot_uzk_2,119,"1727854658,97064","20,8262760357061","54,5647364003967","3874,0416",707,46335354,46336061,FALSCH,"0,021","0,015","0,006",0,14,control,"2,5","0,4215",,4,5,9,FALSCH,1462
image_2871.png,7,farmbot_uzk_2,120,"1727852129,44417","20,1934081025406","58,101777676051","1142,2368",211,13828511,13828722,FALSCH,"0,075","0,052","0,023","0,002",14,control,"2,26087","1,6386",,4,9,13,WAHR,1463
image_2872.png,7,farmbot_uzk_2,120,"1727854658,97064","20,8262760357061","54,5647364003967","3874,0416",707,46335354,46336061,FALSCH,"0,075","0,052","0,023","0,002",14,control,"2,26087","1,6386",,4,9,13,FALSCH,1463
image_2873.png,7,farmbot_uzk_2,121,"1727854716,74671","20,8556496528573","55,2468146791791","3830,7936",697,45679977,45680674,FALSCH,"0,039","0,032","0,007","0,002",14,control,"4,57143","1,1468",,4,8,12,FALSCH,1464
image_2874.png,7,farmbot_uzk_2,121,"1727852188,57708","20,1773861295491","57,8774700541695","1140,768",210,13762974,13763184,FALSCH,"0,039","0,032","0,007","0,002",14,control,"4,57143","1,1468",,4,8,12,WAHR,1464
image_2875.png,7,farmbot_uzk_2,122,"1727854716,74671","20,8556496528573","55,2468146791791","3830,7936",697,45679977,45680674,FALSCH,"0,034","0,029","0,005","0,002",14,control,"5,8","1,5326",,1,9,10,FALSCH,1465
image_2876.png,7,farmbot_uzk_2,122,"1727852188,57708","20,1773861295491","57,8774700541695","1140,768",210,13762974,13763184,FALSCH,"0,034","0,029","0,005","0,002",14,control,"5,8","1,5326",,1,9,10,WAHR,1465
image_2877.png,7,farmbot_uzk_2,123,"1727854716,74671","20,8556496528573","55,2468146791791","3830,7936",697,45679977,45680674,FALSCH,"0,024","0,02","0,004","0,003",14,control,5,"0,7203",,3,5,8,FALSCH,1466
image_2878.png,7,farmbot_uzk_2,123,"1727852188,57708","20,1773861295491","57,8774700541695","1140,768",210,13762974,13763184,FALSCH,"0,024","0,02","0,004","0,003",14,control,5,"0,7203",,3,5,8,WAHR,1466
image_2879.png,7,farmbot_uzk_2,124,"1727852188,57708","20,1773861295491","57,8774700541695","1140,768",210,13762974,13763184,FALSCH,"0,085","0,07","0,015","0,005",14,control,"4,66667","2,015",,3,9,12,WAHR,1467
image_2880.png,7,farmbot_uzk_2,124,"1727854716,74671","20,8556496528573","55,2468146791791","3830,7936",697,45679977,45680674,FALSCH,"0,085","0,07","0,015","0,005",14,control,"4,66667","2,015",,3,9,12,FALSCH,1467
image_2881.png,7,farmbot_uzk_2,125,"1727852188,57708","20,1773861295491","57,8774700541695","1140,768",210,13762974,13763184,FALSCH,"0,092","0,082","0,01","0,006",14,control,"8,2","2,7523",,4,8,12,WAHR,1468
image_2882.png,7,farmbot_uzk_2,125,"1727854716,74671","20,8556496528573","55,2468146791791","3830,7936",697,45679977,45680674,FALSCH,"0,092","0,082","0,01","0,006",14,control,"8,2","2,7523",,4,8,12,FALSCH,1468
image_2883.png,7,farmbot_uzk_2,126,"1727854716,74671","20,8556496528573","55,2468146791791","3830,7936",697,45679977,45680674,FALSCH,"0,058","0,048","0,01","0,005",14,control,"4,8","2,45",,3,9,12,FALSCH,1469
image_2884.png,7,farmbot_uzk_2,126,"1727852188,57708","20,1773861295491","57,8774700541695","1140,768",210,13762974,13763184,FALSCH,"0,058","0,048","0,01","0,005",14,control,"4,8","2,45",,3,9,12,WAHR,1469
image_2885.png,7,farmbot_uzk_2,127,"1727852253,99212","20,2334630350195","57,8271152819104","1164,432",215,14090663,14090878,FALSCH,"0,03","0,021","0,009","0,001",14,control,"2,33333","0,9243",,3,7,10,WAHR,1470
image_2886.png,7,farmbot_uzk_2,127,"1727854774,47217","20,967803463798","54,1023880369268","3828,5088",701,45942123,45942824,FALSCH,"0,03","0,021","0,009","0,001",14,control,"2,33333","0,9243",,3,7,10,FALSCH,1470
image_2887.png,7,farmbot_uzk_2,128,"1727854774,47217","20,967803463798","54,1023880369268","3828,5088",701,45942123,45942824,FALSCH,"0,038","0,032","0,006","0,003",14,control,"5,33333","1,1868",,3,7,10,FALSCH,1471
image_2888.png,7,farmbot_uzk_2,128,"1727852253,99212","20,2334630350195","57,8271152819104","1164,432",215,14090663,14090878,FALSCH,"0,038","0,032","0,006","0,003",14,control,"5,33333","1,1868",,3,7,10,WAHR,1471
image_2889.png,7,farmbot_uzk_2,129,"1727852253,99212","20,2334630350195","57,8271152819104","1164,432",215,14090663,14090878,FALSCH,"0,031","0,027","0,004","0,002",14,control,"6,75","0,8168",,3,7,10,WAHR,1472
image_2890.png,7,farmbot_uzk_2,129,"1727854774,47217","20,967803463798","54,1023880369268","3828,5088",701,45942123,45942824,FALSCH,"0,031","0,027","0,004","0,002",14,control,"6,75","0,8168",,3,7,10,FALSCH,1472
image_2891.png,7,farmbot_uzk_2,130,"1727852253,99212","20,2334630350195","57,8271152819104","1164,432",215,14090663,14090878,FALSCH,"0,103","0,086","0,017","0,003",14,control,"5,05882","2,0399",,4,8,12,WAHR,1473
image_2892.png,7,farmbot_uzk_2,130,"1727854774,47217","20,967803463798","54,1023880369268","3828,5088",701,45942123,45942824,FALSCH,"0,103","0,086","0,017","0,003",14,control,"5,05882","2,0399",,4,8,12,FALSCH,1473
image_2893.png,7,farmbot_uzk_2,131,"1727852253,99212","20,2334630350195","57,8271152819104","1164,432",215,14090663,14090878,FALSCH,"0,037","0,031","0,006","0,001",14,control,"5,16667","0,8546",,3,6,9,WAHR,1474
image_2894.png,7,farmbot_uzk_2,131,"1727854774,47217","20,967803463798","54,1023880369268","3828,5088",701,45942123,45942824,FALSCH,"0,037","0,031","0,006","0,001",14,control,"5,16667","0,8546",,3,6,9,FALSCH,1474
image_2895.png,7,farmbot_uzk_2,132,"1727852253,99212","20,2334630350195","57,8271152819104","1164,432",215,14090663,14090878,FALSCH,"0,041","0,03","0,011","0,001",14,control,"2,72727","1,2481",,2,7,9,WAHR,1475
image_2896.png,7,farmbot_uzk_2,132,"1727854774,47217","20,967803463798","54,1023880369268","3828,5088",701,45942123,45942824,FALSCH,"0,041","0,03","0,011","0,001",14,control,"2,72727","1,2481",,2,7,9,FALSCH,1475
image_2897.png,7,farmbot_uzk_2,133,"1727854839,98455","21,0666056305791","53,5973144121462","3762,7392",684,44827984,44828668,FALSCH,"0,057","0,05","0,007","0,003",14,control,"7,14286","1,5847",,4,6,10,FALSCH,1476
image_2898.png,7,farmbot_uzk_2,133,"1727852315,23558","20,2201113908598","57,7676050965133","1157,4144",213,13959588,13959801,FALSCH,"0,057","0,05","0,007","0,003",14,control,"7,14286","1,5847",,4,6,10,WAHR,1476
image_2899.png,7,farmbot_uzk_2,134,"1727852315,23558","20,2201113908598","57,7676050965133","1157,4144",213,13959588,13959801,FALSCH,,,,0,14,control,,,,,,0,WAHR,1477
image_2900.png,7,farmbot_uzk_2,134,"1727854839,98455","21,0666056305791","53,5973144121462","3762,7392",684,44827984,44828668,FALSCH,,,,0,14,control,,,,,,0,FALSCH,1477
image_2901.png,7,farmbot_uzk_2,135,"1727854839,98455","21,0666056305791","53,5973144121462","3762,7392",684,44827984,44828668,FALSCH,"0,051","0,042","0,009","0,004",14,control,"4,66667","1,8",,3,5,8,FALSCH,1478
image_2902.png,7,farmbot_uzk_2,135,"1727852315,23558","20,2201113908598","57,7676050965133","1157,4144",213,13959588,13959801,FALSCH,"0,051","0,042","0,009","0,004",14,control,"4,66667","1,8",,3,5,8,WAHR,1478
image_2903.png,7,farmbot_uzk_2,136,"1727854839,98455","21,0666056305791","53,5973144121462","3762,7392",684,44827984,44828668,FALSCH,"0,051","0,044","0,007","0,006",14,control,"6,28571","2,3579",,3,8,11,FALSCH,1479
image_2904.png,7,farmbot_uzk_2,136,"1727852315,23558","20,2201113908598","57,7676050965133","1157,4144",213,13959588,13959801,FALSCH,"0,051","0,044","0,007","0,006",14,control,"6,28571","2,3579",,3,8,11,WAHR,1479
image_2905.png,7,farmbot_uzk_2,137,"1727852315,23558","20,2201113908598","57,7676050965133","1157,4144",213,13959588,13959801,FALSCH,"0,132","0,113","0,019","0,006",14,control,"5,94737","3,4169",,4,9,13,WAHR,1480
image_2906.png,7,farmbot_uzk_2,137,"1727854839,98455","21,0666056305791","53,5973144121462","3762,7392",684,44827984,44828668,FALSCH,"0,132","0,113","0,019","0,006",14,control,"5,94737","3,4169",,4,9,13,FALSCH,1480
image_2907.png,7,farmbot_uzk_2,138,"1727852315,23558","20,2201113908598","57,7676050965133","1157,4144",213,13959588,13959801,FALSCH,"0,027","0,018","0,009","0,002",14,control,2,"1,1434",,2,5,7,WAHR,1481
image_2908.png,7,farmbot_uzk_2,138,"1727854839,98455","21,0666056305791","53,5973144121462","3762,7392",684,44827984,44828668,FALSCH,"0,027","0,018","0,009","0,002",14,control,2,"1,1434",,2,5,7,FALSCH,1481
image_2909.png,7,farmbot_uzk_2,139,"1727852377,97052","20,318913557641","57,6714732585641","1142,2368",211,13828511,13828722,FALSCH,"0,117","0,081","0,036","0,005",14,control,"2,25","2,4486",,3,9,12,WAHR,1482
image_2910.png,7,farmbot_uzk_2,139,"1727854903,31367","21,0799572747387","52,3033493553063","3734,9952",679,44500294,44500973,FALSCH,"0,117","0,081","0,036","0,005",14,control,"2,25","2,4486",,3,9,12,FALSCH,1482
image_2911.png,7,farmbot_uzk_2,140,"1727854903,31367","21,0799572747387","52,3033493553063","3734,9952",679,44500294,44500973,FALSCH,"0,124","0,095","0,029","0,007",14,control,"3,27586","2,7773",,4,8,12,FALSCH,1483
image_2912.png,7,farmbot_uzk_2,140,"1727852377,97052","20,318913557641","57,6714732585641","1142,2368",211,13828511,13828722,FALSCH,"0,124","0,095","0,029","0,007",14,control,"3,27586","2,7773",,4,8,12,WAHR,1483
image_2913.png,7,farmbot_uzk_2,141,"1727852377,97052","20,318913557641","57,6714732585641","1142,2368",211,13828511,13828722,FALSCH,"0,018","0,014","0,004",0,14,control,"3,5","0,1904",,2,7,9,WAHR,1484
image_2914.png,7,farmbot_uzk_2,141,"1727854903,31367","21,0799572747387","52,3033493553063","3734,9952",679,44500294,44500973,FALSCH,"0,018","0,014","0,004",0,14,control,"3,5","0,1904",,2,7,9,FALSCH,1484
image_2915.png,7,farmbot_uzk_2,142,"1727854903,31367","21,0799572747387","52,3033493553063","3734,9952",679,44500294,44500973,FALSCH,"0,034","0,023","0,011","0,002",14,control,"2,09091","1,0862",,4,8,12,FALSCH,1485
image_2916.png,7,farmbot_uzk_2,142,"1727852377,97052","20,318913557641","57,6714732585641","1142,2368",211,13828511,13828722,FALSCH,"0,034","0,023","0,011","0,002",14,control,"2,09091","1,0862",,4,8,12,WAHR,1485
image_2917.png,7,farmbot_uzk_2,143,"1727852377,97052","20,318913557641","57,6714732585641","1142,2368",211,13828511,13828722,FALSCH,"0,029","0,015","0,014","0,002",14,control,"1,07143","0,6791",,1,6,7,WAHR,1486
image_2918.png,7,farmbot_uzk_2,143,"1727854903,31367","21,0799572747387","52,3033493553063","3734,9952",679,44500294,44500973,FALSCH,"0,029","0,015","0,014","0,002",14,control,"1,07143","0,6791",,1,6,7,FALSCH,1486
image_2919.png,7,farmbot_uzk_2,144,"1727854903,31367","21,0799572747387","52,3033493553063","3734,9952",679,44500294,44500973,FALSCH,"0,033","0,025","0,008","0,003",14,control,"3,125","1,0549",,3,5,8,FALSCH,1487
image_2920.png,7,farmbot_uzk_2,144,"1727852377,97052","20,318913557641","57,6714732585641","1142,2368",211,13828511,13828722,FALSCH,"0,033","0,025","0,008","0,003",14,control,"3,125","1,0549",,3,5,8,WAHR,1487
image_2921.png,7,farmbot_uzk_2,145,"1727852435,11874","20,249485008011","57,4929427023728","1147,7856",212,13894049,13894261,FALSCH,"0,045","0,034","0,011","0,004",14,control,"3,09091","1,305",,4,6,10,WAHR,1488
image_2922.png,7,farmbot_uzk_2,145,"1727854960,28332","21,3202868696117","52,5185015640497","3747,5616",682,44696907,44697589,FALSCH,"0,045","0,034","0,011","0,004",14,control,"3,09091","1,305",,4,6,10,FALSCH,1488
image_2923.png,7,farmbot_uzk_2,146,"1727852435,11874","20,249485008011","57,4929427023728","1147,7856",212,13894049,13894261,FALSCH,"0,03","0,018","0,012",0,14,control,"1,5","0,7858",,3,7,10,WAHR,1489
image_2924.png,7,farmbot_uzk_2,146,"1727854960,28332","21,3202868696117","52,5185015640497","3747,5616",682,44696907,44697589,FALSCH,"0,03","0,018","0,012",0,14,control,"1,5","0,7858",,3,7,10,FALSCH,1489
image_2925.png,7,farmbot_uzk_2,147,"1727852435,11874","20,249485008011","57,4929427023728","1147,7856",212,13894049,13894261,FALSCH,"0,026","0,02","0,006",0,14,control,"3,33333","1,0763",,3,7,10,WAHR,1490
image_2926.png,7,farmbot_uzk_2,147,"1727854960,28332","21,3202868696117","52,5185015640497","3747,5616",682,44696907,44697589,FALSCH,"0,026","0,02","0,006",0,14,control,"3,33333","1,0763",,3,7,10,FALSCH,1490
image_2927.png,7,farmbot_uzk_2,148,"1727854960,28332","21,3202868696117","52,5185015640497","3747,5616",682,44696907,44697589,FALSCH,"0,046","0,032","0,014","0,004",14,control,"2,28571","0,9768",,0,8,8,FALSCH,1491
image_2928.png,7,farmbot_uzk_2,148,"1727852435,11874","20,249485008011","57,4929427023728","1147,7856",212,13894049,13894261,FALSCH,"0,046","0,032","0,014","0,004",14,control,"2,28571","0,9768",,0,8,8,WAHR,1491
image_2929.png,7,farmbot_uzk_2,149,"1727854960,28332","21,3202868696117","52,5185015640497","3747,5616",682,44696907,44697589,FALSCH,"0,023","0,017","0,006","0,002",14,control,"2,83333","1,5475",,3,5,8,FALSCH,1492
image_2930.png,7,farmbot_uzk_2,149,"1727852435,11874","20,249485008011","57,4929427023728","1147,7856",212,13894049,13894261,FALSCH,"0,023","0,017","0,006","0,002",14,control,"2,83333","1,5475",,3,5,8,WAHR,1492
image_2931.png,7,farmbot_uzk_2,150,"1727854960,28332","21,3202868696117","52,5185015640497","3747,5616",682,44696907,44697589,FALSCH,"0,043","0,033","0,01",0,14,control,"3,3","2,194",,4,8,12,FALSCH,1493
image_2932.png,7,farmbot_uzk_2,150,"1727852435,11874","20,249485008011","57,4929427023728","1147,7856",212,13894049,13894261,FALSCH,"0,043","0,033","0,01",0,14,control,"3,3","2,194",,4,8,12,WAHR,1493
image_2933.png,7,farmbot_uzk_2,151,"1727852495,74139","20,2067597467002","57,6546883344778","1147,7856",212,13894049,13894261,FALSCH,"0,05","0,043","0,007","0,006",14,control,"6,14286","3,3323",,2,10,12,WAHR,1494
image_2934.png,7,farmbot_uzk_2,151,"1727855014,28029","21,2508583199817","52,6222629129473","3712,1472",669,43844922,43845591,FALSCH,"0,05","0,043","0,007","0,006",14,control,"6,14286","3,3323",,2,10,12,FALSCH,1494
image_2935.png,7,farmbot_uzk_2,152,"1727852495,74139","20,2067597467002","57,6546883344778","1147,7856",212,13894049,13894261,FALSCH,"0,089","0,063","0,026","0,004",14,control,"2,42308","1,0764",,4,7,11,WAHR,1495
image_2936.png,7,farmbot_uzk_2,152,"1727855014,28029","21,2508583199817","52,6222629129473","3712,1472",669,43844922,43845591,FALSCH,"0,089","0,063","0,026","0,004",14,control,"2,42308","1,0764",,4,7,11,FALSCH,1495
image_2937.png,7,farmbot_uzk_2,153,"1727855014,28029","21,2508583199817","52,6222629129473","3712,1472",669,43844922,43845591,FALSCH,"0,04","0,03","0,01","0,001",14,control,3,"1,4064",,4,7,11,FALSCH,1496
image_2938.png,7,farmbot_uzk_2,153,"1727852495,74139","20,2067597467002","57,6546883344778","1147,7856",212,13894049,13894261,FALSCH,"0,04","0,03","0,01","0,001",14,control,3,"1,4064",,4,7,11,WAHR,1496
image_2939.png,7,farmbot_uzk_2,154,"1727855014,28029","21,2508583199817","52,6222629129473","3712,1472",669,43844922,43845591,FALSCH,"0,047","0,04","0,007","0,0002",14,control,"5,71429","0,8716",,3,8,11,FALSCH,1497
image_2940.png,7,farmbot_uzk_2,154,"1727852495,74139","20,2067597467002","57,6546883344778","1147,7856",212,13894049,13894261,FALSCH,"0,047","0,04","0,007","0,0002",14,control,"5,71429","0,8716",,3,8,11,WAHR,1497
image_2941.png,7,farmbot_uzk_2,155,"1727855014,28029","21,2508583199817","52,6222629129473","3712,1472",669,43844922,43845591,FALSCH,"0,069","0,055","0,014","0,001",14,control,"3,92857","1,2071",,3,7,10,FALSCH,1498
image_2942.png,7,farmbot_uzk_2,155,"1727852495,74139","20,2067597467002","57,6546883344778","1147,7856",212,13894049,13894261,FALSCH,"0,069","0,055","0,014","0,001",14,control,"3,92857","1,2071",,3,7,10,WAHR,1498
image_2943.png,7,farmbot_uzk_2,156,"1727855014,28029","21,2508583199817","52,6222629129473","3712,1472",669,43844922,43845591,FALSCH,"0,053","0,038","0,015","0,002",14,control,"2,53333",,,3,7,10,FALSCH,1499
image_2944.png,7,farmbot_uzk_2,156,"1727852495,74139","20,2067597467002","57,6546883344778","1147,7856",212,13894049,13894261,FALSCH,"0,053","0,038","0,015","0,002",14,control,"2,53333",,,3,7,10,WAHR,1499
image_2945.png,7,farmbot_uzk_2,157,"1727852560,56298","20,1506828412299","57,4105439841306","1162,9632",214,14025126,14025340,FALSCH,"0,031","0,023","0,008","0,003",14,control,"2,875","1,1481",,2,5,7,WAHR,1500
image_2946.png,7,farmbot_uzk_2,157,"1727855073,40102","21,2375066758221","52,3933775844968","3698,4384",668,43779382,43780050,FALSCH,"0,031","0,023","0,008","0,003",14,control,"2,875","1,1481",,2,5,7,FALSCH,1500
image_2947.png,7,farmbot_uzk_2,158,"1727855073,40102","21,2375066758221","52,3933775844968","3698,4384",668,43779382,43780050,FALSCH,"0,035","0,023","0,012","0,002",14,control,"1,91667","1,1674",,3,8,11,FALSCH,1501
image_2948.png,7,farmbot_uzk_2,158,"1727852560,56298","20,1506828412299","57,4105439841306","1162,9632",214,14025126,14025340,FALSCH,"0,035","0,023","0,012","0,002",14,control,"1,91667","1,1674",,3,8,11,WAHR,1501
image_2949.png,7,farmbot_uzk_2,159,"1727855073,40102","21,2375066758221","52,3933775844968","3698,4384",668,43779382,43780050,FALSCH,"0,033","0,025","0,008","0,002",14,control,"3,125","0,5519",,2,8,10,FALSCH,1502
image_2950.png,7,farmbot_uzk_2,159,"1727852560,56298","20,1506828412299","57,4105439841306","1162,9632",214,14025126,14025340,FALSCH,"0,033","0,025","0,008","0,002",14,control,"3,125","0,5519",,2,8,10,WAHR,1502
image_2951.png,7,farmbot_uzk_2,160,"1727855073,40102","21,2375066758221","52,3933775844968","3698,4384",668,43779382,43780050,FALSCH,"0,028","0,02","0,008",0,14,control,"2,5","0,8299",,3,6,9,FALSCH,1503
image_2952.png,7,farmbot_uzk_2,160,"1727852560,56298","20,1506828412299","57,4105439841306","1162,9632",214,14025126,14025340,FALSCH,"0,028","0,02","0,008",0,14,control,"2,5","0,8299",,3,6,9,WAHR,1503
image_2953.png,7,farmbot_uzk_2,161,"1727855073,40102","21,2375066758221","52,3933775844968","3698,4384",668,43779382,43780050,FALSCH,"0,026","0,02","0,006","0,001",14,control,"3,33333","0,6724",,4,6,10,FALSCH,1504
image_2954.png,7,farmbot_uzk_2,161,"1727852560,56298","20,1506828412299","57,4105439841306","1162,9632",214,14025126,14025340,FALSCH,"0,026","0,02","0,006","0,001",14,control,"3,33333","0,6724",,4,6,10,WAHR,1504
image_2955.png,7,farmbot_uzk_2,162,"1727855073,40102","21,2375066758221","52,3933775844968","3698,4384",668,43779382,43780050,FALSCH,"0,014","0,008","0,006","0,001",14,control,"1,33333","1,0668",,1,5,6,FALSCH,1505
image_2956.png,7,farmbot_uzk_2,162,"1727852560,56298","20,1506828412299","57,4105439841306","1162,9632",214,14025126,14025340,FALSCH,"0,014","0,008","0,006","0,001",14,control,"1,33333","1,0668",,1,5,6,WAHR,1505
image_2957.png,7,farmbot_uzk_2,163,"1727855128,94648","20,727473868925","53,9406424048219","3660,7392",659,43189543,43190202,FALSCH,"0,053","0,042","0,011","0,005",14,control,"3,81818","1,9825",,4,6,10,FALSCH,1506
image_2958.png,7,farmbot_uzk_2,163,"1727852621,21334","20,0385290302892","57,3052567330434","1167,3696",217,14221737,14221954,FALSCH,"0,053","0,042","0,011","0,005",14,control,"3,81818","1,9825",,4,6,10,WAHR,1506
image_2959.png,7,farmbot_uzk_2,164,"1727852621,21334","20,0385290302892","57,3052567330434","1167,3696",217,14221737,14221954,FALSCH,"0,08","0,071","0,009","0,003",14,control,"7,88889","3,7678",,2,10,12,WAHR,1507
image_2960.png,7,farmbot_uzk_2,164,"1727855128,94648","20,727473868925","53,9406424048219","3660,7392",659,43189543,43190202,FALSCH,"0,08","0,071","0,009","0,003",14,control,"7,88889","3,7678",,2,10,12,FALSCH,1507
image_2961.png,7,farmbot_uzk_2,165,"1727852621,21334","20,0385290302892","57,3052567330434","1167,3696",217,14221737,14221954,FALSCH,"0,073","0,059","0,014","0,003",14,control,"4,21429","2,2118",,2,9,11,WAHR,1508
image_2962.png,7,farmbot_uzk_2,165,"1727855128,94648","20,727473868925","53,9406424048219","3660,7392",659,43189543,43190202,FALSCH,"0,073","0,059","0,014","0,003",14,control,"4,21429","2,2118",,2,9,11,FALSCH,1508
image_2963.png,7,farmbot_uzk_2,166,"1727855128,94648","20,727473868925","53,9406424048219","3660,7392",659,43189543,43190202,FALSCH,"0,092","0,07","0,022","0,004",14,control,"3,18182","2,4214",,4,8,12,FALSCH,1509
image_2964.png,7,farmbot_uzk_2,166,"1727852621,21334","20,0385290302892","57,3052567330434","1167,3696",217,14221737,14221954,FALSCH,"0,092","0,07","0,022","0,004",14,control,"3,18182","2,4214",,4,8,12,WAHR,1509
image_2965.png,7,farmbot_uzk_2,167,"1727852621,21334","20,0385290302892","57,3052567330434","1167,3696",217,14221737,14221954,FALSCH,"0,045","0,03","0,015",0,14,control,2,"0,2222",,3,12,15,WAHR,1510
image_2966.png,7,farmbot_uzk_2,167,"1727855128,94648","20,727473868925","53,9406424048219","3660,7392",659,43189543,43190202,FALSCH,"0,045","0,03","0,015",0,14,control,2,"0,2222",,3,12,15,FALSCH,1510
image_2967.png,7,farmbot_uzk_2,168,"1727855128,94648","20,727473868925","53,9406424048219","3660,7392",659,43189543,43190202,FALSCH,"0,05","0,041","0,009",0,14,control,"4,55556","1,4569",,4,6,10,FALSCH,1511
image_2968.png,7,farmbot_uzk_2,168,"1727852621,21334","20,0385290302892","57,3052567330434","1167,3696",217,14221737,14221954,FALSCH,"0,05","0,041","0,009",0,14,control,"4,55556","1,4569",,4,6,10,WAHR,1511
image_2969.png,8,farmbot_uzk,1,"1732525305,51842","19,9584191653315","48,7815671015488","1,4688",1,65537,65538,FALSCH,"0,01","0,009","0,001","0,0007",14,control,9,,,2,4,6,FALSCH,1512
image_2970.png,8,farmbot_uzk,1,"1732527117,43076","20,4390783550774","48,0949111161975","14,0352",4,262150,262154,FALSCH,"0,01","0,009","0,001","0,0007",14,control,9,,,2,4,6,WAHR,1512
image_2971.png,8,farmbot_uzk,2,"1732525305,94177","19,9584191653315","48,7815671015488","1,4688",1,65537,65538,FALSCH,"0,0059","0,005","0,0009","0,0001",14,control,"5,55556",,,2,5,7,FALSCH,1513
image_2972.png,8,farmbot_uzk,2,"1732527117,86236","20,4390783550774","48,0949111161975","14,0352",4,262150,262154,FALSCH,"0,0059","0,005","0,0009","0,0001",14,control,"5,55556",,,2,5,7,WAHR,1513
image_2973.png,8,farmbot_uzk,3,"1732527118,28939","20,4390783550774","48,0949111161975","14,0352",4,262150,262154,FALSCH,"0,032","0,026","0,006","0,0013",14,control,"4,33333",,,3,5,8,WAHR,1514
image_2974.png,8,farmbot_uzk,3,"1732525306,36558","19,9584191653315","48,7815671015488","1,4688",1,65537,65538,FALSCH,"0,032","0,026","0,006","0,0013",14,control,"4,33333",,,3,5,8,FALSCH,1514
image_2975.png,8,farmbot_uzk,4,"1732527118,79065","20,4390783550774","48,0949111161975","14,0352",4,262150,262154,FALSCH,"0,011","0,008","0,003","0,0009",14,control,"2,66667",,,2,6,8,WAHR,1515
image_2976.png,8,farmbot_uzk,4,"1732525306,8178","19,9584191653315","48,7815671015488","1,4688",1,65537,65538,FALSCH,"0,011","0,008","0,003","0,0009",14,control,"2,66667",,,2,6,8,FALSCH,1515
image_2977.png,8,farmbot_uzk,5,"1732525307,2596","19,9584191653315","48,7815671015488","1,4688",1,65537,65538,FALSCH,"0,014","0,008","0,006","0,0006",14,control,"1,33333",,,2,5,7,FALSCH,1516
image_2978.png,8,farmbot_uzk,5,"1732527119,52786","20,4390783550774","48,0949111161975","14,0352",4,262150,262154,FALSCH,"0,014","0,008","0,006","0,0006",14,control,"1,33333",,,2,5,7,WAHR,1516
image_2979.png,8,farmbot_uzk,6,"1732527120,19654","20,4390783550774","48,0949111161975","14,0352",4,262150,262154,FALSCH,"0,014","0,009","0,005","0,0006",14,control,"1,8",,,2,4,6,WAHR,1517
image_2980.png,8,farmbot_uzk,6,"1732525307,72991","19,9584191653315","48,7815671015488","1,4688",1,65537,65538,FALSCH,"0,014","0,009","0,005","0,0006",14,control,"1,8",,,2,4,6,FALSCH,1517
image_2981.png,8,farmbot_uzk,7,"1732527192,48504","20,4951552605478","48,0918593118181","9,9552",4,262149,262153,FALSCH,"0,0051","0,005","0,0001","0,0001",14,control,50,,,2,4,6,WAHR,1518
image_2982.png,8,farmbot_uzk,7,"1732525380,25528","19,9317158770123","48,4016174563211","1,4688",1,65537,65538,FALSCH,"0,0051","0,005","0,0001","0,0001",14,control,50,,,2,4,6,FALSCH,1518
image_2983.png,8,farmbot_uzk,8,"1732525380,68219","19,9317158770123","48,4016174563211","1,4688",1,65537,65538,FALSCH,"0,01","0,007","0,003","0,0001",14,control,"2,33333",,,2,5,7,FALSCH,1519
image_2984.png,8,farmbot_uzk,8,"1732527192,91927","20,4951552605478","48,0918593118181","9,9552",4,262149,262153,FALSCH,"0,01","0,007","0,003","0,0001",14,control,"2,33333",,,2,5,7,WAHR,1519
image_2985.png,8,farmbot_uzk,9,"1732527193,35213","20,4951552605478","48,0918593118181","9,9552",4,262149,262153,FALSCH,"0,015","0,01","0,005","0,0004",14,control,2,,,2,5,7,WAHR,1520
image_2986.png,8,farmbot_uzk,9,"1732525381,1044","19,9317158770123","48,4016174563211","1,4688",1,65537,65538,FALSCH,"0,015","0,01","0,005","0,0004",14,control,2,,,2,5,7,FALSCH,1520
image_2987.png,8,farmbot_uzk,10,"1732525381,54076","19,9317158770123","48,4016174563211","1,4688",1,65537,65538,FALSCH,"0,014","0,01","0,004","0,0008",14,control,"2,5",,,4,2,6,FALSCH,1521
image_2988.png,8,farmbot_uzk,10,"1732527193,7909","20,4951552605478","48,0918593118181","9,9552",4,262149,262153,FALSCH,"0,014","0,01","0,004","0,0008",14,control,"2,5",,,4,2,6,WAHR,1521
image_2989.png,8,farmbot_uzk,11,"1732527194,52456","20,4951552605478","48,0918593118181","9,9552",4,262149,262153,FALSCH,"0,0093","0,009","0,0003","0,0002",14,control,30,,,2,5,7,WAHR,1522
image_2990.png,8,farmbot_uzk,11,"1732525382,01108","19,9317158770123","48,4016174563211","1,4688",1,65537,65538,FALSCH,"0,0093","0,009","0,0003","0,0002",14,control,30,,,2,5,7,FALSCH,1522
image_2991.png,8,farmbot_uzk,12,"1732525382,48236","19,9317158770123","48,4016174563211","1,4688",1,65537,65538,FALSCH,"0,006","0,003","0,003","0,0001",14,control,1,,,2,4,6,FALSCH,1523
image_2992.png,8,farmbot_uzk,12,"1732527195,29204","20,4951552605478","48,0918593118181","9,9552",4,262149,262153,FALSCH,"0,006","0,003","0,003","0,0001",14,control,1,,,2,4,6,WAHR,1523
image_2993.png,8,farmbot_uzk,13,"1732525462,92822","19,9156939040208","48,6182955672541","1,4688",1,65537,65538,FALSCH,"0,032","0,026","0,006","0,0016",14,control,"4,33333",,,2,5,7,FALSCH,1524
image_2994.png,8,farmbot_uzk,13,"1732527286,3676","20,6073090714885","47,9713130388342","9,9552",4,262149,262153,FALSCH,"0,032","0,026","0,006","0,0016",14,control,"4,33333",,,2,5,7,WAHR,1524
image_2995.png,8,farmbot_uzk,14,"1732525463,35221","19,9156939040208","48,6182955672541","1,4688",1,65537,65538,FALSCH,"0,007","0,006","0,001","0,0001",14,control,6,,,2,4,6,FALSCH,1525
image_2996.png,8,farmbot_uzk,14,"1732527286,80727","20,6073090714885","47,9713130388342","9,9552",4,262149,262153,FALSCH,"0,007","0,006","0,001","0,0001",14,control,6,,,2,4,6,WAHR,1525
image_2997.png,8,farmbot_uzk,15,"1732525463,77211","19,9156939040208","48,6182955672541","1,4688",1,65537,65538,FALSCH,"0,016","0,008","0,008","0,0005",14,control,1,,,3,5,8,FALSCH,1526
image_2998.png,8,farmbot_uzk,15,"1732527287,23208","20,6073090714885","47,9713130388342","9,9552",4,262149,262153,FALSCH,"0,016","0,008","0,008","0,0005",14,control,1,,,3,5,8,WAHR,1526
image_2999.png,8,farmbot_uzk,16,"1732525464,23513","19,9156939040208","48,6182955672541","1,4688",1,65537,65538,FALSCH,"0,013","0,01","0,003","0,0005",14,control,"3,33333",,,2,5,7,FALSCH,1527
image_3000.png,8,farmbot_uzk,16,"1732527287,68332","20,6073090714885","47,9713130388342","9,9552",4,262149,262153,FALSCH,"0,013","0,01","0,003","0,0005",14,control,"3,33333",,,2,5,7,WAHR,1527
image_3001.png,8,farmbot_uzk,17,"1732527288,13166","20,6073090714885","47,9713130388342","9,9552",4,262149,262153,FALSCH,"0,02","0,017","0,003","0,0009",14,control,"5,66667",,,2,5,7,WAHR,1528
image_3002.png,8,farmbot_uzk,17,"1732525464,6858","19,9156939040208","48,6182955672541","1,4688",1,65537,65538,FALSCH,"0,02","0,017","0,003","0,0009",14,control,"5,66667",,,2,5,7,FALSCH,1528
image_3003.png,8,farmbot_uzk,18,"1732525465,16295","19,9156939040208","48,6182955672541","1,4688",1,65537,65538,FALSCH,"0,01","0,006","0,004","0,0007",14,control,"1,5",,,3,4,7,FALSCH,1529
image_3004.png,8,farmbot_uzk,18,"1732527288,61669","20,6073090714885","47,9713130388342","9,9552",4,262149,262153,FALSCH,"0,01","0,006","0,004","0,0007",14,control,"1,5",,,3,4,7,WAHR,1529
image_3005.png,8,farmbot_uzk,19,"1732527363,00809","20,6393530174716","47,8400854505226","9,9552",4,262149,262153,FALSCH,"0,007","0,008","-0,001","0,0006",14,control,-8,,,2,5,7,WAHR,1530
image_3006.png,8,farmbot_uzk,19,"1732525535,14705","19,8596169985504","48,7830930037385","1,4688",1,65537,65538,FALSCH,"0,007","0,008","-0,001","0,0006",14,control,-8,,,2,5,7,FALSCH,1530
image_3007.png,8,farmbot_uzk,20,"1732525535,5796","19,8596169985504","48,7830930037385","1,4688",1,65537,65538,FALSCH,"0,014","0,012","0,002","0,0008",14,control,6,,,2,6,8,FALSCH,1531
image_3008.png,8,farmbot_uzk,20,"1732527363,45512","20,6393530174716","47,8400854505226","9,9552",4,262149,262153,FALSCH,"0,014","0,012","0,002","0,0008",14,control,6,,,2,6,8,WAHR,1531
image_3009.png,8,farmbot_uzk,21,"1732527363,89327","20,6393530174716","47,8400854505226","9,9552",4,262149,262153,FALSCH,"0,004","0,062","-0,058","0,0007",14,control,"-1,06897",,,3,5,8,WAHR,1532
image_3010.png,8,farmbot_uzk,21,"1732525536,01202","19,8596169985504","48,7830930037385","1,4688",1,65537,65538,FALSCH,"0,004","0,062","-0,058","0,0007",14,control,"-1,06897",,,3,5,8,FALSCH,1532
image_3011.png,8,farmbot_uzk,22,"1732525536,46238","19,8596169985504","48,7830930037385","1,4688",1,65537,65538,FALSCH,"0,018","0,015","0,003","0,0008",14,control,5,,,2,5,7,FALSCH,1533
image_3012.png,8,farmbot_uzk,22,"1732527364,34348","20,6393530174716","47,8400854505226","9,9552",4,262149,262153,FALSCH,"0,018","0,015","0,003","0,0008",14,control,5,,,2,5,7,WAHR,1533
image_3013.png,8,farmbot_uzk,23,"1732525536,93304","19,8596169985504","48,7830930037385","1,4688",1,65537,65538,FALSCH,"0,015","0,01","0,005","0,0003",14,control,2,,,3,5,8,FALSCH,1534
image_3014.png,8,farmbot_uzk,23,"1732527364,79316","20,6393530174716","47,8400854505226","9,9552",4,262149,262153,FALSCH,"0,015","0,01","0,005","0,0003",14,control,2,,,3,5,8,WAHR,1534
image_3015.png,8,farmbot_uzk,24,"1732527365,26432","20,6393530174716","47,8400854505226","9,9552",4,262149,262153,FALSCH,"0,016","0,014","0,002","0,0002",14,control,7,,,2,6,8,WAHR,1535
image_3016.png,8,farmbot_uzk,24,"1732525537,40062","19,8596169985504","48,7830930037385","1,4688",1,65537,65538,FALSCH,"0,016","0,014","0,002","0,0002",14,control,7,,,2,6,8,FALSCH,1535
image_3017.png,8,farmbot_uzk,25,"1732525617,7927","19,9584191653315","48,6350804913405","1,4688",1,65537,65538,FALSCH,"0,006","0,002","0,004","0,0004",14,control,"0,5",,,2,4,6,FALSCH,1536
image_3018.png,8,farmbot_uzk,25,"1732527487,86931","20,5939574273289","47,6890211337453","11,424",5,327686,327691,FALSCH,"0,006","0,002","0,004","0,0004",14,control,"0,5",,,2,4,6,WAHR,1536
image_3019.png,8,farmbot_uzk,26,"1732527488,31412","20,5939574273289","47,6890211337453","11,424",5,327686,327691,FALSCH,"0,0072","0,007","0,0002","0,0006",14,control,35,,,2,6,8,WAHR,1537
image_3020.png,8,farmbot_uzk,26,"1732525618,18922","19,9584191653315","48,6350804913405","1,4688",1,65537,65538,FALSCH,"0,0072","0,007","0,0002","0,0006",14,control,35,,,2,6,8,FALSCH,1537
image_3021.png,8,farmbot_uzk,27,"1732525618,62884","19,9584191653315","48,6350804913405","1,4688",1,65537,65538,FALSCH,"0,016","0,011","0,005","0,0006",14,control,"2,2",,,2,4,6,FALSCH,1538
image_3022.png,8,farmbot_uzk,27,"1732527488,7458","20,5939574273289","47,6890211337453","11,424",5,327686,327691,FALSCH,"0,016","0,011","0,005","0,0006",14,control,"2,2",,,2,4,6,WAHR,1538
image_3023.png,8,farmbot_uzk,28,"1732525619,1091","19,9584191653315","48,6350804913405","1,4688",1,65537,65538,FALSCH,"0,02","0,016","0,004","0,0011",14,control,4,,,3,5,8,FALSCH,1539
image_3024.png,8,farmbot_uzk,28,"1732527489,19319","20,5939574273289","47,6890211337453","11,424",5,327686,327691,FALSCH,"0,02","0,016","0,004","0,0011",14,control,4,,,3,5,8,WAHR,1539
image_3025.png,8,farmbot_uzk,29,"1732527489,65675","20,5939574273289","47,6890211337453","11,424",5,327686,327691,FALSCH,"0,019","0,011","0,008","0,0007",14,control,"1,375",,,2,4,6,WAHR,1540
image_3026.png,8,farmbot_uzk,29,"1732525619,55571","19,9584191653315","48,6350804913405","1,4688",1,65537,65538,FALSCH,"0,019","0,011","0,008","0,0007",14,control,"1,375",,,2,4,6,FALSCH,1540
image_3027.png,8,farmbot_uzk,30,"1732527490,11998","20,5939574273289","47,6890211337453","11,424",5,327686,327691,FALSCH,"0,012","0,011","0,001","0,0005",14,control,11,,,3,4,7,WAHR,1541
image_3028.png,8,farmbot_uzk,30,"1732525620,02314","19,9584191653315","48,6350804913405","1,4688",1,65537,65538,FALSCH,"0,012","0,011","0,001","0,0005",14,control,11,,,3,4,7,FALSCH,1541
image_3029.png,8,farmbot_uzk,31,"1732525690,00074","19,9023422598611","48,7403677424277","1,4688",1,65537,65538,FALSCH,"0,009","0,007","0,002","0,0007",14,control,"3,5",,,2,5,7,FALSCH,1542
image_3030.png,8,farmbot_uzk,31,"1732527560,41223","20,6073090714885","48,1544213015946","12,8928",6,393223,393229,FALSCH,"0,009","0,007","0,002","0,0007",14,control,"3,5",,,2,5,7,WAHR,1542
image_3031.png,8,farmbot_uzk,32,"1732527560,84889","20,6073090714885","48,1544213015946","12,8928",6,393223,393229,FALSCH,"0,01","0,007","0,003","0,0006",14,control,"2,33333",,,2,4,6,WAHR,1543
image_3032.png,8,farmbot_uzk,32,"1732525690,42566","19,9023422598611","48,7403677424277","1,4688",1,65537,65538,FALSCH,"0,01","0,007","0,003","0,0006",14,control,"2,33333",,,2,4,6,FALSCH,1543
image_3033.png,8,farmbot_uzk,33,"1732527561,36679","20,6073090714885","48,1544213015946","12,8928",6,393223,393229,FALSCH,"0,012","0,004","0,008","0,0002",14,control,"0,5",,,3,3,6,WAHR,1544
image_3034.png,8,farmbot_uzk,33,"1732525690,85105","19,9023422598611","48,7403677424277","1,4688",1,65537,65538,FALSCH,"0,012","0,004","0,008","0,0002",14,control,"0,5",,,3,3,6,FALSCH,1544
image_3035.png,8,farmbot_uzk,34,"1732525691,29954","19,9023422598611","48,7403677424277","1,4688",1,65537,65538,FALSCH,"0,008","0,007","0,001","0,0007",14,control,7,,,2,3,5,FALSCH,1545
image_3036.png,8,farmbot_uzk,34,"1732527561,79305","20,6073090714885","48,1544213015946","12,8928",6,393223,393229,FALSCH,"0,008","0,007","0,001","0,0007",14,control,7,,,2,3,5,WAHR,1545
image_3037.png,8,farmbot_uzk,35,"1732527562,24393","20,6073090714885","48,1544213015946","12,8928",6,393223,393229,FALSCH,"0,012","0,009","0,003","0,0008",14,control,3,,,2,4,6,WAHR,1546
image_3038.png,8,farmbot_uzk,35,"1732525691,74798","19,9023422598611","48,7403677424277","1,4688",1,65537,65538,FALSCH,"0,012","0,009","0,003","0,0008",14,control,3,,,2,4,6,FALSCH,1546
image_3039.png,8,farmbot_uzk,36,"1732527562,68694","20,6073090714885","48,1544213015946","12,8928",6,393223,393229,FALSCH,"0,007","0,003","0,004","0,0007",14,control,"0,75",,,2,4,6,WAHR,1547
image_3040.png,8,farmbot_uzk,36,"1732525692,2106","19,9023422598611","48,7403677424277","1,4688",1,65537,65538,FALSCH,"0,007","0,003","0,004","0,0007",14,control,"0,75",,,2,4,6,FALSCH,1547
image_3041.png,8,farmbot_uzk,37,"1732525771,10052","19,9023422598611","49,0897993438621","1,4688",1,65537,65538,FALSCH,"0,015","0,013","0,002","0,0013",14,control,"6,5",,,4,4,8,FALSCH,1548
image_3042.png,8,farmbot_uzk,37,"1732527673,68592","20,6527046616312","48,563363088426","19,584",5,327688,327693,FALSCH,"0,015","0,013","0,002","0,0013",14,control,"6,5",,,4,4,8,WAHR,1548
image_3043.png,8,farmbot_uzk,38,"1732527674,11499","20,6527046616312","48,563363088426","19,584",5,327688,327693,FALSCH,"0,02","0,016","0,004","0,001",14,control,4,,,2,4,6,WAHR,1549
image_3044.png,8,farmbot_uzk,38,"1732525771,52806","19,9023422598611","49,0897993438621","1,4688",1,65537,65538,FALSCH,"0,02","0,016","0,004","0,001",14,control,4,,,2,4,6,FALSCH,1549
image_3045.png,8,farmbot_uzk,39,"1732525771,95","19,9023422598611","49,0897993438621","1,4688",1,65537,65538,FALSCH,"0,022","0,017","0,005","0,0008",14,control,"3,4",,,3,4,7,FALSCH,1550
image_3046.png,8,farmbot_uzk,39,"1732527674,53524","20,6527046616312","48,563363088426","19,584",5,327688,327693,FALSCH,"0,022","0,017","0,005","0,0008",14,control,"3,4",,,3,4,7,WAHR,1550
image_3047.png,8,farmbot_uzk,40,"1732527674,98781","20,6527046616312","48,563363088426","19,584",5,327688,327693,FALSCH,"0,018","0,014","0,004","0,001",14,control,"3,5",,,2,6,8,WAHR,1551
image_3048.png,8,farmbot_uzk,40,"1732525772,41401","19,9023422598611","49,0897993438621","1,4688",1,65537,65538,FALSCH,"0,018","0,014","0,004","0,001",14,control,"3,5",,,2,6,8,FALSCH,1551
image_3049.png,8,farmbot_uzk,41,"1732527675,42967","20,6527046616312","48,563363088426","19,584",5,327688,327693,FALSCH,"0,009","0,008","0,001","0,0005",14,control,8,,,4,4,8,WAHR,1552
image_3050.png,8,farmbot_uzk,41,"1732525772,85876","19,9023422598611","49,0897993438621","1,4688",1,65537,65538,FALSCH,"0,009","0,008","0,001","0,0005",14,control,8,,,4,4,8,FALSCH,1552
image_3051.png,8,farmbot_uzk,42,"1732527675,88785","20,6527046616312","48,563363088426","19,584",5,327688,327693,FALSCH,"0,017","0,014","0,003","0,0012",14,control,"4,66667",,,3,5,8,WAHR,1553
image_3052.png,8,farmbot_uzk,42,"1732525773,31745","19,9023422598611","49,0897993438621","1,4688",1,65537,65538,FALSCH,"0,017","0,014","0,003","0,0012",14,control,"4,66667",,,3,5,8,FALSCH,1553
image_3053.png,8,farmbot_uzk,43,"1732527749,21866","20,8770122835126","48,1040665293355","15,504",5,327687,327692,FALSCH,"0,0122","0,012","0,0002","0,0003",14,control,60,,,3,4,7,WAHR,1554
image_3054.png,8,farmbot_uzk,43,"1732525844,34965","19,9717708094911","48,6228732738232","8,16",0,2,2,FALSCH,"0,0122","0,012","0,0002","0,0003",14,control,60,,,3,4,7,FALSCH,1554
image_3055.png,8,farmbot_uzk,44,"1732525844,78062","19,9717708094911","48,6228732738232","8,16",0,2,2,FALSCH,"0,011","0,008","0,003","0,0007",14,control,"2,66667",,,2,4,6,FALSCH,1555
image_3056.png,8,farmbot_uzk,44,"1732527749,66702","20,8770122835126","48,1040665293355","15,504",5,327687,327692,FALSCH,"0,011","0,008","0,003","0,0007",14,control,"2,66667",,,2,4,6,WAHR,1555
image_3057.png,8,farmbot_uzk,45,"1732525845,19838","19,9717708094911","48,6228732738232","8,16",0,2,2,FALSCH,"0,009","0,008","0,001","0,0008",14,control,8,,,4,3,7,FALSCH,1556
image_3058.png,8,farmbot_uzk,45,"1732527750,08803","20,8770122835126","48,1040665293355","15,504",5,327687,327692,FALSCH,"0,009","0,008","0,001","0,0008",14,control,8,,,4,3,7,WAHR,1556
image_3059.png,8,farmbot_uzk,46,"1732527750,53281","20,8770122835126","48,1040665293355","15,504",5,327687,327692,FALSCH,"0,015","0,014","0,001","0,0011",14,control,14,,,2,8,10,WAHR,1557
image_3060.png,8,farmbot_uzk,46,"1732525845,64272","19,9717708094911","48,6228732738232","8,16",0,2,2,FALSCH,"0,015","0,014","0,001","0,0011",14,control,14,,,2,8,10,FALSCH,1557
image_3061.png,8,farmbot_uzk,47,"1732527750,98021","20,8770122835126","48,1040665293355","15,504",5,327687,327692,FALSCH,"0,019","0,014","0,005","0,0011",14,control,"2,8",,,2,6,8,WAHR,1558
image_3062.png,8,farmbot_uzk,47,"1732525846,08773","19,9717708094911","48,6228732738232","8,16",0,2,2,FALSCH,"0,019","0,014","0,005","0,0011",14,control,"2,8",,,2,6,8,FALSCH,1558
image_3063.png,8,farmbot_uzk,48,"1732527751,44383","20,8770122835126","48,1040665293355","15,504",5,327687,327692,FALSCH,"0,013","0,011","0,002","0,0009",14,control,"5,5",,,2,4,6,WAHR,1559
image_3064.png,8,farmbot_uzk,48,"1732525846,55682","19,9717708094911","48,6228732738232","8,16",0,2,2,FALSCH,"0,013","0,011","0,002","0,0009",14,control,"5,5",,,2,4,6,FALSCH,1559
image_3065.png,8,farmbot_uzk,49,"1732525932,0263","20,0331883726253","48,4855420767529","1,4688",1,65537,65538,FALSCH,"0,023","0,016","0,007","0,0011",14,control,"2,28571",,,2,6,8,FALSCH,1560
image_3066.png,8,farmbot_uzk,49,"1732527837,72611","20,7942320897231","47,325856412604","11,424",5,327686,327691,FALSCH,"0,023","0,016","0,007","0,0011",14,control,"2,28571",,,2,6,8,WAHR,1560
image_3067.png,8,farmbot_uzk,50,"1732525932,44899","20,0331883726253","48,4855420767529","1,4688",1,65537,65538,FALSCH,"0,011","0,01","0,001","0,0008",14,control,10,,,3,5,8,FALSCH,1561
image_3068.png,8,farmbot_uzk,50,"1732527838,16037","20,7942320897231","47,325856412604","11,424",5,327686,327691,FALSCH,"0,011","0,01","0,001","0,0008",14,control,10,,,3,5,8,WAHR,1561
image_3069.png,8,farmbot_uzk,51,"1732525932,86795","20,0331883726253","48,4855420767529","1,4688",1,65537,65538,FALSCH,"0,031","0,016","0,015","0,0014",14,control,"1,06667",,,2,5,7,FALSCH,1562
image_3070.png,8,farmbot_uzk,51,"1732527838,59339","20,7942320897231","47,325856412604","11,424",5,327686,327691,FALSCH,"0,031","0,016","0,015","0,0014",14,control,"1,06667",,,2,5,7,WAHR,1562
image_3071.png,8,farmbot_uzk,52,"1732527839,04113","20,7942320897231","47,325856412604","11,424",5,327686,327691,FALSCH,"0,015","0,011","0,004","0,0012",14,control,"2,75",,,4,4,8,WAHR,1563
image_3072.png,8,farmbot_uzk,52,"1732525933,30967","20,0331883726253","48,4855420767529","1,4688",1,65537,65538,FALSCH,"0,015","0,011","0,004","0,0012",14,control,"2,75",,,4,4,8,FALSCH,1563
image_3073.png,8,farmbot_uzk,53,"1732527839,48381","20,7942320897231","47,325856412604","11,424",5,327686,327691,FALSCH,"0,043","0,021","0,022","0,0012",14,control,"0,95455",,,4,2,6,WAHR,1564
image_3074.png,8,farmbot_uzk,53,"1732525933,75884","20,0331883726253","48,4855420767529","1,4688",1,65537,65538,FALSCH,"0,043","0,021","0,022","0,0012",14,control,"0,95455",,,4,2,6,FALSCH,1564
image_3075.png,8,farmbot_uzk,54,"1732527839,95575","20,7942320897231","47,325856412604","11,424",5,327686,327691,FALSCH,"0,02","0,017","0,003","0,0013",14,control,"5,66667",,,2,5,7,WAHR,1565
image_3076.png,8,farmbot_uzk,54,"1732525934,22646","20,0331883726253","48,4855420767529","1,4688",1,65537,65538,FALSCH,"0,02","0,017","0,003","0,0013",14,control,"5,66667",,,2,5,7,FALSCH,1565
image_3077.png,8,farmbot_uzk,55,"1733131504,95545","18,9436942092012","50,8506904707408","226,6848",46,3014741,3014787,FALSCH,"0,008","0,007","0,001","0,0006",14,control,7,,,2,5,7,FALSCH,1566
image_3078.png,8,farmbot_uzk,55,"1733130073,9828","19,1119249256123","52,5902189669642","579,8496",142,9306345,9306487,FALSCH,"0,008","0,007","0,001","0,0006",14,control,7,,,2,5,7,WAHR,1566
image_3079.png,8,farmbot_uzk,55,"1733129850,27","19,0424963759823","52,7153429465171","614,6112",149,9765110,9765259,FALSCH,"0,008","0,007","0,001","0,0006",14,control,7,,,2,5,7,WAHR,1566
image_3080.png,8,farmbot_uzk,55,"1732526004,34772","20,1026169222553","48,5175860227359",0,0,0,0,FALSCH,"0,008","0,007","0,001","0,0006",14,control,7,,,2,5,7,FALSCH,1566
image_3081.png,8,farmbot_uzk,55,"1732527917,75733","20,5378805218586","47,6340886549172","11,424",5,327686,327691,FALSCH,"0,008","0,007","0,001","0,0006",14,control,7,,,2,5,7,WAHR,1566
image_3082.png,8,farmbot_uzk,56,"1732527918,19914","20,5378805218586","47,6340886549172","11,424",5,327686,327691,FALSCH,"0,018","0,011","0,007","0,001",14,control,"1,57143",,,2,5,7,WAHR,1567
image_3083.png,8,farmbot_uzk,56,"1733131505,38953","18,9436942092012","50,8506904707408","226,6848",46,3014741,3014787,FALSCH,"0,018","0,011","0,007","0,001",14,control,"1,57143",,,2,5,7,FALSCH,1567
image_3084.png,8,farmbot_uzk,56,"1732526004,77402","20,1026169222553","48,5175860227359",0,0,0,0,FALSCH,"0,018","0,011","0,007","0,001",14,control,"1,57143",,,2,5,7,FALSCH,1567
image_3085.png,8,farmbot_uzk,56,"1733129850,70411","19,0424963759823","52,7153429465171","614,6112",149,9765110,9765259,FALSCH,"0,018","0,011","0,007","0,001",14,control,"1,57143",,,2,5,7,WAHR,1567
image_3086.png,8,farmbot_uzk,56,"1733130074,4207","19,1119249256123","52,5902189669642","579,8496",142,9306345,9306487,FALSCH,"0,018","0,011","0,007","0,001",14,control,"1,57143",,,2,5,7,WAHR,1567
image_3087.png,8,farmbot_uzk,57,"1732527918,64055","20,5378805218586","47,6340886549172","11,424",5,327686,327691,FALSCH,"0,059","0,05","0,009","0,0022",21,control,"5,55556",,,2,8,10,WAHR,1568
image_3088.png,8,farmbot_uzk,57,"1733129851,14844","19,0424963759823","52,7153429465171","614,6112",149,9765110,9765259,FALSCH,"0,059","0,05","0,009","0,0022",21,control,"5,55556",,,2,8,10,WAHR,1568
image_3089.png,8,farmbot_uzk,57,"1732526005,19976","20,1026169222553","48,5175860227359",0,0,0,0,FALSCH,"0,059","0,05","0,009","0,0022",21,control,"5,55556",,,2,8,10,FALSCH,1568
image_3090.png,8,farmbot_uzk,57,"1733131505,81001","18,9436942092012","50,8506904707408","226,6848",46,3014741,3014787,FALSCH,"0,059","0,05","0,009","0,0022",21,control,"5,55556",,,2,8,10,FALSCH,1568
image_3091.png,8,farmbot_uzk,57,"1733130074,84423","19,1119249256123","52,5902189669642","579,8496",142,9306345,9306487,FALSCH,"0,059","0,05","0,009","0,0022",21,control,"5,55556",,,2,8,10,WAHR,1568
image_3092.png,8,farmbot_uzk,58,"1733130075,28154","19,1119249256123","52,5902189669642","579,8496",142,9306345,9306487,FALSCH,,,,,21,control,,,,,,0,WAHR,1569
image_3093.png,8,farmbot_uzk,58,"1732526005,63829","20,1026169222553","48,5175860227359",0,0,0,0,FALSCH,,,,,21,control,,,,,,0,FALSCH,1569
image_3094.png,8,farmbot_uzk,58,"1733131506,25526","18,9436942092012","50,8506904707408","226,6848",46,3014741,3014787,FALSCH,,,,,21,control,,,,,,0,FALSCH,1569
image_3095.png,8,farmbot_uzk,58,"1733129851,59396","19,0424963759823","52,7153429465171","614,6112",149,9765110,9765259,FALSCH,,,,,21,control,,,,,,0,WAHR,1569
image_3096.png,8,farmbot_uzk,58,"1732527919,0855","20,5378805218586","47,6340886549172","11,424",5,327686,327691,FALSCH,,,,,21,control,,,,,,0,WAHR,1569
image_3097.png,8,farmbot_uzk,59,"1733130075,71456","19,1119249256123","52,5902189669642","579,8496",142,9306345,9306487,FALSCH,"0,028","0,023","0,005","0,0015",21,control,"4,6",,,2,7,9,WAHR,1570
image_3098.png,8,farmbot_uzk,59,"1732527919,53305","20,5378805218586","47,6340886549172","11,424",5,327686,327691,FALSCH,"0,028","0,023","0,005","0,0015",21,control,"4,6",,,2,7,9,WAHR,1570
image_3099.png,8,farmbot_uzk,59,"1733131506,6815","18,9436942092012","50,8506904707408","226,6848",46,3014741,3014787,FALSCH,"0,028","0,023","0,005","0,0015",21,control,"4,6",,,2,7,9,FALSCH,1570
image_3100.png,8,farmbot_uzk,59,"1732526006,08524","20,1026169222553","48,5175860227359",0,0,0,0,FALSCH,"0,028","0,023","0,005","0,0015",21,control,"4,6",,,2,7,9,FALSCH,1570
image_3101.png,8,farmbot_uzk,59,"1733129852,03098","19,0424963759823","52,7153429465171","614,6112",149,9765110,9765259,FALSCH,"0,028","0,023","0,005","0,0015",21,control,"4,6",,,2,7,9,WAHR,1570
image_3102.png,8,farmbot_uzk,60,"1733129852,50517","19,0424963759823","52,7153429465171","614,6112",149,9765110,9765259,FALSCH,"0,05","0,049","0,001","0,0026",21,control,49,,,2,8,10,WAHR,1571
image_3103.png,8,farmbot_uzk,60,"1732527920,01446","20,5378805218586","47,6340886549172","11,424",5,327686,327691,FALSCH,"0,05","0,049","0,001","0,0026",21,control,49,,,2,8,10,WAHR,1571
image_3104.png,8,farmbot_uzk,60,"1732526006,55103","20,1026169222553","48,5175860227359",0,0,0,0,FALSCH,"0,05","0,049","0,001","0,0026",21,control,49,,,2,8,10,FALSCH,1571
image_3105.png,8,farmbot_uzk,60,"1733130076,18171","19,1119249256123","52,5902189669642","579,8496",142,9306345,9306487,FALSCH,"0,05","0,049","0,001","0,0026",21,control,49,,,2,8,10,WAHR,1571
image_3106.png,8,farmbot_uzk,60,"1733131507,13838","18,9436942092012","50,8506904707408","226,6848",46,3014741,3014787,FALSCH,"0,05","0,049","0,001","0,0026",21,control,49,,,2,8,10,FALSCH,1571
image_3107.png,8,farmbot_uzk,61,"1733130159,35135","19,1840238040742","53,2143129625391","583,9296",142,9306346,9306488,FALSCH,"0,015","0,011","0,004","0,0027",21,control,"2,75",,,2,7,9,WAHR,1572
image_3108.png,8,farmbot_uzk,61,"1733131586,84746","18,8448920424201","51,3817044327459","175,2768",36,2359362,2359398,FALSCH,"0,015","0,011","0,004","0,0027",21,control,"2,75",,,2,7,9,FALSCH,1572
image_3109.png,8,farmbot_uzk,62,"1733130159,79434","19,1840238040742","53,2143129625391","583,9296",142,9306346,9306488,FALSCH,"0,047","0,04","0,007","0,0144",21,control,"5,71429",,,2,8,10,WAHR,1573
image_3110.png,8,farmbot_uzk,62,"1733131587,26922","18,8448920424201","51,3817044327459","175,2768",36,2359362,2359398,FALSCH,"0,047","0,04","0,007","0,0144",21,control,"5,71429",,,2,8,10,FALSCH,1573
image_3111.png,8,farmbot_uzk,63,"1733130160,22171","19,1840238040742","53,2143129625391","583,9296",142,9306346,9306488,FALSCH,"0,078","0,052","0,026","0,0104",21,control,2,,,2,9,11,WAHR,1574
image_3112.png,8,farmbot_uzk,63,"1733131587,68071","18,8448920424201","51,3817044327459","175,2768",36,2359362,2359398,FALSCH,"0,078","0,052","0,026","0,0104",21,control,2,,,2,9,11,FALSCH,1574
image_3113.png,8,farmbot_uzk,64,"1733130160,66464","19,1840238040742","53,2143129625391","583,9296",142,9306346,9306488,FALSCH,"0,071","0,047","0,024","0,0036",21,control,"1,95833",,,1,7,8,WAHR,1575
image_3114.png,8,farmbot_uzk,64,"1733131588,12273","18,8448920424201","51,3817044327459","175,2768",36,2359362,2359398,FALSCH,"0,071","0,047","0,024","0,0036",21,control,"1,95833",,,1,7,8,FALSCH,1575
image_3115.png,8,farmbot_uzk,65,"1733131588,56533","18,8448920424201","51,3817044327459","175,2768",36,2359362,2359398,FALSCH,"0,047","0,028","0,019","0,0012",21,control,"1,47368",,,1,6,7,FALSCH,1576
image_3116.png,8,farmbot_uzk,65,"1733130161,11648","19,1840238040742","53,2143129625391","583,9296",142,9306346,9306488,FALSCH,"0,047","0,028","0,019","0,0012",21,control,"1,47368",,,1,6,7,WAHR,1576
image_3117.png,8,farmbot_uzk,66,"1733130161,57052","19,1840238040742","53,2143129625391","583,9296",142,9306346,9306488,FALSCH,"0,072","0,038","0,034","0,0036",21,control,"1,11765",,,2,8,10,WAHR,1577
image_3118.png,8,farmbot_uzk,66,"1733131589,02833","18,8448920424201","51,3817044327459","175,2768",36,2359362,2359398,FALSCH,"0,072","0,038","0,034","0,0036",21,control,"1,11765",,,2,8,10,FALSCH,1577
image_3119.png,8,farmbot_uzk,67,"1733130232,31637","19,2534523537041","51,8577859159228","604,656",145,9502961,9503106,FALSCH,"0,016","0,007","0,009","0,0008",21,control,"0,77778",,,2,5,7,WAHR,1578
image_3120.png,8,farmbot_uzk,67,"1733131659,15379","18,8448920424201","51,7265583276112","146,064",30,1966135,1966165,FALSCH,"0,016","0,007","0,009","0,0008",21,control,"0,77778",,,2,5,7,FALSCH,1578
image_3121.png,8,farmbot_uzk,68,"1733130232,74133","19,2534523537041","51,8577859159228","604,656",145,9502961,9503106,FALSCH,"0,022","0,015","0,007","0,0019",21,control,"2,14286",,,2,6,8,WAHR,1579
image_3122.png,8,farmbot_uzk,68,"1733131659,57646","18,8448920424201","51,7265583276112","146,064",30,1966135,1966165,FALSCH,"0,022","0,015","0,007","0,0019",21,control,"2,14286",,,2,6,8,FALSCH,1579
image_3123.png,8,farmbot_uzk,69,"1733130233,16923","19,2534523537041","51,8577859159228","604,656",145,9502961,9503106,FALSCH,"0,096","0,053","0,043","0,0029",21,drought,"1,23256",,,2,8,10,WAHR,1580
image_3124.png,8,farmbot_uzk,69,"1733131659,99531","18,8448920424201","51,7265583276112","146,064",30,1966135,1966165,FALSCH,"0,096","0,053","0,043","0,0029",21,drought,"1,23256",,,2,8,10,FALSCH,1580
image_3125.png,8,farmbot_uzk,70,"1733130233,62071","19,2534523537041","51,8577859159228","604,656",145,9502961,9503106,FALSCH,"0,035","0,017","0,018","0,0016",21,drought,"0,94444",,,0,9,9,WAHR,1581
image_3126.png,8,farmbot_uzk,70,"1733131660,45315","18,8448920424201","51,7265583276112","146,064",30,1966135,1966165,FALSCH,"0,035","0,017","0,018","0,0016",21,drought,"0,94444",,,0,9,9,FALSCH,1581
image_3127.png,8,farmbot_uzk,71,"1733130234,08378","19,2534523537041","51,8577859159228","604,656",145,9502961,9503106,FALSCH,"0,09","0,067","0,023","0,0015",21,drought,"2,91304",,,2,9,11,WAHR,1582
image_3128.png,8,farmbot_uzk,71,"1733131660,90116","18,8448920424201","51,7265583276112","146,064",30,1966135,1966165,FALSCH,"0,09","0,067","0,023","0,0015",21,drought,"2,91304",,,2,9,11,FALSCH,1582
image_3129.png,8,farmbot_uzk,72,"1733130234,54598","19,2534523537041","51,8577859159228","604,656",145,9502961,9503106,FALSCH,"0,067","0,054","0,013","0,0036",21,drought,"4,15385",,,2,6,8,WAHR,1583
image_3130.png,8,farmbot_uzk,72,"1733131661,3677","18,8448920424201","51,7265583276112","146,064",30,1966135,1966165,FALSCH,"0,067","0,054","0,013","0,0036",21,drought,"4,15385",,,2,6,8,FALSCH,1583
image_3131.png,8,farmbot_uzk,73,"1733130320,89518","19,2828259708553","51,9600213626307","618,6912",149,9765111,9765260,FALSCH,"0,047","0,035","0,012","0,0038",21,drought,"2,91667",,,2,8,10,WAHR,1584
image_3132.png,8,farmbot_uzk,73,"1733131754,83968","18,8448920424201","51,4473182269017","137,5776",27,1769523,1769550,FALSCH,"0,047","0,035","0,012","0,0038",21,drought,"2,91667",,,2,8,10,FALSCH,1584
image_3133.png,8,farmbot_uzk,74,"1733130321,32834","19,2828259708553","51,9600213626307","618,6912",149,9765111,9765260,FALSCH,"0,084","0,066","0,018","0,002",21,drought,"3,66667",,,2,9,11,WAHR,1585
image_3134.png,8,farmbot_uzk,74,"1733131755,26031","18,8448920424201","51,4473182269017","137,5776",27,1769523,1769550,FALSCH,"0,084","0,066","0,018","0,002",21,drought,"3,66667",,,2,9,11,FALSCH,1585
image_3135.png,8,farmbot_uzk,75,"1733130321,75372","19,2828259708553","51,9600213626307","618,6912",149,9765111,9765260,FALSCH,"0,07","0,029","0,041","0,0017",21,drought,"0,70732",,,2,8,10,WAHR,1586
image_3136.png,8,farmbot_uzk,75,"1733131755,67396","18,8448920424201","51,4473182269017","137,5776",27,1769523,1769550,FALSCH,"0,07","0,029","0,041","0,0017",21,drought,"0,70732",,,2,8,10,FALSCH,1586
image_3137.png,8,farmbot_uzk,76,"1733131756,11297","18,8448920424201","51,4473182269017","137,5776",27,1769523,1769550,FALSCH,"0,034","0,017","0,017","0,002",21,drought,1,,,2,5,7,FALSCH,1587
image_3138.png,8,farmbot_uzk,76,"1733130322,19561","19,2828259708553","51,9600213626307","618,6912",149,9765111,9765260,FALSCH,"0,034","0,017","0,017","0,002",21,drought,1,,,2,5,7,WAHR,1587
image_3139.png,8,farmbot_uzk,77,"1733130322,64281","19,2828259708553","51,9600213626307","618,6912",149,9765111,9765260,FALSCH,"0,08","0,069","0,011","0,0037",21,drought,"6,27273",,,2,8,10,WAHR,1588
image_3140.png,8,farmbot_uzk,77,"1733131756,56791","18,8448920424201","51,4473182269017","137,5776",27,1769523,1769550,FALSCH,"0,08","0,069","0,011","0,0037",21,drought,"6,27273",,,2,8,10,FALSCH,1588
image_3141.png,8,farmbot_uzk,78,"1733131757,03117","18,8448920424201","51,4473182269017","137,5776",27,1769523,1769550,FALSCH,"0,091","0,06","0,031","0,0032",21,drought,"1,93548",,,2,7,9,FALSCH,1589
image_3142.png,8,farmbot_uzk,78,"1733130323,10046","19,2828259708553","51,9600213626307","618,6912",149,9765111,9765260,FALSCH,"0,091","0,06","0,031","0,0032",21,drought,"1,93548",,,2,7,9,WAHR,1589
image_3143.png,8,farmbot_uzk,79,"1733130414,03271","19,3095292591745","51,5938048371099","644,9664",153,10027264,10027417,FALSCH,"0,075","0,05","0,025",,21,drought,2,,,2,8,10,WAHR,1590
image_3144.png,8,farmbot_uzk,79,"1733131840,73692","18,8609140154116","51,5846494239719","160,9152",29,1900602,1900631,FALSCH,"0,075","0,05","0,025",,21,drought,2,,,2,8,10,FALSCH,1590
image_3145.png,8,farmbot_uzk,80,"1733131841,1564","18,8609140154116","51,5846494239719","160,9152",29,1900602,1900631,FALSCH,,,,,21,drought,,,,,,0,FALSCH,1591
image_3146.png,8,farmbot_uzk,80,"1733130414,46036","19,3095292591745","51,5938048371099","644,9664",153,10027264,10027417,FALSCH,,,,,21,drought,,,,,,0,WAHR,1591
image_3147.png,8,farmbot_uzk,81,"1733131841,57058","18,8609140154116","51,5846494239719","160,9152",29,1900602,1900631,FALSCH,"0,057","0,03","0,027","0,003",21,drought,"1,11111",,,2,8,10,FALSCH,1592
image_3148.png,8,farmbot_uzk,81,"1733130414,88467","19,3095292591745","51,5938048371099","644,9664",153,10027264,10027417,FALSCH,"0,057","0,03","0,027","0,003",21,drought,"1,11111",,,2,8,10,WAHR,1592
image_3149.png,8,farmbot_uzk,82,"1733131842,01031","18,8609140154116","51,5846494239719","160,9152",29,1900602,1900631,FALSCH,"0,024","0,016","0,008","0,0011",21,drought,2,,,0,8,8,FALSCH,1593
image_3150.png,8,farmbot_uzk,82,"1733130415,33302","19,3095292591745","51,5938048371099","644,9664",153,10027264,10027417,FALSCH,"0,024","0,016","0,008","0,0011",21,drought,2,,,0,8,8,WAHR,1593
image_3151.png,8,farmbot_uzk,83,"1733131842,45855","18,8609140154116","51,5846494239719","160,9152",29,1900602,1900631,FALSCH,"0,066","0,045","0,021","0,0036",21,drought,"2,14286",,,2,8,10,FALSCH,1594
image_3152.png,8,farmbot_uzk,83,"1733130415,77585","19,3095292591745","51,5938048371099","644,9664",153,10027264,10027417,FALSCH,"0,066","0,045","0,021","0,0036",21,drought,"2,14286",,,2,8,10,WAHR,1594
image_3153.png,8,farmbot_uzk,84,"1733130416,30064","19,3095292591745","51,5938048371099","644,9664",153,10027264,10027417,FALSCH,"0,03","0,024","0,006","0,0025",21,drought,4,,,3,7,10,WAHR,1595
image_3154.png,8,farmbot_uzk,84,"1733131842,94137","18,8609140154116","51,5846494239719","160,9152",29,1900602,1900631,FALSCH,"0,03","0,024","0,006","0,0025",21,drought,4,,,3,7,10,FALSCH,1595
image_3155.png,8,farmbot_uzk,85,"1733130587,78434","19,1680018310826","51,2169069962615","636,8064",153,10027262,10027415,FALSCH,"0,091","0,059","0,032","0,0036",21,drought,"1,84375",,,2,9,11,WAHR,1596
image_3156.png,8,farmbot_uzk,85,"1733132013,09958","18,8742656595712","51,9905394064241","179,0304",33,2162753,2162786,FALSCH,"0,091","0,059","0,032","0,0036",21,drought,"1,84375",,,2,9,11,FALSCH,1596
image_3157.png,8,farmbot_uzk,86,"1733132013,51344","18,8742656595712","51,9905394064241","179,0304",33,2162753,2162786,FALSCH,"0,076","0,057","0,019","0,0026",21,drought,3,,,2,10,12,FALSCH,1597
image_3158.png,8,farmbot_uzk,86,"1733130588,19431","19,1680018310826","51,2169069962615","636,8064",153,10027262,10027415,FALSCH,"0,076","0,057","0,019","0,0026",21,drought,3,,,2,10,12,WAHR,1597
image_3159.png,8,farmbot_uzk,87,"1733132013,93207","18,8742656595712","51,9905394064241","179,0304",33,2162753,2162786,FALSCH,"0,064","0,048","0,016","0,0035",21,drought,3,,,2,9,11,FALSCH,1598
image_3160.png,8,farmbot_uzk,87,"1733130588,61097","19,1680018310826","51,2169069962615","636,8064",153,10027262,10027415,FALSCH,"0,064","0,048","0,016","0,0035",21,drought,3,,,2,9,11,WAHR,1598
image_3161.png,8,farmbot_uzk,88,"1733130589,06018","19,1680018310826","51,2169069962615","636,8064",153,10027262,10027415,FALSCH,"0,068","0,058","0,01","0,0035",21,drought,"5,8",,,2,7,9,WAHR,1599
image_3162.png,8,farmbot_uzk,88,"1733132014,37431","18,8742656595712","51,9905394064241","179,0304",33,2162753,2162786,FALSCH,"0,068","0,058","0,01","0,0035",21,drought,"5,8",,,2,7,9,FALSCH,1599
image_3163.png,8,farmbot_uzk,89,"1733132014,81697","18,8742656595712","51,9905394064241","179,0304",33,2162753,2162786,FALSCH,"0,0109","0,083","-0,0721","0,0018",21,drought,"-1,15118",,,2,9,11,FALSCH,1600
image_3164.png,8,farmbot_uzk,89,"1733130589,50315","19,1680018310826","51,2169069962615","636,8064",153,10027262,10027415,FALSCH,"0,0109","0,083","-0,0721","0,0018",21,drought,"-1,15118",,,2,9,11,WAHR,1600
image_3165.png,8,farmbot_uzk,90,"1733130589,97578","19,1680018310826","51,2169069962615","636,8064",153,10027262,10027415,FALSCH,"0,073","0,052","0,021","0,0038",21,drought,"2,47619",,,2,8,10,WAHR,1601
image_3166.png,8,farmbot_uzk,90,"1733132015,27497","18,8742656595712","51,9905394064241","179,0304",33,2162753,2162786,FALSCH,"0,073","0,052","0,021","0,0038",21,drought,"2,47619",,,2,8,10,FALSCH,1601
image_3167.png,8,farmbot_uzk,91,"1733132124,19493","18,8876173037308","52,0927748531319","190,128",35,2293829,2293864,FALSCH,"0,042","0,03","0,012","0,0054",21,salinity,"2,5",,,2,8,10,FALSCH,1602
image_3168.png,8,farmbot_uzk,91,"1733130706,78831","19,1279468986038","51,113145647364","632,7264",153,10027261,10027414,FALSCH,"0,042","0,03","0,012","0,0054",21,salinity,"2,5",,,2,8,10,WAHR,1602
image_3169.png,8,farmbot_uzk,92,"1733132124,63856","18,8876173037308","52,0927748531319","190,128",35,2293829,2293864,FALSCH,"0,049","0,035","0,014","0,0027",21,salinity,"2,5",,,2,8,10,FALSCH,1603
image_3170.png,8,farmbot_uzk,92,"1733130707,21387","19,1279468986038","51,113145647364","632,7264",153,10027261,10027414,FALSCH,"0,049","0,035","0,014","0,0027",21,salinity,"2,5",,,2,8,10,WAHR,1603
image_3171.png,8,farmbot_uzk,93,"1733132125,06137","18,8876173037308","52,0927748531319","190,128",35,2293829,2293864,FALSCH,,,,,21,salinity,,,,,,0,FALSCH,1604
image_3172.png,8,farmbot_uzk,93,"1733130707,63914","19,1279468986038","51,113145647364","632,7264",153,10027261,10027414,FALSCH,,,,,21,salinity,,,,,,0,WAHR,1604
image_3173.png,8,farmbot_uzk,94,"1733132125,51088","18,8876173037308","52,0927748531319","190,128",35,2293829,2293864,FALSCH,"0,036","0,025","0,011","0,0032",21,salinity,"2,27273",,,2,7,9,FALSCH,1605
image_3174.png,8,farmbot_uzk,94,"1733130708,10078","19,1279468986038","51,113145647364","632,7264",153,10027261,10027414,FALSCH,"0,036","0,025","0,011","0,0032",21,salinity,"2,27273",,,2,7,9,WAHR,1605
image_3175.png,8,farmbot_uzk,95,"1733130708,54502","19,1279468986038","51,113145647364","632,7264",153,10027261,10027414,FALSCH,"0,097","0,08","0,017","0,0038",21,salinity,"4,70588",,,2,8,10,WAHR,1606
image_3176.png,8,farmbot_uzk,95,"1733132125,95331","18,8876173037308","52,0927748531319","190,128",35,2293829,2293864,FALSCH,"0,097","0,08","0,017","0,0038",21,salinity,"4,70588",,,2,8,10,FALSCH,1606
image_3177.png,8,farmbot_uzk,96,"1733130709,01478","19,1279468986038","51,113145647364","632,7264",153,10027261,10027414,FALSCH,"0,057","0,047","0,01","0,0042",21,salinity,"4,7",,,2,8,10,WAHR,1607
image_3178.png,8,farmbot_uzk,96,"1733132126,43056","18,8876173037308","52,0927748531319","190,128",35,2293829,2293864,FALSCH,"0,057","0,047","0,01","0,0042",21,salinity,"4,7",,,2,8,10,FALSCH,1607
image_3179.png,8,farmbot_uzk,97,"1733130836,73029","19,0718699931335","51,1573968108644","572,5056",137,8978660,8978797,FALSCH,"0,055","0,042","0,013","0,0048",21,salinity,"3,23077",,,2,8,10,WAHR,1608
image_3180.png,8,farmbot_uzk,97,"1733132250,34972","18,9997711146716","51,9600213626307","173,4816",32,2097215,2097247,FALSCH,"0,055","0,042","0,013","0,0048",21,salinity,"3,23077",,,2,8,10,FALSCH,1608
image_3181.png,8,farmbot_uzk,98,"1733132250,76337","18,9997711146716","51,9600213626307","173,4816",32,2097215,2097247,FALSCH,"0,049","0,04","0,009","0,0052",21,salinity,"4,44444",,,2,7,9,FALSCH,1609
image_3182.png,8,farmbot_uzk,98,"1733130837,1568","19,0718699931335","51,1573968108644","572,5056",137,8978660,8978797,FALSCH,"0,049","0,04","0,009","0,0052",21,salinity,"4,44444",,,2,7,9,WAHR,1609
image_3183.png,8,farmbot_uzk,99,"1733130837,57221","19,0718699931335","51,1573968108644","572,5056",137,8978660,8978797,FALSCH,"0,065","0,049","0,016","0,0043",21,salinity,"3,0625",,,2,8,10,WAHR,1610
image_3184.png,8,farmbot_uzk,99,"1733132251,17573","18,9997711146716","51,9600213626307","173,4816",32,2097215,2097247,FALSCH,"0,065","0,049","0,016","0,0043",21,salinity,"3,0625",,,2,8,10,FALSCH,1610
image_3185.png,8,farmbot_uzk,100,"1733130838,00867","19,0718699931335","51,1573968108644","572,5056",137,8978660,8978797,FALSCH,"0,06","0,057","0,003","0,0028",21,salinity,19,,,2,8,10,WAHR,1611
image_3186.png,8,farmbot_uzk,100,"1733132251,60836","18,9997711146716","51,9600213626307","173,4816",32,2097215,2097247,FALSCH,"0,06","0,057","0,003","0,0028",21,salinity,19,,,2,8,10,FALSCH,1611
image_3187.png,8,farmbot_uzk,101,"1733130838,44181","19,0718699931335","51,1573968108644","572,5056",137,8978660,8978797,FALSCH,"0,075","0,067","0,008","0,0097",21,salinity,"8,375",,,2,10,12,WAHR,1612
image_3188.png,8,farmbot_uzk,101,"1733132252,05309","18,9997711146716","51,9600213626307","173,4816",32,2097215,2097247,FALSCH,"0,075","0,067","0,008","0,0097",21,salinity,"8,375",,,2,10,12,FALSCH,1612
image_3189.png,8,farmbot_uzk,102,"1733130838,91438","19,0718699931335","51,1573968108644","572,5056",137,8978660,8978797,FALSCH,"0,13","0,108","0,022","0,0079",21,salinity,"4,90909",,,2,9,11,WAHR,1613
image_3190.png,8,farmbot_uzk,102,"1733132252,5144","18,9997711146716","51,9600213626307","173,4816",32,2097215,2097247,FALSCH,"0,13","0,108","0,022","0,0079",21,salinity,"4,90909",,,2,9,11,FALSCH,1613
image_3191.png,8,farmbot_uzk,103,"1733130952,38856","19,154650186923","50,9834439612421","597,312",140,9175276,9175416,FALSCH,"0,027","0,024","0,003","0,003",21,salinity,8,,,2,7,9,WAHR,1614
image_3192.png,8,farmbot_uzk,103,"1733132363,28939","18,9864194705119","52,1141374837873","208,2432",39,2555980,2556019,FALSCH,"0,027","0,024","0,003","0,003",21,salinity,8,,,2,7,9,FALSCH,1614
image_3193.png,8,farmbot_uzk,104,"1733132363,72287","18,9864194705119","52,1141374837873","208,2432",39,2555980,2556019,FALSCH,"0,039","0,027","0,012","0,0041",21,salinity,"2,25",,,2,6,8,FALSCH,1615
image_3194.png,8,farmbot_uzk,104,"1733130952,82869","19,154650186923","50,9834439612421","597,312",140,9175276,9175416,FALSCH,"0,039","0,027","0,012","0,0041",21,salinity,"2,25",,,2,6,8,WAHR,1615
image_3195.png,8,farmbot_uzk,105,"1733132364,14131","18,9864194705119","52,1141374837873","208,2432",39,2555980,2556019,FALSCH,"0,043","0,028","0,015","0,0032",21,salinity,"1,86667",,,1,7,8,FALSCH,1616
image_3196.png,8,farmbot_uzk,105,"1733130953,25394","19,154650186923","50,9834439612421","597,312",140,9175276,9175416,FALSCH,"0,043","0,028","0,015","0,0032",21,salinity,"1,86667",,,1,7,8,WAHR,1616
image_3197.png,8,farmbot_uzk,106,"1733132364,61338","18,9864194705119","52,1141374837873","208,2432",39,2555980,2556019,FALSCH,"0,044","0,035","0,009","0,0034",21,salinity,"3,88889",,,2,7,9,FALSCH,1617
image_3198.png,8,farmbot_uzk,106,"1733130953,71641","19,154650186923","50,9834439612421","597,312",140,9175276,9175416,FALSCH,"0,044","0,035","0,009","0,0034",21,salinity,"3,88889",,,2,7,9,WAHR,1617
image_3199.png,8,farmbot_uzk,107,"1733132365,06259","18,9864194705119","52,1141374837873","208,2432",39,2555980,2556019,FALSCH,"0,078","0,063","0,015","0,0059",21,salinity,"4,2",,,1,10,11,FALSCH,1618
image_3200.png,8,farmbot_uzk,107,"1733130954,17819","19,154650186923","50,9834439612421","597,312",140,9175276,9175416,FALSCH,"0,078","0,063","0,015","0,0059",21,salinity,"4,2",,,1,10,11,WAHR,1618
image_3201.png,8,farmbot_uzk,108,"1733132365,54324","18,9864194705119","52,1141374837873","208,2432",39,2555980,2556019,FALSCH,"0,072","0,054","0,018","0,0042",21,salinity,3,,,2,8,10,FALSCH,1619
image_3202.png,8,farmbot_uzk,108,"1733130954,63883","19,154650186923","50,9834439612421","597,312",140,9175276,9175416,FALSCH,"0,072","0,054","0,018","0,0042",21,salinity,3,,,2,8,10,WAHR,1619
image_3203.png,8,farmbot_uzk,109,"1733131099,50975","19,1840238040742","50,5622949568933","614,2848",146,9568500,9568646,FALSCH,"0,045","0,04","0,005","0,0038",21,salinity,8,,,2,7,9,WAHR,1620
image_3204.png,8,farmbot_uzk,109,"1733733562,89504","20,7808804455634","56,0280766002899","1641,6288",301,19726931,19727232,FALSCH,"0,045","0,04","0,005","0,0038",21,salinity,8,,,2,7,9,WAHR,1620
image_3205.png,8,farmbot_uzk,109,"1733735329,1319","20,0011444266423","58,9349202716106","267,648",35,2293848,2293883,FALSCH,"0,045","0,04","0,005","0,0038",21,salinity,8,,,2,7,9,FALSCH,1620
image_3206.png,8,farmbot_uzk,109,"1733132489,05216","18,9570458533608","52,4254215304799","205,632",40,2621516,2621556,FALSCH,"0,045","0,04","0,005","0,0038",21,salinity,8,,,2,7,9,FALSCH,1620
image_3207.png,8,farmbot_uzk,110,"1733735329,54623","20,0011444266423","58,9349202716106","267,648",35,2293848,2293883,FALSCH,"0,049","0,028","0,021","0,0035",21,salinity,"1,33333",,,2,7,9,FALSCH,1621
image_3208.png,8,farmbot_uzk,110,"1733132489,4656","18,9570458533608","52,4254215304799","205,632",40,2621516,2621556,FALSCH,"0,049","0,028","0,021","0,0035",21,salinity,"1,33333",,,2,7,9,FALSCH,1621
image_3209.png,8,farmbot_uzk,110,"1733131099,92889","19,1840238040742","50,5622949568933","614,2848",146,9568500,9568646,FALSCH,"0,049","0,028","0,021","0,0035",21,salinity,"1,33333",,,2,7,9,WAHR,1621
image_3210.png,8,farmbot_uzk,110,"1733733563,33641","20,7808804455634","56,0280766002899","1641,6288",301,19726931,19727232,FALSCH,"0,049","0,028","0,021","0,0035",21,salinity,"1,33333",,,2,7,9,WAHR,1621
image_3211.png,8,farmbot_uzk,111,"1733735329,97058","20,0011444266423","58,9349202716106","267,648",35,2293848,2293883,FALSCH,"0,044","0,029","0,015","0,004",21,salinity,"1,93333",,,2,6,8,FALSCH,1622
image_3212.png,8,farmbot_uzk,111,"1733131100,36441","19,1840238040742","50,5622949568933","614,2848",146,9568500,9568646,FALSCH,"0,044","0,029","0,015","0,004",21,salinity,"1,93333",,,2,6,8,WAHR,1622
image_3213.png,8,farmbot_uzk,111,"1733733563,7569","20,7808804455634","56,0280766002899","1641,6288",301,19726931,19727232,FALSCH,"0,044","0,029","0,015","0,004",21,salinity,"1,93333",,,2,6,8,WAHR,1622
image_3214.png,8,farmbot_uzk,111,"1733132489,89355","18,9570458533608","52,4254215304799","205,632",40,2621516,2621556,FALSCH,"0,044","0,029","0,015","0,004",21,salinity,"1,93333",,,2,6,8,FALSCH,1622
image_3215.png,8,farmbot_uzk,112,"1733733564,18064","20,7808804455634","56,0280766002899","1641,6288",301,19726931,19727232,FALSCH,"0,051","0,04","0,011","0,0047",21,salinity,"3,63636",,,2,7,9,WAHR,1623
image_3216.png,8,farmbot_uzk,112,"1733735330,4133","20,0011444266423","58,9349202716106","267,648",35,2293848,2293883,FALSCH,"0,051","0,04","0,011","0,0047",21,salinity,"3,63636",,,2,7,9,FALSCH,1623
image_3217.png,8,farmbot_uzk,112,"1733132490,33969","18,9570458533608","52,4254215304799","205,632",40,2621516,2621556,FALSCH,"0,051","0,04","0,011","0,0047",21,salinity,"3,63636",,,2,7,9,FALSCH,1623
image_3218.png,8,farmbot_uzk,112,"1733131100,80054","19,1840238040742","50,5622949568933","614,2848",146,9568500,9568646,FALSCH,"0,051","0,04","0,011","0,0047",21,salinity,"3,63636",,,2,7,9,WAHR,1623
image_3219.png,8,farmbot_uzk,113,"1733132490,80698","18,9570458533608","52,4254215304799","205,632",40,2621516,2621556,FALSCH,"0,051","0,044","0,007",,28,control,"6,28571",,,4,7,11,FALSCH,1624
image_3220.png,8,farmbot_uzk,113,"1733735330,86758","20,0011444266423","58,9349202716106","267,648",35,2293848,2293883,FALSCH,"0,051","0,044","0,007",,28,control,"6,28571",,,4,7,11,FALSCH,1624
image_3221.png,8,farmbot_uzk,113,"1733131101,25186","19,1840238040742","50,5622949568933","614,2848",146,9568500,9568646,FALSCH,"0,051","0,044","0,007",,28,control,"6,28571",,,4,7,11,WAHR,1624
image_3222.png,8,farmbot_uzk,113,"1733733564,62385","20,7808804455634","56,0280766002899","1641,6288",301,19726931,19727232,FALSCH,"0,051","0,044","0,007",,28,control,"6,28571",,,4,7,11,WAHR,1624
image_3223.png,8,farmbot_uzk,114,"1733735331,33428","20,0011444266423","58,9349202716106","267,648",35,2293848,2293883,FALSCH,"0,057","0,051","0,006",,28,control,"8,5",,,3,6,9,FALSCH,1625
image_3224.png,8,farmbot_uzk,114,"1733733565,08818","20,7808804455634","56,0280766002899","1641,6288",301,19726931,19727232,FALSCH,"0,057","0,051","0,006",,28,control,"8,5",,,3,6,9,WAHR,1625
image_3225.png,8,farmbot_uzk,114,"1733132491,27572","18,9570458533608","52,4254215304799","205,632",40,2621516,2621556,FALSCH,"0,057","0,051","0,006",,28,control,"8,5",,,3,6,9,FALSCH,1625
image_3226.png,8,farmbot_uzk,114,"1733131101,71927","19,1840238040742","50,5622949568933","614,2848",146,9568500,9568646,FALSCH,"0,057","0,051","0,006",,28,control,"8,5",,,3,6,9,WAHR,1625
image_3227.png,8,farmbot_uzk,115,"1733735390,90451","20,0144960708019","59,2507820248722","265,0368",36,2359384,2359420,FALSCH,"0,359","0,034","0,325",,28,control,"0,10462",,,5,11,16,FALSCH,1626
image_3228.png,8,farmbot_uzk,115,"1733733627,79789","20,7942320897231","55,8602273594263","1641,6288",301,19726931,19727232,FALSCH,"0,359","0,034","0,325",,28,control,"0,10462",,,5,11,16,WAHR,1626
image_3229.png,8,farmbot_uzk,115,"1733131219,06852","19,1680018310826","50,595864805066","660,4704",158,10354951,10355109,FALSCH,"0,359","0,034","0,325",,28,control,"0,10462",,,5,11,16,WAHR,1626
image_3230.png,8,farmbot_uzk,115,"1733132604,28672","18,9864194705119","52,6970321202411","144,2688",26,1703988,1704014,FALSCH,"0,359","0,034","0,325",,28,control,"0,10462",,,5,11,16,FALSCH,1626
image_3231.png,8,farmbot_uzk,116,"1733132604,73048","18,9864194705119","52,6970321202411","144,2688",26,1703988,1704014,FALSCH,"0,163","0,13","0,033",,28,control,"3,93939",,,4,11,15,FALSCH,1627
image_3232.png,8,farmbot_uzk,116,"1733735391,33767","20,0144960708019","59,2507820248722","265,0368",36,2359384,2359420,FALSCH,"0,163","0,13","0,033",,28,control,"3,93939",,,4,11,15,FALSCH,1627
image_3233.png,8,farmbot_uzk,116,"1733131219,50654","19,1680018310826","50,595864805066","660,4704",158,10354951,10355109,FALSCH,"0,163","0,13","0,033",,28,control,"3,93939",,,4,11,15,WAHR,1627
image_3234.png,8,farmbot_uzk,116,"1733733628,22429","20,7942320897231","55,8602273594263","1641,6288",301,19726931,19727232,FALSCH,"0,163","0,13","0,033",,28,control,"3,93939",,,4,11,15,WAHR,1627
image_3235.png,8,farmbot_uzk,117,"1733132605,15251","18,9864194705119","52,6970321202411","144,2688",26,1703988,1704014,FALSCH,,,,,28,control,,,,,,0,FALSCH,1628
image_3236.png,8,farmbot_uzk,117,"1733735391,78471","20,0144960708019","59,2507820248722","265,0368",36,2359384,2359420,FALSCH,,,,,28,control,,,,,,0,FALSCH,1628
image_3237.png,8,farmbot_uzk,117,"1733733628,63761","20,7942320897231","55,8602273594263","1641,6288",301,19726931,19727232,FALSCH,,,,,28,control,,,,,,0,WAHR,1628
image_3238.png,8,farmbot_uzk,117,"1733131219,91921","19,1680018310826","50,595864805066","660,4704",158,10354951,10355109,FALSCH,,,,,28,control,,,,,,0,WAHR,1628
image_3239.png,8,farmbot_uzk,118,"1733131220,36914","19,1680018310826","50,595864805066","660,4704",158,10354951,10355109,FALSCH,"0,143","0,121","0,022",,28,control,"5,5",,,2,10,12,WAHR,1629
image_3240.png,8,farmbot_uzk,118,"1733735392,21943","20,0144960708019","59,2507820248722","265,0368",36,2359384,2359420,FALSCH,"0,143","0,121","0,022",,28,control,"5,5",,,2,10,12,FALSCH,1629
image_3241.png,8,farmbot_uzk,118,"1733733629,08398","20,7942320897231","55,8602273594263","1641,6288",301,19726931,19727232,FALSCH,"0,143","0,121","0,022",,28,control,"5,5",,,2,10,12,WAHR,1629
image_3242.png,8,farmbot_uzk,118,"1733132605,59108","18,9864194705119","52,6970321202411","144,2688",26,1703988,1704014,FALSCH,"0,143","0,121","0,022",,28,control,"5,5",,,2,10,12,FALSCH,1629
image_3243.png,8,farmbot_uzk,119,"1733132606,04812","18,9864194705119","52,6970321202411","144,2688",26,1703988,1704014,FALSCH,"0,094","0,081","0,013",,28,control,"6,23077",,,2,11,13,FALSCH,1630
image_3244.png,8,farmbot_uzk,119,"1733131220,80961","19,1680018310826","50,595864805066","660,4704",158,10354951,10355109,FALSCH,"0,094","0,081","0,013",,28,control,"6,23077",,,2,11,13,WAHR,1630
image_3245.png,8,farmbot_uzk,119,"1733733629,53701","20,7942320897231","55,8602273594263","1641,6288",301,19726931,19727232,FALSCH,"0,094","0,081","0,013",,28,control,"6,23077",,,2,11,13,WAHR,1630
image_3246.png,8,farmbot_uzk,119,"1733735392,67066","20,0144960708019","59,2507820248722","265,0368",36,2359384,2359420,FALSCH,"0,094","0,081","0,013",,28,control,"6,23077",,,2,11,13,FALSCH,1630
image_3247.png,8,farmbot_uzk,120,"1733733629,99253","20,7942320897231","55,8602273594263","1641,6288",301,19726931,19727232,FALSCH,"0,16","0,14","0,02",,28,control,7,,,2,10,12,WAHR,1631
image_3248.png,8,farmbot_uzk,120,"1733735393,13137","20,0144960708019","59,2507820248722","265,0368",36,2359384,2359420,FALSCH,"0,16","0,14","0,02",,28,control,7,,,2,10,12,FALSCH,1631
image_3249.png,8,farmbot_uzk,120,"1733131221,27112","19,1680018310826","50,595864805066","660,4704",158,10354951,10355109,FALSCH,"0,16","0,14","0,02",,28,control,7,,,2,10,12,WAHR,1631
image_3250.png,8,farmbot_uzk,120,"1733132606,49518","18,9864194705119","52,6970321202411","144,2688",26,1703988,1704014,FALSCH,"0,16","0,14","0,02",,28,control,7,,,2,10,12,FALSCH,1631
image_3251.png,8,farmbot_uzk,121,"1733733688,43779","20,8075837338827","55,9868772411688","1677,5328",306,20054623,20054929,FALSCH,"0,199","0,179","0,02",,28,control,"8,95",,,5,10,15,WAHR,1632
image_3252.png,8,farmbot_uzk,121,"1733735454,42631","19,9584191653315","59,4491493095293","259,488",35,2293846,2293881,FALSCH,"0,199","0,179","0,02",,28,control,"8,95",,,5,10,15,FALSCH,1632
image_3253.png,8,farmbot_uzk,122,"1733733688,85775","20,8075837338827","55,9868772411688","1677,5328",306,20054623,20054929,FALSCH,"0,086","0,07","0,016",,28,control,"4,375",,,3,8,11,WAHR,1633
image_3254.png,8,farmbot_uzk,122,"1733735454,83887","19,9584191653315","59,4491493095293","259,488",35,2293846,2293881,FALSCH,"0,086","0,07","0,016",,28,control,"4,375",,,3,8,11,FALSCH,1633
image_3255.png,8,farmbot_uzk,123,"1733733689,30232","20,8075837338827","55,9868772411688","1677,5328",306,20054623,20054929,FALSCH,"0,185","0,162","0,023",,28,control,"7,04348",,,4,11,15,WAHR,1634
image_3256.png,8,farmbot_uzk,123,"1733735455,26087","19,9584191653315","59,4491493095293","259,488",35,2293846,2293881,FALSCH,"0,185","0,162","0,023",,28,control,"7,04348",,,4,11,15,FALSCH,1634
image_3257.png,8,farmbot_uzk,124,"1733733689,73151","20,8075837338827","55,9868772411688","1677,5328",306,20054623,20054929,FALSCH,"0,182","0,136","0,046",,28,control,"2,95652",,,4,10,14,WAHR,1635
image_3258.png,8,farmbot_uzk,124,"1733735455,70539","19,9584191653315","59,4491493095293","259,488",35,2293846,2293881,FALSCH,"0,182","0,136","0,046",,28,control,"2,95652",,,4,10,14,FALSCH,1635
image_3259.png,8,farmbot_uzk,125,"1733733690,17361","20,8075837338827","55,9868772411688","1677,5328",306,20054623,20054929,FALSCH,"0,245","0,211","0,034",,28,drought,"6,20588",,,4,12,16,WAHR,1636
image_3260.png,8,farmbot_uzk,125,"1733735456,15523","19,9584191653315","59,4491493095293","259,488",35,2293846,2293881,FALSCH,"0,245","0,211","0,034",,28,drought,"6,20588",,,4,12,16,FALSCH,1636
image_3261.png,8,farmbot_uzk,126,"1733735456,60737","19,9584191653315","59,4491493095293","259,488",35,2293846,2293881,FALSCH,"0,141","0,121","0,02",,28,drought,"6,05",,,2,9,11,FALSCH,1637
image_3262.png,8,farmbot_uzk,126,"1733733690,61797","20,8075837338827","55,9868772411688","1677,5328",306,20054623,20054929,FALSCH,"0,141","0,121","0,02",,28,drought,"6,05",,,2,9,11,WAHR,1637
image_3263.png,8,farmbot_uzk,127,"1733733752,85987","20,8075837338827","56,2935835812924","1658,2752",304,19923545,19923849,FALSCH,"0,199","0,18","0,019",,28,drought,"9,47368",,,2,10,12,WAHR,1638
image_3264.png,8,farmbot_uzk,127,"1733735515,39839","19,9584191653315","59,5849546044099","274,6656",37,2424923,2424960,FALSCH,"0,199","0,18","0,019",,28,drought,"9,47368",,,2,10,12,FALSCH,1638
image_3265.png,8,farmbot_uzk,128,"1733733753,29898","20,8075837338827","56,2935835812924","1658,2752",304,19923545,19923849,FALSCH,"0,072","0,06","0,012",,28,drought,5,,,4,9,13,WAHR,1639
image_3266.png,8,farmbot_uzk,128,"1733735515,85108","19,9584191653315","59,5849546044099","274,6656",37,2424923,2424960,FALSCH,"0,072","0,06","0,012",,28,drought,5,,,4,9,13,FALSCH,1639
image_3267.png,8,farmbot_uzk,129,"1733735516,2747","19,9584191653315","59,5849546044099","274,6656",37,2424923,2424960,FALSCH,,,,,28,drought,,,,,,0,FALSCH,1640
image_3268.png,8,farmbot_uzk,129,"1733733753,71176","20,8075837338827","56,2935835812924","1658,2752",304,19923545,19923849,FALSCH,,,,,28,drought,,,,,,0,WAHR,1640
image_3269.png,8,farmbot_uzk,130,"1733733754,14967","20,8075837338827","56,2935835812924","1658,2752",304,19923545,19923849,FALSCH,"0,064","0,054","0,01",,28,drought,"5,4",,,4,10,14,WAHR,1641
image_3270.png,8,farmbot_uzk,130,"1733735516,72994","19,9584191653315","59,5849546044099","274,6656",37,2424923,2424960,FALSCH,"0,064","0,054","0,01",,28,drought,"5,4",,,4,10,14,FALSCH,1641
image_3271.png,8,farmbot_uzk,131,"1733735517,19836","19,9584191653315","59,5849546044099","274,6656",37,2424923,2424960,FALSCH,"0,1","0,068","0,032",,28,drought,"2,125",,,3,9,12,FALSCH,1642
image_3272.png,8,farmbot_uzk,131,"1733733754,59483","20,8075837338827","56,2935835812924","1658,2752",304,19923545,19923849,FALSCH,"0,1","0,068","0,032",,28,drought,"2,125",,,3,9,12,WAHR,1642
image_3273.png,8,farmbot_uzk,132,"1733733755,06812","20,8075837338827","56,2935835812924","1658,2752",304,19923545,19923849,FALSCH,"0,173","0,161","0,012",,28,drought,"13,41667",,,2,12,14,WAHR,1643
image_3274.png,8,farmbot_uzk,132,"1733735517,68947","19,9584191653315","59,5849546044099","274,6656",37,2424923,2424960,FALSCH,"0,173","0,161","0,012",,28,drought,"13,41667",,,2,12,14,FALSCH,1643
image_3275.png,8,farmbot_uzk,133,"1733733817,44483","20,8930342565042","55,8449683375296","1658,2752",304,19923545,19923849,FALSCH,"0,151","0,146","0,005",,28,drought,"29,2",,,4,9,13,WAHR,1644
image_3276.png,8,farmbot_uzk,133,"1733735580,82002","19,9877927824826","59,6856641489281","270,5856",37,2424922,2424959,FALSCH,"0,151","0,146","0,005",,28,drought,"29,2",,,4,9,13,FALSCH,1644
image_3277.png,8,farmbot_uzk,134,"1733735581,25844","19,9877927824826","59,6856641489281","270,5856",37,2424922,2424959,FALSCH,"0,188","0,175","0,013",,28,drought,"13,46154",,,5,9,14,FALSCH,1645
image_3278.png,8,farmbot_uzk,134,"1733733817,87227","20,8930342565042","55,8449683375296","1658,2752",304,19923545,19923849,FALSCH,"0,188","0,175","0,013",,28,drought,"13,46154",,,5,9,14,WAHR,1645
image_3279.png,8,farmbot_uzk,135,"1733733818,29708","20,8930342565042","55,8449683375296","1658,2752",304,19923545,19923849,FALSCH,"0,135","0,126","0,009",,28,drought,14,,,3,11,14,WAHR,1646
image_3280.png,8,farmbot_uzk,135,"1733735581,70891","19,9877927824826","59,6856641489281","270,5856",37,2424922,2424959,FALSCH,"0,135","0,126","0,009",,28,drought,14,,,3,11,14,FALSCH,1646
image_3281.png,8,farmbot_uzk,136,"1733733818,74101","20,8930342565042","55,8449683375296","1658,2752",304,19923545,19923849,FALSCH,"0,223","0,207","0,016",,28,drought,"12,9375",,,4,11,15,WAHR,1647
image_3282.png,8,farmbot_uzk,136,"1733735582,17652","19,9877927824826","59,6856641489281","270,5856",37,2424922,2424959,FALSCH,"0,223","0,207","0,016",,28,drought,"12,9375",,,4,11,15,FALSCH,1647
image_3283.png,8,farmbot_uzk,137,"1733735582,62965","19,9877927824826","59,6856641489281","270,5856",37,2424922,2424959,FALSCH,"0,14","0,127","0,013",,28,drought,"9,76923",,,2,11,13,FALSCH,1648
image_3284.png,8,farmbot_uzk,137,"1733733819,20645","20,8930342565042","55,8449683375296","1658,2752",304,19923545,19923849,FALSCH,"0,14","0,127","0,013",,28,drought,"9,76923",,,2,11,13,WAHR,1648
image_3285.png,8,farmbot_uzk,138,"1733735583,09793","19,9877927824826","59,6856641489281","270,5856",37,2424922,2424959,FALSCH,"0,101","0,091","0,01",,28,drought,"9,1",,,3,9,12,FALSCH,1649
image_3286.png,8,farmbot_uzk,138,"1733733819,68","20,8930342565042","55,8449683375296","1658,2752",304,19923545,19923849,FALSCH,"0,101","0,091","0,01",,28,drought,"9,1",,,3,9,12,WAHR,1649
image_3287.png,8,farmbot_uzk,139,"1733735641,17261","19,9450675211719","59,1836423285267","270,5856",37,2424922,2424959,FALSCH,"0,201","0,18","0,021",,28,drought,"8,57143",,,5,12,17,FALSCH,1650
image_3288.png,8,farmbot_uzk,139,"1733733877,09834","20,9063859006638","56,0280766002899","1648,6464",303,19858006,19858309,FALSCH,"0,201","0,18","0,021",,28,drought,"8,57143",,,5,12,17,WAHR,1650
image_3289.png,8,farmbot_uzk,140,"1733735641,61304","19,9450675211719","59,1836423285267","270,5856",37,2424922,2424959,FALSCH,"0,098","0,078","0,02",,28,drought,"3,9",,,5,9,14,FALSCH,1651
image_3290.png,8,farmbot_uzk,140,"1733733877,54504","20,9063859006638","56,0280766002899","1648,6464",303,19858006,19858309,FALSCH,"0,098","0,078","0,02",,28,drought,"3,9",,,5,9,14,WAHR,1651
image_3291.png,8,farmbot_uzk,141,"1733733877,96489","20,9063859006638","56,0280766002899","1648,6464",303,19858006,19858309,FALSCH,"0,072","0,065","0,007",,28,drought,"9,28571",,,2,10,12,WAHR,1652
image_3292.png,8,farmbot_uzk,141,"1733735642,07711","19,9450675211719","59,1836423285267","270,5856",37,2424922,2424959,FALSCH,"0,072","0,065","0,007",,28,drought,"9,28571",,,2,10,12,FALSCH,1652
image_3293.png,8,farmbot_uzk,142,"1733733878,44711","20,9063859006638","56,0280766002899","1648,6464",303,19858006,19858309,FALSCH,"0,124","0,114","0,01",,28,drought,"11,4",,,4,11,15,WAHR,1653
image_3294.png,8,farmbot_uzk,142,"1733735642,56458","19,9450675211719","59,1836423285267","270,5856",37,2424922,2424959,FALSCH,"0,124","0,114","0,01",,28,drought,"11,4",,,4,11,15,FALSCH,1653
image_3295.png,8,farmbot_uzk,143,"1733735643,0109","19,9450675211719","59,1836423285267","270,5856",37,2424922,2424959,FALSCH,"0,084","0,076","0,008",,28,drought,"9,5",,,4,10,14,FALSCH,1654
image_3296.png,8,farmbot_uzk,143,"1733733878,87888","20,9063859006638","56,0280766002899","1648,6464",303,19858006,19858309,FALSCH,"0,084","0,076","0,008",,28,drought,"9,5",,,4,10,14,WAHR,1654
image_3297.png,8,farmbot_uzk,144,"1733733879,3839","20,9063859006638","56,0280766002899","1648,6464",303,19858006,19858309,FALSCH,"0,162","0,155","0,007",,28,drought,"22,14286",,,4,12,16,WAHR,1655
image_3298.png,8,farmbot_uzk,144,"1733735643,51714","19,9450675211719","59,1836423285267","270,5856",37,2424922,2424959,FALSCH,"0,162","0,155","0,007",,28,drought,"22,14286",,,4,12,16,FALSCH,1655
image_3299.png,8,farmbot_uzk,145,"1733735705,34051","20,0465400167849","59,4522011139086","277,6032",39,2555997,2556036,FALSCH,"0,075","0,069","0,006",,28,drought,"11,5",,,2,11,13,FALSCH,1656
image_3300.png,8,farmbot_uzk,145,"1733733943,6788","20,9197375448234","55,4528114747845","1654,1952",304,19923544,19923848,FALSCH,"0,075","0,069","0,006",,28,drought,"11,5",,,2,11,13,WAHR,1656
image_3301.png,8,farmbot_uzk,146,"1733733944,0985","20,9197375448234","55,4528114747845","1654,1952",304,19923544,19923848,FALSCH,"0,075","0,066","0,009",,28,drought,"7,33333",,,4,6,10,WAHR,1657
image_3302.png,8,farmbot_uzk,146,"1733735705,76677","20,0465400167849","59,4522011139086","277,6032",39,2555997,2556036,FALSCH,"0,075","0,066","0,009",,28,drought,"7,33333",,,4,6,10,FALSCH,1657
image_3303.png,8,farmbot_uzk,147,"1733733944,51617","20,9197375448234","55,4528114747845","1654,1952",304,19923544,19923848,FALSCH,"0,115","0,108","0,007",,28,salinity,"15,42857",,,3,8,11,WAHR,1658
image_3304.png,8,farmbot_uzk,147,"1733735706,17909","20,0465400167849","59,4522011139086","277,6032",39,2555997,2556036,FALSCH,"0,115","0,108","0,007",,28,salinity,"15,42857",,,3,8,11,FALSCH,1658
image_3305.png,8,farmbot_uzk,148,"1733735706,62332","20,0465400167849","59,4522011139086","277,6032",39,2555997,2556036,FALSCH,"0,049","0,045","0,004",,28,salinity,"11,25",,,2,7,9,FALSCH,1659
image_3306.png,8,farmbot_uzk,148,"1733733944,9667","20,9197375448234","55,4528114747845","1654,1952",304,19923544,19923848,FALSCH,"0,049","0,045","0,004",,28,salinity,"11,25",,,2,7,9,WAHR,1659
image_3307.png,8,farmbot_uzk,149,"1733735707,06318","20,0465400167849","59,4522011139086","277,6032",39,2555997,2556036,FALSCH,"0,073","0,071","0,002",,28,salinity,"35,5",,,3,11,14,FALSCH,1660
image_3308.png,8,farmbot_uzk,149,"1733733945,43553","20,9197375448234","55,4528114747845","1654,1952",304,19923544,19923848,FALSCH,"0,073","0,071","0,002",,28,salinity,"35,5",,,3,11,14,WAHR,1660
image_3309.png,8,farmbot_uzk,150,"1733735707,52022","20,0465400167849","59,4522011139086","277,6032",39,2555997,2556036,FALSCH,"0,061","0,052","0,009",,28,salinity,"5,77778",,,2,8,10,FALSCH,1661
image_3310.png,8,farmbot_uzk,150,"1733733945,88242","20,9197375448234","55,4528114747845","1654,1952",304,19923544,19923848,FALSCH,"0,061","0,052","0,009",,28,salinity,"5,77778",,,2,8,10,WAHR,1661
image_3311.png,8,farmbot_uzk,151,"1733734019,73212","20,933089188983","56,1654077973602","1654,1952",304,19923544,19923848,FALSCH,"0,131","0,102","0,029",,28,salinity,"3,51724",,,3,10,13,WAHR,1662
image_3312.png,8,farmbot_uzk,151,"1733735767,86703","20,0598916609445","59,0646219577325","281,6832",39,2555998,2556037,FALSCH,"0,131","0,102","0,029",,28,salinity,"3,51724",,,3,10,13,FALSCH,1662
image_3313.png,8,farmbot_uzk,152,"1733735768,30043","20,0598916609445","59,0646219577325","281,6832",39,2555998,2556037,FALSCH,"0,082","0,067","0,015",,28,salinity,"4,46667",,,2,9,11,FALSCH,1663
image_3314.png,8,farmbot_uzk,152,"1733734020,15531","20,933089188983","56,1654077973602","1654,1952",304,19923544,19923848,FALSCH,"0,082","0,067","0,015",,28,salinity,"4,46667",,,2,9,11,WAHR,1663
image_3315.png,8,farmbot_uzk,153,"1733735768,72993","20,0598916609445","59,0646219577325","281,6832",39,2555998,2556037,FALSCH,,,,,28,salinity,,,,,,0,FALSCH,1664
image_3316.png,8,farmbot_uzk,153,"1733734020,57635","20,933089188983","56,1654077973602","1654,1952",304,19923544,19923848,FALSCH,,,,,28,salinity,,,,,,0,WAHR,1664
image_3317.png,8,farmbot_uzk,154,"1733734021,02125","20,933089188983","56,1654077973602","1654,1952",304,19923544,19923848,FALSCH,"0,112","0,105","0,007",,28,salinity,15,,,3,10,13,WAHR,1665
image_3318.png,8,farmbot_uzk,154,"1733735769,17351","20,0598916609445","59,0646219577325","281,6832",39,2555998,2556037,FALSCH,"0,112","0,105","0,007",,28,salinity,15,,,3,10,13,FALSCH,1665
image_3319.png,8,farmbot_uzk,155,"1733734021,49433","20,933089188983","56,1654077973602","1654,1952",304,19923544,19923848,FALSCH,"0,082","0,075","0,007",,28,salinity,"10,71429",,,2,8,10,WAHR,1666
image_3320.png,8,farmbot_uzk,155,"1733735769,61535","20,0598916609445","59,0646219577325","281,6832",39,2555998,2556037,FALSCH,"0,082","0,075","0,007",,28,salinity,"10,71429",,,2,8,10,FALSCH,1666
image_3321.png,8,farmbot_uzk,156,"1733735770,10399","20,0598916609445","59,0646219577325","281,6832",39,2555998,2556037,FALSCH,,,,,28,salinity,,,,,,0,FALSCH,1667
image_3322.png,8,farmbot_uzk,156,"1733734021,98145","20,933089188983","56,1654077973602","1654,1952",304,19923544,19923848,FALSCH,,,,,28,salinity,,,,,,0,WAHR,1667
image_3323.png,8,farmbot_uzk,157,"1733734092,71744","20,9491111619745","56,2035553521019","1658,2752",304,19923545,19923849,FALSCH,"0,09","0,079","0,011",,28,salinity,"7,18182",,,3,10,13,WAHR,1668
image_3324.png,8,farmbot_uzk,157,"1733735832,21467","20,0892652780957","58,7212939650568","291,312",40,2621537,2621577,FALSCH,"0,09","0,079","0,011",,28,salinity,"7,18182",,,3,10,13,FALSCH,1668
image_3325.png,8,farmbot_uzk,158,"1733735832,63295","20,0892652780957","58,7212939650568","291,312",40,2621537,2621577,FALSCH,"0,042","0,037","0,005",,28,salinity,"7,4",,,2,8,10,FALSCH,1669
image_3326.png,8,farmbot_uzk,158,"1733734093,15175","20,9491111619745","56,2035553521019","1658,2752",304,19923545,19923849,FALSCH,"0,042","0,037","0,005",,28,salinity,"7,4",,,2,8,10,WAHR,1669
image_3327.png,8,farmbot_uzk,159,"1733734093,57118","20,9491111619745","56,2035553521019","1658,2752",304,19923545,19923849,FALSCH,"0,095","0,09","0,005",,28,salinity,18,,,3,8,11,WAHR,1670
image_3328.png,8,farmbot_uzk,159,"1733735833,05163","20,0892652780957","58,7212939650568","291,312",40,2621537,2621577,FALSCH,"0,095","0,09","0,005",,28,salinity,18,,,3,8,11,FALSCH,1670
image_3329.png,8,farmbot_uzk,160,"1733734093,99574","20,9491111619745","56,2035553521019","1658,2752",304,19923545,19923849,FALSCH,"0,043","0,033","0,01",,28,salinity,"3,3",,,1,8,9,WAHR,1671
image_3330.png,8,farmbot_uzk,160,"1733735833,48655","20,0892652780957","58,7212939650568","291,312",40,2621537,2621577,FALSCH,"0,043","0,033","0,01",,28,salinity,"3,3",,,1,8,9,FALSCH,1671
image_3331.png,8,farmbot_uzk,161,"1733734094,44242","20,9491111619745","56,2035553521019","1658,2752",304,19923545,19923849,FALSCH,"0,116","0,109","0,007",,28,salinity,"15,57143",,,2,10,12,WAHR,1672
image_3332.png,8,farmbot_uzk,161,"1733735833,94975","20,0892652780957","58,7212939650568","291,312",40,2621537,2621577,FALSCH,"0,116","0,109","0,007",,28,salinity,"15,57143",,,2,10,12,FALSCH,1672
image_3333.png,8,farmbot_uzk,162,"1733734094,91918","20,9491111619745","56,2035553521019","1658,2752",304,19923545,19923849,FALSCH,"0,134","0,125","0,009",,28,salinity,"13,88889",,,3,10,13,WAHR,1673
image_3334.png,8,farmbot_uzk,162,"1733735834,40653","20,0892652780957","58,7212939650568","291,312",40,2621537,2621577,FALSCH,"0,134","0,125","0,009",,28,salinity,"13,88889",,,3,10,13,FALSCH,1673
image_3335.png,8,farmbot_uzk,163,"1733735893,8547","20,0732433051041","59,7497520408942","295,392",40,2621538,2621578,FALSCH,"0,127","0,12","0,007",,28,salinity,"17,14286",,,2,11,13,FALSCH,1674
image_3336.png,8,farmbot_uzk,163,"1733734160,62856","20,9624628061341","56,0570687418936","1671,984",305,19989085,19989390,FALSCH,"0,127","0,12","0,007",,28,salinity,"17,14286",,,2,11,13,WAHR,1674
image_3337.png,8,farmbot_uzk,164,"1733735894,28099","20,0732433051041","59,7497520408942","295,392",40,2621538,2621578,FALSCH,"0,123","0,114","0,009",,28,salinity,"12,66667",,,3,10,13,FALSCH,1675
image_3338.png,8,farmbot_uzk,164,"1733734161,06323","20,9624628061341","56,0570687418936","1671,984",305,19989085,19989390,FALSCH,"0,123","0,114","0,009",,28,salinity,"12,66667",,,3,10,13,WAHR,1675
image_3339.png,8,farmbot_uzk,165,"1733734161,50531","20,9624628061341","56,0570687418936","1671,984",305,19989085,19989390,FALSCH,"0,069","0,067","0,002",,28,salinity,"33,5",,,3,8,11,WAHR,1676
image_3340.png,8,farmbot_uzk,165,"1733735894,70136","20,0732433051041","59,7497520408942","295,392",40,2621538,2621578,FALSCH,"0,069","0,067","0,002",,28,salinity,"33,5",,,3,8,11,FALSCH,1676
image_3341.png,8,farmbot_uzk,166,"1733734161,94991","20,9624628061341","56,0570687418936","1671,984",305,19989085,19989390,FALSCH,"0,052","0,047","0,005",,28,salinity,"9,4",,,2,8,10,WAHR,1677
image_3342.png,8,farmbot_uzk,166,"1733735895,15011","20,0732433051041","59,7497520408942","295,392",40,2621538,2621578,FALSCH,"0,052","0,047","0,005",,28,salinity,"9,4",,,2,8,10,FALSCH,1677
image_3343.png,8,farmbot_uzk,167,"1733735895,58744","20,0732433051041","59,7497520408942","295,392",40,2621538,2621578,FALSCH,"0,135","0,127","0,008",,28,salinity,"15,875",,,3,10,13,FALSCH,1678
image_3344.png,8,farmbot_uzk,167,"1733734162,38311","20,9624628061341","56,0570687418936","1671,984",305,19989085,19989390,FALSCH,"0,135","0,127","0,008",,28,salinity,"15,875",,,3,10,13,WAHR,1678
image_3345.png,8,farmbot_uzk,168,"1733734162,87574","20,9624628061341","56,0570687418936","1671,984",305,19989085,19989390,FALSCH,"0,052","0,045","0,007",,28,salinity,"6,42857",,,2,8,10,WAHR,1679
image_3346.png,8,farmbot_uzk,168,"1733735896,0811","20,0732433051041","59,7497520408942","295,392",40,2621538,2621578,FALSCH,"0,052","0,045","0,007",,28,salinity,"6,42857",,,2,8,10,FALSCH,1679
image_3347.png,8,farmbot_uzk_2,1,"1732526161,49456","20,2895399404898","48,5252155336843","66,912",15,983066,983081,FALSCH,"0,014","0,008","0,006","0,0005",14,control,"1,33333",,,2,5,7,FALSCH,1680
image_3348.png,8,farmbot_uzk_2,1,"1732527114,2258","20,898374914168","47,5455863279164","268,464",55,3604581,3604636,FALSCH,"0,014","0,008","0,006","0,0005",14,control,"1,33333",,,2,5,7,WAHR,1680
image_3349.png,8,farmbot_uzk_2,2,"1732527114,69835","20,898374914168","47,5455863279164","268,464",55,3604581,3604636,FALSCH,"0,009","0,008","0,001","0,0001",14,control,8,,,2,5,7,WAHR,1681
image_3350.png,8,farmbot_uzk_2,2,"1732526161,96264","20,2895399404898","48,5252155336843","66,912",15,983066,983081,FALSCH,"0,009","0,008","0,001","0,0001",14,control,8,,,2,5,7,FALSCH,1681
image_3351.png,8,farmbot_uzk_2,3,"1732527115,20346","20,898374914168","47,5455863279164","268,464",55,3604581,3604636,FALSCH,"0,02","0,012","0,008","0,0007",14,control,"1,5",,,2,5,7,WAHR,1682
image_3352.png,8,farmbot_uzk_2,3,"1732526162,45609","20,2895399404898","48,5252155336843","66,912",15,983066,983081,FALSCH,"0,02","0,012","0,008","0,0007",14,control,"1,5",,,2,5,7,FALSCH,1682
image_3353.png,8,farmbot_uzk_2,4,"1732527115,73238","20,898374914168","47,5455863279164","268,464",55,3604581,3604636,FALSCH,"0,038","0,028","0,01","0,0003",14,control,"2,8",,,3,6,9,WAHR,1683
image_3354.png,8,farmbot_uzk_2,4,"1732526162,94261","20,2895399404898","48,5252155336843","66,912",15,983066,983081,FALSCH,"0,038","0,028","0,01","0,0003",14,control,"2,8",,,3,6,9,FALSCH,1683
image_3355.png,8,farmbot_uzk_2,5,"1732526163,46609","20,2895399404898","48,5252155336843","66,912",15,983066,983081,FALSCH,"0,012","0,009","0,003","0,0009",14,control,3,,,2,5,7,FALSCH,1684
image_3356.png,8,farmbot_uzk_2,5,"1732527116,29278","20,898374914168","47,5455863279164","268,464",55,3604581,3604636,FALSCH,"0,012","0,009","0,003","0,0009",14,control,3,,,2,5,7,WAHR,1684
image_3357.png,8,farmbot_uzk_2,6,"1732526163,97503","20,2895399404898","48,5252155336843","66,912",15,983066,983081,FALSCH,"0,018","0,007","0,011","0,0008",14,control,"0,63636",,,2,5,7,FALSCH,1685
image_3358.png,8,farmbot_uzk_2,6,"1732527116,77379","20,898374914168","47,5455863279164","268,464",55,3604581,3604636,FALSCH,"0,018","0,007","0,011","0,0008",14,control,"0,63636",,,2,5,7,WAHR,1685
image_3359.png,8,farmbot_uzk_2,7,"1732526210,15679","20,318913557641","48,7602044708934","62,832",15,983065,983080,FALSCH,"0,026","0,019","0,007","0,0008",14,control,"2,71429",,,2,6,8,FALSCH,1686
image_3360.png,8,farmbot_uzk_2,7,"1732527189,27842","20,9384298466468","47,0511940184634","269,9328",56,3670118,3670174,FALSCH,"0,026","0,019","0,007","0,0008",14,control,"2,71429",,,2,6,8,WAHR,1686
image_3361.png,8,farmbot_uzk_2,8,"1732526210,65962","20,318913557641","48,7602044708934","62,832",15,983065,983080,FALSCH,"0,036","0,025","0,011","0,0005",14,control,"2,27273",,,4,5,9,FALSCH,1687
image_3362.png,8,farmbot_uzk_2,8,"1732527189,79945","20,9384298466468","47,0511940184634","269,9328",56,3670118,3670174,FALSCH,"0,036","0,025","0,011","0,0005",14,control,"2,27273",,,4,5,9,WAHR,1687
image_3363.png,8,farmbot_uzk_2,9,"1732526211,17508","20,318913557641","48,7602044708934","62,832",15,983065,983080,FALSCH,"0,011","0,008","0,003","0,0003",14,control,"2,66667",,,3,5,8,FALSCH,1688
image_3364.png,8,farmbot_uzk_2,9,"1732527190,33986","20,9384298466468","47,0511940184634","269,9328",56,3670118,3670174,FALSCH,"0,011","0,008","0,003","0,0003",14,control,"2,66667",,,3,5,8,WAHR,1688
image_3365.png,8,farmbot_uzk_2,10,"1732527190,87031","20,9384298466468","47,0511940184634","269,9328",56,3670118,3670174,FALSCH,"0,008","0,007","0,001","0,0007",14,control,7,,,3,5,8,WAHR,1689
image_3366.png,8,farmbot_uzk_2,10,"1732526211,71073","20,318913557641","48,7602044708934","62,832",15,983065,983080,FALSCH,"0,008","0,007","0,001","0,0007",14,control,7,,,3,5,8,FALSCH,1689
image_3367.png,8,farmbot_uzk_2,11,"1732527191,4304","20,9384298466468","47,0511940184634","269,9328",56,3670118,3670174,FALSCH,"0,016","0,008","0,008","0,0004",14,control,1,,,2,4,6,WAHR,1690
image_3368.png,8,farmbot_uzk_2,11,"1732526212,2392","20,318913557641","48,7602044708934","62,832",15,983065,983080,FALSCH,"0,016","0,008","0,008","0,0004",14,control,1,,,2,4,6,FALSCH,1690
image_3369.png,8,farmbot_uzk_2,12,"1732526212,77877","20,318913557641","48,7602044708934","62,832",15,983065,983080,FALSCH,"0,008","0,007","0,001","0,0005",14,control,7,,,3,4,7,FALSCH,1691
image_3370.png,8,farmbot_uzk_2,12,"1732527191,95997","20,9384298466468","47,0511940184634","269,9328",56,3670118,3670174,FALSCH,"0,008","0,007","0,001","0,0005",14,control,7,,,3,4,7,WAHR,1691
image_3371.png,8,farmbot_uzk_2,13,"1732527256,46481","20,7701991302358","47,357900358587","403,92",75,4915347,4915422,FALSCH,"0,016","0,012","0,004","0,0006",14,control,3,,,2,4,6,WAHR,1692
image_3372.png,8,farmbot_uzk_2,13,"1732526267,98123","20,3749904631113","48,6823834592203","82,0896",17,1114143,1114160,FALSCH,"0,016","0,012","0,004","0,0006",14,control,3,,,2,4,6,FALSCH,1692
image_3373.png,8,farmbot_uzk_2,14,"1732526268,4506","20,3749904631113","48,6823834592203","82,0896",17,1114143,1114160,FALSCH,"0,01","0,008","0,002","0,0008",14,control,4,,,2,5,7,FALSCH,1693
image_3374.png,8,farmbot_uzk_2,14,"1732527256,94707","20,7701991302358","47,357900358587","403,92",75,4915347,4915422,FALSCH,"0,01","0,008","0,002","0,0008",14,control,4,,,2,5,7,WAHR,1693
image_3375.png,8,farmbot_uzk_2,15,"1732526268,95102","20,3749904631113","48,6823834592203","82,0896",17,1114143,1114160,FALSCH,"0,018","0,015","0,003","0,0007",14,control,5,,,2,5,7,FALSCH,1694
image_3376.png,8,farmbot_uzk_2,15,"1732527257,46497","20,7701991302358","47,357900358587","403,92",75,4915347,4915422,FALSCH,"0,018","0,015","0,003","0,0007",14,control,5,,,2,5,7,WAHR,1694
image_3377.png,8,farmbot_uzk_2,16,"1732527258,01744","20,7701991302358","47,357900358587","403,92",75,4915347,4915422,FALSCH,"0,019","0,016","0,003","0,0009",14,control,"5,33333",,,4,5,9,WAHR,1695
image_3378.png,8,farmbot_uzk_2,16,"1732526269,45005","20,3749904631113","48,6823834592203","82,0896",17,1114143,1114160,FALSCH,"0,019","0,016","0,003","0,0009",14,control,"5,33333",,,4,5,9,FALSCH,1695
image_3379.png,8,farmbot_uzk_2,17,"1732526269,97509","20,3749904631113","48,6823834592203","82,0896",17,1114143,1114160,FALSCH,"0,019","0,012","0,007","0,001",14,control,"1,71429",,,2,4,6,FALSCH,1696
image_3380.png,8,farmbot_uzk_2,17,"1732527258,5555","20,7701991302358","47,357900358587","403,92",75,4915347,4915422,FALSCH,"0,019","0,012","0,007","0,001",14,control,"1,71429",,,2,4,6,WAHR,1696
image_3381.png,8,farmbot_uzk_2,18,"1732527259,05781","20,7701991302358","47,357900358587","403,92",75,4915347,4915422,FALSCH,"0,022","0,015","0,007","0,0007",14,control,"2,14286",,,3,5,8,WAHR,1697
image_3382.png,8,farmbot_uzk_2,18,"1732526270,49623","20,3749904631113","48,6823834592203","82,0896",17,1114143,1114160,FALSCH,"0,022","0,015","0,007","0,0007",14,control,"2,14286",,,3,5,8,FALSCH,1697
image_3383.png,8,farmbot_uzk_2,19,"1732526331,43473","20,4310673685817","48,032349126421","83,5584",18,1179680,1179698,FALSCH,"0,022","0,012","0,01","0,0009",14,control,"1,2",,,2,5,7,FALSCH,1698
image_3384.png,8,farmbot_uzk_2,19,"1732527321,63105","20,8690012970169","47,542534523537","405,7152",79,5177494,5177573,FALSCH,"0,022","0,012","0,01","0,0009",14,control,"1,2",,,2,5,7,WAHR,1698
image_3385.png,8,farmbot_uzk_2,20,"1732527322,10691","20,8690012970169","47,542534523537","405,7152",79,5177494,5177573,FALSCH,"0,015","0,011","0,004","0,0006",14,control,"2,75",,,4,4,8,WAHR,1699
image_3386.png,8,farmbot_uzk_2,20,"1732526331,9325","20,4310673685817","48,032349126421","83,5584",18,1179680,1179698,FALSCH,"0,015","0,011","0,004","0,0006",14,control,"2,75",,,4,4,8,FALSCH,1699
image_3387.png,8,farmbot_uzk_2,21,"1732527322,63371","20,8690012970169","47,542534523537","405,7152",79,5177494,5177573,FALSCH,"0,008","0,004","0,004","0,0005",14,control,1,,,2,6,8,WAHR,1700
image_3388.png,8,farmbot_uzk_2,21,"1732526332,44029","20,4310673685817","48,032349126421","83,5584",18,1179680,1179698,FALSCH,"0,008","0,004","0,004","0,0005",14,control,1,,,2,6,8,FALSCH,1700
image_3389.png,8,farmbot_uzk_2,22,"1732527323,16427","20,8690012970169","47,542534523537","405,7152",79,5177494,5177573,FALSCH,"0,026","0,013","0,013","0,0004",14,control,1,,,3,3,6,WAHR,1701
image_3390.png,8,farmbot_uzk_2,22,"1732526332,97388","20,4310673685817","48,032349126421","83,5584",18,1179680,1179698,FALSCH,"0,026","0,013","0,013","0,0004",14,control,1,,,3,3,6,FALSCH,1701
image_3391.png,8,farmbot_uzk_2,23,"1732527323,71787","20,8690012970169","47,542534523537","405,7152",79,5177494,5177573,FALSCH,"0,028","0,021","0,007","0,0006",14,control,3,,,2,6,8,WAHR,1702
image_3392.png,8,farmbot_uzk_2,23,"1732526333,49798","20,4310673685817","48,032349126421","83,5584",18,1179680,1179698,FALSCH,"0,028","0,021","0,007","0,0006",14,control,3,,,2,6,8,FALSCH,1702
image_3393.png,8,farmbot_uzk_2,24,"1732526334,00423","20,4310673685817","48,032349126421","83,5584",18,1179680,1179698,FALSCH,"0,03","0,02","0,01","0,0006",14,control,2,,,2,6,8,FALSCH,1703
image_3394.png,8,farmbot_uzk_2,24,"1732527324,23774","20,8690012970169","47,542534523537","405,7152",79,5177494,5177573,FALSCH,"0,03","0,02","0,01","0,0006",14,control,2,,,2,6,8,WAHR,1703
image_3395.png,8,farmbot_uzk_2,25,"1732527409,91049","20,9117265583276","47,6325627527276","61,3632",14,917528,917542,FALSCH,"0,029","0,022","0,007","0,0013",14,control,"3,14286",,,3,5,8,WAHR,1704
image_3396.png,8,farmbot_uzk_2,25,"1732526395,93784","20,4444190127413","47,838559548333","98,736",20,1310757,1310777,FALSCH,"0,029","0,022","0,007","0,0013",14,control,"3,14286",,,3,5,8,FALSCH,1704
image_3397.png,8,farmbot_uzk_2,26,"1732527410,35315","20,9117265583276","47,6325627527276","61,3632",14,917528,917542,FALSCH,"0,019","0,013","0,006","0,0006",14,control,"2,16667",,,2,4,6,WAHR,1705
image_3398.png,8,farmbot_uzk_2,26,"1732526396,38011","20,4444190127413","47,838559548333","98,736",20,1310757,1310777,FALSCH,"0,019","0,013","0,006","0,0006",14,control,"2,16667",,,2,4,6,FALSCH,1705
image_3399.png,8,farmbot_uzk_2,27,"1732527410,83437","20,9117265583276","47,6325627527276","61,3632",14,917528,917542,FALSCH,"0,032","0,016","0,016","0,0008",14,control,1,,,3,5,8,WAHR,1706
image_3400.png,8,farmbot_uzk_2,27,"1732526396,87403","20,4444190127413","47,838559548333","98,736",20,1310757,1310777,FALSCH,"0,032","0,016","0,016","0,0008",14,control,1,,,3,5,8,FALSCH,1706
image_3401.png,8,farmbot_uzk_2,28,"1732526397,36285","20,4444190127413","47,838559548333","98,736",20,1310757,1310777,FALSCH,"0,033","0,024","0,009","0,0014",14,control,"2,66667",,,2,5,7,FALSCH,1707
image_3402.png,8,farmbot_uzk_2,28,"1732527411,3255","20,9117265583276","47,6325627527276","61,3632",14,917528,917542,FALSCH,"0,033","0,024","0,009","0,0014",14,control,"2,66667",,,2,5,7,WAHR,1707
image_3403.png,8,farmbot_uzk_2,29,"1732526397,88151","20,4444190127413","47,838559548333","98,736",20,1310757,1310777,FALSCH,"0,036","0,026","0,01","0,0013",14,control,"2,6",,,4,5,9,FALSCH,1708
image_3404.png,8,farmbot_uzk_2,29,"1732527411,86284","20,9117265583276","47,6325627527276","61,3632",14,917528,917542,FALSCH,"0,036","0,026","0,01","0,0013",14,control,"2,6",,,4,5,9,WAHR,1708
image_3405.png,8,farmbot_uzk_2,30,"1732526398,3686","20,4444190127413","47,838559548333","98,736",20,1310757,1310777,FALSCH,"0,019","0,014","0,005","0,0007",14,control,"2,8",,,3,4,7,FALSCH,1709
image_3406.png,8,farmbot_uzk_2,30,"1732527412,38071","20,9117265583276","47,6325627527276","61,3632",14,917528,917542,FALSCH,"0,019","0,014","0,005","0,0007",14,control,"2,8",,,3,4,7,WAHR,1709
image_3407.png,8,farmbot_uzk_2,31,"1732526469,32024","20,249485008011","48,3619439993896","100,2048",21,1376294,1376315,FALSCH,"0,025","0,018","0,007","0,0009",14,control,"2,57143",,,4,4,8,FALSCH,1710
image_3408.png,8,farmbot_uzk_2,31,"1732527478,43801","21,0238803692683","47,8080415045396","463,488",85,5570728,5570813,FALSCH,"0,025","0,018","0,007","0,0009",14,control,"2,57143",,,4,4,8,WAHR,1710
image_3409.png,8,farmbot_uzk_2,32,"1732527478,9268","21,0238803692683","47,8080415045396","463,488",85,5570728,5570813,FALSCH,"0,014","0,011","0,003","0,0007",14,control,"3,66667",,,2,4,6,WAHR,1711
image_3410.png,8,farmbot_uzk_2,32,"1732526469,7678","20,249485008011","48,3619439993896","100,2048",21,1376294,1376315,FALSCH,"0,014","0,011","0,003","0,0007",14,control,"3,66667",,,2,4,6,FALSCH,1711
image_3411.png,8,farmbot_uzk_2,33,"1732526470,27377","20,249485008011","48,3619439993896","100,2048",21,1376294,1376315,FALSCH,"0,029","0,02","0,009","0,0014",14,control,"2,22222",,,2,6,8,FALSCH,1712
image_3412.png,8,farmbot_uzk_2,33,"1732527479,43301","21,0238803692683","47,8080415045396","463,488",85,5570728,5570813,FALSCH,"0,029","0,02","0,009","0,0014",14,control,"2,22222",,,2,6,8,WAHR,1712
image_3413.png,8,farmbot_uzk_2,34,"1732527479,90992","21,0238803692683","47,8080415045396","463,488",85,5570728,5570813,FALSCH,"0,015","0,013","0,002","0,0007",14,control,"6,5",,,3,4,7,WAHR,1713
image_3414.png,8,farmbot_uzk_2,34,"1732526470,75366","20,249485008011","48,3619439993896","100,2048",21,1376294,1376315,FALSCH,"0,015","0,013","0,002","0,0007",14,control,"6,5",,,3,4,7,FALSCH,1713
image_3415.png,8,farmbot_uzk_2,35,"1732526471,28652","20,249485008011","48,3619439993896","100,2048",21,1376294,1376315,FALSCH,"0,018","0,013","0,005","0,0006",14,control,"2,6",,,3,5,8,FALSCH,1714
image_3416.png,8,farmbot_uzk_2,35,"1732527480,4539","21,0238803692683","47,8080415045396","463,488",85,5570728,5570813,FALSCH,"0,018","0,013","0,005","0,0006",14,control,"2,6",,,3,5,8,WAHR,1714
image_3417.png,8,farmbot_uzk_2,36,"1732526471,80486","20,249485008011","48,3619439993896","100,2048",21,1376294,1376315,FALSCH,"0,015","0,011","0,004","0,0005",14,control,"2,75",,,2,5,7,FALSCH,1715
image_3418.png,8,farmbot_uzk_2,36,"1732527480,94737","21,0238803692683","47,8080415045396","463,488",85,5570728,5570813,FALSCH,"0,015","0,011","0,004","0,0005",14,control,"2,75",,,2,5,7,WAHR,1715
image_3419.png,8,farmbot_uzk_2,37,"1732526533,7186","20,2067597467002","48,5389486533913","96,1248",21,1376293,1376314,FALSCH,"0,033","0,02","0,013","0,0011",14,control,"1,53846",,,2,5,7,FALSCH,1716
image_3420.png,8,farmbot_uzk_2,37,"1732527543,66147","21,0505836575876","47,2983901731899","470,5056",87,5701803,5701890,FALSCH,"0,033","0,02","0,013","0,0011",14,control,"1,53846",,,2,5,7,WAHR,1716
image_3421.png,8,farmbot_uzk_2,38,"1732526534,23056","20,2067597467002","48,5389486533913","96,1248",21,1376293,1376314,FALSCH,"0,03","0,022","0,008","0,0009",14,control,"2,75",,,4,4,8,FALSCH,1717
image_3422.png,8,farmbot_uzk_2,38,"1732527544,17395","21,0505836575876","47,2983901731899","470,5056",87,5701803,5701890,FALSCH,"0,03","0,022","0,008","0,0009",14,control,"2,75",,,4,4,8,WAHR,1717
image_3423.png,8,farmbot_uzk_2,39,"1732526534,73597","20,2067597467002","48,5389486533913","96,1248",21,1376293,1376314,FALSCH,"0,031","0,022","0,009","0,001",14,control,"2,44444",,,2,6,8,FALSCH,1718
image_3424.png,8,farmbot_uzk_2,39,"1732527544,67757","21,0505836575876","47,2983901731899","470,5056",87,5701803,5701890,FALSCH,"0,031","0,022","0,009","0,001",14,control,"2,44444",,,2,6,8,WAHR,1718
image_3425.png,8,farmbot_uzk_2,40,"1732526535,27102","20,2067597467002","48,5389486533913","96,1248",21,1376293,1376314,FALSCH,"0,01","0,007","0,003","0,0004",14,control,"2,33333",,,2,5,7,FALSCH,1719
image_3426.png,8,farmbot_uzk_2,40,"1732527545,2246","21,0505836575876","47,2983901731899","470,5056",87,5701803,5701890,FALSCH,"0,01","0,007","0,003","0,0004",14,control,"2,33333",,,2,5,7,WAHR,1719
image_3427.png,8,farmbot_uzk_2,41,"1732527545,78701","21,0505836575876","47,2983901731899","470,5056",87,5701803,5701890,FALSCH,"0,022","0,016","0,006","0,0006",14,control,"2,66667",,,2,5,7,WAHR,1720
image_3428.png,8,farmbot_uzk_2,41,"1732526535,8048","20,2067597467002","48,5389486533913","96,1248",21,1376293,1376314,FALSCH,"0,022","0,016","0,006","0,0006",14,control,"2,66667",,,2,5,7,FALSCH,1720
image_3429.png,8,farmbot_uzk_2,42,"1732527546,35851","21,0505836575876","47,2983901731899","470,5056",87,5701803,5701890,FALSCH,"0,011","0,007","0,004","0,0005",14,control,"1,75",,,3,5,8,WAHR,1721
image_3430.png,8,farmbot_uzk_2,42,"1732526536,33291","20,2067597467002","48,5389486533913","96,1248",21,1376293,1376314,FALSCH,"0,011","0,007","0,004","0,0005",14,control,"1,75",,,3,5,8,FALSCH,1721
image_3431.png,8,farmbot_uzk_2,43,"1732526589,18415","20,1213092240787","48,6274509803922","98,736",20,1310757,1310777,FALSCH,"0,014","0,009","0,005","0,0004",14,control,"1,8",,,2,5,7,FALSCH,1722
image_3432.png,8,farmbot_uzk_2,43,"1732527622,28053","20,967803463798","47,1763179980163","441,2928",81,5308576,5308657,FALSCH,"0,014","0,009","0,005","0,0004",14,control,"1,8",,,2,5,7,WAHR,1722
image_3433.png,8,farmbot_uzk_2,44,"1732527622,78226","20,967803463798","47,1763179980163","441,2928",81,5308576,5308657,FALSCH,"0,016","0,014","0,002","0,0004",14,control,7,,,2,5,7,WAHR,1723
image_3434.png,8,farmbot_uzk_2,44,"1732526589,68522","20,1213092240787","48,6274509803922","98,736",20,1310757,1310777,FALSCH,"0,016","0,014","0,002","0,0004",14,control,7,,,2,5,7,FALSCH,1723
image_3435.png,8,farmbot_uzk_2,45,"1732526590,21208","20,1213092240787","48,6274509803922","98,736",20,1310757,1310777,FALSCH,"0,033","0,019","0,014","0,0008",14,control,"1,35714",,,3,5,8,FALSCH,1724
image_3436.png,8,farmbot_uzk_2,45,"1732527623,3027","20,967803463798","47,1763179980163","441,2928",81,5308576,5308657,FALSCH,"0,033","0,019","0,014","0,0008",14,control,"1,35714",,,3,5,8,WAHR,1724
image_3437.png,8,farmbot_uzk_2,46,"1732527623,85533","20,967803463798","47,1763179980163","441,2928",81,5308576,5308657,FALSCH,"0,014","0,01","0,004","0,0003",14,control,"2,5",,,3,4,7,WAHR,1725
image_3438.png,8,farmbot_uzk_2,46,"1732526590,7493","20,1213092240787","48,6274509803922","98,736",20,1310757,1310777,FALSCH,"0,014","0,01","0,004","0,0003",14,control,"2,5",,,3,4,7,FALSCH,1725
image_3439.png,8,farmbot_uzk_2,47,"1732526591,29442","20,1213092240787","48,6274509803922","98,736",20,1310757,1310777,FALSCH,"0,041","0,025","0,016","0,0012",14,control,"1,5625",,,2,6,8,FALSCH,1726
image_3440.png,8,farmbot_uzk_2,47,"1732527624,40287","20,967803463798","47,1763179980163","441,2928",81,5308576,5308657,FALSCH,"0,041","0,025","0,016","0,0012",14,control,"1,5625",,,2,6,8,WAHR,1726
image_3441.png,8,farmbot_uzk_2,48,"1732527624,94585","20,967803463798","47,1763179980163","441,2928",81,5308576,5308657,FALSCH,"0,04","0,028","0,012","0,00012",14,control,"2,33333",,,2,8,10,WAHR,1727
image_3442.png,8,farmbot_uzk_2,48,"1732526591,81149","20,1213092240787","48,6274509803922","98,736",20,1310757,1310777,FALSCH,"0,04","0,028","0,012","0,00012",14,control,"2,33333",,,2,8,10,FALSCH,1727
image_3443.png,8,farmbot_uzk_2,49,"1732527736,44008","21,1360341802091","47,3090714885176","469,0368",86,5636266,5636352,FALSCH,"0,024","0,017","0,007","0,0008",14,control,"2,42857",,,2,5,7,WAHR,1728
image_3444.png,8,farmbot_uzk_2,49,"1732526660,38475","20,2334630350195","49,0058747234302","93,1872",19,1245219,1245238,FALSCH,"0,024","0,017","0,007","0,0008",14,control,"2,42857",,,2,5,7,FALSCH,1728
image_3445.png,8,farmbot_uzk_2,50,"1732527736,97034","21,1360341802091","47,3090714885176","469,0368",86,5636266,5636352,FALSCH,"0,039","0,03","0,009","0,0009",14,control,"3,33333",,,2,5,7,WAHR,1729
image_3446.png,8,farmbot_uzk_2,50,"1732526660,89472","20,2334630350195","49,0058747234302","93,1872",19,1245219,1245238,FALSCH,"0,039","0,03","0,009","0,0009",14,control,"3,33333",,,2,5,7,FALSCH,1729
image_3447.png,8,farmbot_uzk_2,51,"1732526661,41166","20,2334630350195","49,0058747234302","93,1872",19,1245219,1245238,FALSCH,"0,017","0,014","0,003","0,0004",14,control,"4,66667",,,3,4,7,FALSCH,1730
image_3448.png,8,farmbot_uzk_2,51,"1732527737,50064","21,1360341802091","47,3090714885176","469,0368",86,5636266,5636352,FALSCH,"0,017","0,014","0,003","0,0004",14,control,"4,66667",,,3,4,7,WAHR,1730
image_3449.png,8,farmbot_uzk_2,52,"1732527738,05081","21,1360341802091","47,3090714885176","469,0368",86,5636266,5636352,FALSCH,"0,02","0,015","0,005","0,0006",14,control,3,,,2,5,7,WAHR,1731
image_3450.png,8,farmbot_uzk_2,52,"1732526661,95564","20,2334630350195","49,0058747234302","93,1872",19,1245219,1245238,FALSCH,"0,02","0,015","0,005","0,0006",14,control,3,,,2,5,7,FALSCH,1731
image_3451.png,8,farmbot_uzk_2,53,"1732526662,48668","20,2334630350195","49,0058747234302","93,1872",19,1245219,1245238,FALSCH,"0,02","0,011","0,009","0,0006",14,control,"1,22222",,,1,5,6,FALSCH,1732
image_3452.png,8,farmbot_uzk_2,53,"1732527738,59268","21,1360341802091","47,3090714885176","469,0368",86,5636266,5636352,FALSCH,"0,02","0,011","0,009","0,0006",14,control,"1,22222",,,1,5,6,WAHR,1732
image_3453.png,8,farmbot_uzk_2,54,"1732527739,13417","21,1360341802091","47,3090714885176","469,0368",86,5636266,5636352,FALSCH,"0,025","0,013","0,012","0,0006",14,control,"1,08333",,,4,4,8,WAHR,1733
image_3454.png,8,farmbot_uzk_2,54,"1732526663,0117","20,2334630350195","49,0058747234302","93,1872",19,1245219,1245238,FALSCH,"0,025","0,013","0,012","0,0006",14,control,"1,08333",,,4,4,8,FALSCH,1733
image_3455.png,8,farmbot_uzk_2,55,"1733131479,49761","19,907682917525","48,896009765774","197,7984",43,2818124,2818167,FALSCH,"0,036","0,027","0,009","0,0007",14,control,3,,,3,6,9,FALSCH,1734
image_3456.png,8,farmbot_uzk_2,55,"1732526719,35272","20,1346608682383","48,7144274052033","90,576",20,1310755,1310775,FALSCH,"0,036","0,027","0,009","0,0007",14,control,3,,,3,6,9,FALSCH,1734
image_3457.png,8,farmbot_uzk_2,55,"1732527824,72604","21,1360341802091","46,9794766155489","469,0368",86,5636266,5636352,FALSCH,"0,036","0,027","0,009","0,0007",14,control,3,,,3,6,9,WAHR,1734
image_3458.png,8,farmbot_uzk_2,55,"1733130096,89052","20,2201113908598","49,3095292591745","517,8336",97,6357181,6357278,FALSCH,"0,036","0,027","0,009","0,0007",14,control,3,,,3,6,9,WAHR,1734
image_3459.png,8,farmbot_uzk_2,55,"1733129913,61244","20,1934081025406","49,2454413672084","535,9488",101,6619332,6619433,FALSCH,"0,036","0,027","0,009","0,0007",14,control,3,,,3,6,9,WAHR,1734
image_3460.png,8,farmbot_uzk_2,55,"1733129822,01646","20,2201113908598","49,6620126649882","524,8512",99,6488256,6488355,FALSCH,"0,036","0,027","0,009","0,0007",14,control,3,,,3,6,9,WAHR,1734
image_3461.png,8,farmbot_uzk_2,56,"1733129822,50936","20,2201113908598","49,6620126649882","524,8512",99,6488256,6488355,FALSCH,"0,022","0,015","0,007","0,0005",14,control,"2,14286",,,2,5,7,WAHR,1735
image_3462.png,8,farmbot_uzk_2,56,"1732526719,86437","20,1346608682383","48,7144274052033","90,576",20,1310755,1310775,FALSCH,"0,022","0,015","0,007","0,0005",14,control,"2,14286",,,2,5,7,FALSCH,1735
image_3463.png,8,farmbot_uzk_2,56,"1732527825,25852","21,1360341802091","46,9794766155489","469,0368",86,5636266,5636352,FALSCH,"0,022","0,015","0,007","0,0005",14,control,"2,14286",,,2,5,7,WAHR,1735
image_3464.png,8,farmbot_uzk_2,56,"1733129914,08528","20,1934081025406","49,2454413672084","535,9488",101,6619332,6619433,FALSCH,"0,022","0,015","0,007","0,0005",14,control,"2,14286",,,2,5,7,WAHR,1735
image_3465.png,8,farmbot_uzk_2,56,"1733130097,36575","20,2201113908598","49,3095292591745","517,8336",97,6357181,6357278,FALSCH,"0,022","0,015","0,007","0,0005",14,control,"2,14286",,,2,5,7,WAHR,1735
image_3466.png,8,farmbot_uzk_2,56,"1733131479,95424","19,907682917525","48,896009765774","197,7984",43,2818124,2818167,FALSCH,"0,022","0,015","0,007","0,0005",14,control,"2,14286",,,2,5,7,FALSCH,1735
image_3467.png,8,farmbot_uzk_2,57,"1733129823,02888","20,2201113908598","49,6620126649882","524,8512",99,6488256,6488355,FALSCH,"0,0148","0,0098","0,005","0,0064",21,control,"1,96",,,2,9,11,WAHR,1736
image_3468.png,8,farmbot_uzk_2,57,"1733130097,89507","20,2201113908598","49,3095292591745","517,8336",97,6357181,6357278,FALSCH,"0,0148","0,0098","0,005","0,0064",21,control,"1,96",,,2,9,11,WAHR,1736
image_3469.png,8,farmbot_uzk_2,57,"1732527825,8206","21,1360341802091","46,9794766155489","469,0368",86,5636266,5636352,FALSCH,"0,0148","0,0098","0,005","0,0064",21,control,"1,96",,,2,9,11,WAHR,1736
image_3470.png,8,farmbot_uzk_2,57,"1733129914,59803","20,1934081025406","49,2454413672084","535,9488",101,6619332,6619433,FALSCH,"0,0148","0,0098","0,005","0,0064",21,control,"1,96",,,2,9,11,WAHR,1736
image_3471.png,8,farmbot_uzk_2,57,"1733131480,46553","19,907682917525","48,896009765774","197,7984",43,2818124,2818167,FALSCH,"0,0148","0,0098","0,005","0,0064",21,control,"1,96",,,2,9,11,FALSCH,1736
image_3472.png,8,farmbot_uzk_2,57,"1732526720,37859","20,1346608682383","48,7144274052033","90,576",20,1310755,1310775,FALSCH,"0,0148","0,0098","0,005","0,0064",21,control,"1,96",,,2,9,11,FALSCH,1736
image_3473.png,8,farmbot_uzk_2,58,"1733129915,12866","20,1934081025406","49,2454413672084","535,9488",101,6619332,6619433,FALSCH,,,,,21,control,,,,,,0,WAHR,1737
image_3474.png,8,farmbot_uzk_2,58,"1732526720,91421","20,1346608682383","48,7144274052033","90,576",20,1310755,1310775,FALSCH,,,,,21,control,,,,,,0,FALSCH,1737
image_3475.png,8,farmbot_uzk_2,58,"1733129823,57313","20,2201113908598","49,6620126649882","524,8512",99,6488256,6488355,FALSCH,,,,,21,control,,,,,,0,WAHR,1737
image_3476.png,8,farmbot_uzk_2,58,"1733130098,44605","20,2201113908598","49,3095292591745","517,8336",97,6357181,6357278,FALSCH,,,,,21,control,,,,,,0,WAHR,1737
image_3477.png,8,farmbot_uzk_2,58,"1732527826,35769","21,1360341802091","46,9794766155489","469,0368",86,5636266,5636352,FALSCH,,,,,21,control,,,,,,0,WAHR,1737
image_3478.png,8,farmbot_uzk_2,58,"1733131480,99543","19,907682917525","48,896009765774","197,7984",43,2818124,2818167,FALSCH,,,,,21,control,,,,,,0,FALSCH,1737
image_3479.png,8,farmbot_uzk_2,59,"1733129824,10052","20,2201113908598","49,6620126649882","524,8512",99,6488256,6488355,FALSCH,"0,095","0,06","0,035","0,0056",21,control,"1,71429",,,2,9,11,WAHR,1738
image_3480.png,8,farmbot_uzk_2,59,"1733131481,53475","19,907682917525","48,896009765774","197,7984",43,2818124,2818167,FALSCH,"0,095","0,06","0,035","0,0056",21,control,"1,71429",,,2,9,11,FALSCH,1738
image_3481.png,8,farmbot_uzk_2,59,"1732527826,89718","21,1360341802091","46,9794766155489","469,0368",86,5636266,5636352,FALSCH,"0,095","0,06","0,035","0,0056",21,control,"1,71429",,,2,9,11,WAHR,1738
image_3482.png,8,farmbot_uzk_2,59,"1733129915,65015","20,1934081025406","49,2454413672084","535,9488",101,6619332,6619433,FALSCH,"0,095","0,06","0,035","0,0056",21,control,"1,71429",,,2,9,11,WAHR,1738
image_3483.png,8,farmbot_uzk_2,59,"1733130098,97604","20,2201113908598","49,3095292591745","517,8336",97,6357181,6357278,FALSCH,"0,095","0,06","0,035","0,0056",21,control,"1,71429",,,2,9,11,WAHR,1738
image_3484.png,8,farmbot_uzk_2,59,"1732526721,46181","20,1346608682383","48,7144274052033","90,576",20,1310755,1310775,FALSCH,"0,095","0,06","0,035","0,0056",21,control,"1,71429",,,2,9,11,FALSCH,1738
image_3485.png,8,farmbot_uzk_2,60,"1733130099,49543","20,2201113908598","49,3095292591745","517,8336",97,6357181,6357278,FALSCH,"0,115","0,099","0,016","0,007",21,control,"6,1875",,,4,11,15,WAHR,1739
image_3486.png,8,farmbot_uzk_2,60,"1733129824,6392","20,2201113908598","49,6620126649882","524,8512",99,6488256,6488355,FALSCH,"0,115","0,099","0,016","0,007",21,control,"6,1875",,,4,11,15,WAHR,1739
image_3487.png,8,farmbot_uzk_2,60,"1733129916,17131","20,1934081025406","49,2454413672084","535,9488",101,6619332,6619433,FALSCH,"0,115","0,099","0,016","0,007",21,control,"6,1875",,,4,11,15,WAHR,1739
image_3488.png,8,farmbot_uzk_2,60,"1732526721,98284","20,1346608682383","48,7144274052033","90,576",20,1310755,1310775,FALSCH,"0,115","0,099","0,016","0,007",21,control,"6,1875",,,4,11,15,FALSCH,1739
image_3489.png,8,farmbot_uzk_2,60,"1733131482,0415","19,907682917525","48,896009765774","197,7984",43,2818124,2818167,FALSCH,"0,115","0,099","0,016","0,007",21,control,"6,1875",,,4,11,15,FALSCH,1739
image_3490.png,8,farmbot_uzk_2,60,"1732527827,44222","21,1360341802091","46,9794766155489","469,0368",86,5636266,5636352,FALSCH,"0,115","0,099","0,016","0,007",21,control,"6,1875",,,4,11,15,WAHR,1739
image_3491.png,8,farmbot_uzk_2,61,"1733130218,69306","20,3749904631113","48,8380254825666","524,8512",99,6488256,6488355,FALSCH,"0,163","0,121","0,042","0,0073",21,control,"2,88095",,,3,7,10,WAHR,1740
image_3492.png,8,farmbot_uzk_2,61,"1733131545,97065","19,6967269398032","49,1172655832761","203,3472",44,2883662,2883706,FALSCH,"0,163","0,121","0,042","0,0073",21,control,"2,88095",,,3,7,10,FALSCH,1740
image_3493.png,8,farmbot_uzk_2,62,"1733130219,1878","20,3749904631113","48,8380254825666","524,8512",99,6488256,6488355,FALSCH,"0,161","0,105","0,056","0,0067",21,control,"1,875",,,3,9,12,WAHR,1741
image_3494.png,8,farmbot_uzk_2,62,"1733131546,44835","19,6967269398032","49,1172655832761","203,3472",44,2883662,2883706,FALSCH,"0,161","0,105","0,056","0,0067",21,control,"1,875",,,3,9,12,FALSCH,1741
image_3495.png,8,farmbot_uzk_2,63,"1733131546,93198","19,6967269398032","49,1172655832761","203,3472",44,2883662,2883706,FALSCH,"0,025","0,011","0,014","0,0025",21,control,"0,78571",,,3,7,10,FALSCH,1742
image_3496.png,8,farmbot_uzk_2,63,"1733130219,68501","20,3749904631113","48,8380254825666","524,8512",99,6488256,6488355,FALSCH,"0,025","0,011","0,014","0,0025",21,control,"0,78571",,,3,7,10,WAHR,1742
image_3497.png,8,farmbot_uzk_2,64,"1733131547,46297","19,6967269398032","49,1172655832761","203,3472",44,2883662,2883706,FALSCH,"0,092","0,069","0,023","0,0046",21,control,3,,,2,9,11,FALSCH,1743
image_3498.png,8,farmbot_uzk_2,64,"1733130220,23516","20,3749904631113","48,8380254825666","524,8512",99,6488256,6488355,FALSCH,"0,092","0,069","0,023","0,0046",21,control,3,,,2,9,11,WAHR,1743
image_3499.png,8,farmbot_uzk_2,65,"1733130220,75784","20,3749904631113","48,8380254825666","524,8512",99,6488256,6488355,FALSCH,"0,066","0,032","0,034","0,0037",21,control,"0,94118",,,2,8,10,WAHR,1744
image_3500.png,8,farmbot_uzk_2,65,"1733131547,97495","19,6967269398032","49,1172655832761","203,3472",44,2883662,2883706,FALSCH,"0,066","0,032","0,034","0,0037",21,control,"0,94118",,,2,8,10,FALSCH,1744
image_3501.png,8,farmbot_uzk_2,66,"1733130221,28077","20,3749904631113","48,8380254825666","524,8512",99,6488256,6488355,FALSCH,"0,075","0,064","0,011","0,0043",21,control,"5,81818",,,2,7,9,WAHR,1745
image_3502.png,8,farmbot_uzk_2,66,"1733131548,51746","19,6967269398032","49,1172655832761","203,3472",44,2883662,2883706,FALSCH,"0,075","0,064","0,011","0,0043",21,control,"5,81818",,,2,7,9,FALSCH,1745
image_3503.png,8,farmbot_uzk_2,67,"1733130290,08542","20,4016937514305","48,9784084840162","531,8688",101,6619331,6619432,FALSCH,"0,156","0,115","0,041","0,008",21,control,"2,80488",,,2,11,13,WAHR,1746
image_3504.png,8,farmbot_uzk_2,67,"1733131610,55936","19,6272983901732","49,7886625467308","190,7808",41,2687049,2687090,FALSCH,"0,156","0,115","0,041","0,008",21,control,"2,80488",,,2,11,13,FALSCH,1746
image_3505.png,8,farmbot_uzk_2,68,"1733130290,59326","20,4016937514305","48,9784084840162","531,8688",101,6619331,6619432,FALSCH,"0,102","0,078","0,024","0,0077",21,control,"3,25",,,2,8,10,WAHR,1747
image_3506.png,8,farmbot_uzk_2,68,"1733131611,06252","19,6272983901732","49,7886625467308","190,7808",41,2687049,2687090,FALSCH,"0,102","0,078","0,024","0,0077",21,control,"3,25",,,2,8,10,FALSCH,1747
image_3507.png,8,farmbot_uzk_2,69,"1733130291,10263","20,4016937514305","48,9784084840162","531,8688",101,6619331,6619432,FALSCH,"0,131","0,094","0,037","0,0084",21,drought,"2,54054",,,3,8,11,WAHR,1748
image_3508.png,8,farmbot_uzk_2,69,"1733131611,56337","19,6272983901732","49,7886625467308","190,7808",41,2687049,2687090,FALSCH,"0,131","0,094","0,037","0,0084",21,drought,"2,54054",,,3,8,11,FALSCH,1748
image_3509.png,8,farmbot_uzk_2,70,"1733130291,62029","20,4016937514305","48,9784084840162","531,8688",101,6619331,6619432,FALSCH,"0,115","0,059","0,056","0,0111",21,drought,"1,05357",,,2,9,11,WAHR,1749
image_3510.png,8,farmbot_uzk_2,70,"1733131612,06982","19,6272983901732","49,7886625467308","190,7808",41,2687049,2687090,FALSCH,"0,115","0,059","0,056","0,0111",21,drought,"1,05357",,,2,9,11,FALSCH,1749
image_3511.png,8,farmbot_uzk_2,71,"1733130292,16623","20,4016937514305","48,9784084840162","531,8688",101,6619331,6619432,FALSCH,"0,165","0,126","0,039","0,011",21,drought,"3,23077",,,2,10,12,WAHR,1750
image_3512.png,8,farmbot_uzk_2,71,"1733131612,59526","19,6272983901732","49,7886625467308","190,7808",41,2687049,2687090,FALSCH,"0,165","0,126","0,039","0,011",21,drought,"3,23077",,,2,10,12,FALSCH,1750
image_3513.png,8,farmbot_uzk_2,72,"1733131613,10319","19,6272983901732","49,7886625467308","190,7808",41,2687049,2687090,FALSCH,"0,107","0,076","0,031","0,0015",21,drought,"2,45161",,,2,8,10,FALSCH,1751
image_3514.png,8,farmbot_uzk_2,72,"1733130292,68056","20,4016937514305","48,9784084840162","531,8688",101,6619331,6619432,FALSCH,"0,107","0,076","0,031","0,0015",21,drought,"2,45161",,,2,8,10,WAHR,1751
image_3515.png,8,farmbot_uzk_2,73,"1733130359,05493","20,3616388189517","49,1309987029831","538,8864",103,6750406,6750509,FALSCH,"0,149","0,12","0,029","0,0089",21,drought,"4,13793",,,2,10,12,WAHR,1752
image_3516.png,8,farmbot_uzk_2,73,"1733131685,14866","19,6139467460136","49,7261005569543","178,2144",38,2490436,2490474,FALSCH,"0,149","0,12","0,029","0,0089",21,drought,"4,13793",,,2,10,12,FALSCH,1752
image_3517.png,8,farmbot_uzk_2,74,"1733131685,60888","19,6139467460136","49,7261005569543","178,2144",38,2490436,2490474,FALSCH,"0,157","0,132","0,025","0,0067",21,drought,"5,28",,,2,10,12,FALSCH,1753
image_3518.png,8,farmbot_uzk_2,74,"1733130359,57228","20,3616388189517","49,1309987029831","538,8864",103,6750406,6750509,FALSCH,"0,157","0,132","0,025","0,0067",21,drought,"5,28",,,2,10,12,WAHR,1753
image_3519.png,8,farmbot_uzk_2,75,"1733131686,0647","19,6139467460136","49,7261005569543","178,2144",38,2490436,2490474,FALSCH,"0,155","0,117","0,038","0,0053",21,drought,"3,07895",,,3,8,11,FALSCH,1754
image_3520.png,8,farmbot_uzk_2,75,"1733130360,07435","20,3616388189517","49,1309987029831","538,8864",103,6750406,6750509,FALSCH,"0,155","0,117","0,038","0,0053",21,drought,"3,07895",,,3,8,11,WAHR,1754
image_3521.png,8,farmbot_uzk_2,76,"1733131686,59915","19,6139467460136","49,7261005569543","178,2144",38,2490436,2490474,FALSCH,"0,12","0,09","0,03","0,0051",21,drought,3,,,2,8,10,FALSCH,1755
image_3522.png,8,farmbot_uzk_2,76,"1733130360,60356","20,3616388189517","49,1309987029831","538,8864",103,6750406,6750509,FALSCH,"0,12","0,09","0,03","0,0051",21,drought,3,,,2,8,10,WAHR,1755
image_3523.png,8,farmbot_uzk_2,77,"1733131687,09373","19,6139467460136","49,7261005569543","178,2144",38,2490436,2490474,FALSCH,"0,135","0,094","0,041","0,0065",21,drought,"2,29268",,,0,9,9,FALSCH,1756
image_3524.png,8,farmbot_uzk_2,77,"1733130361,12055","20,3616388189517","49,1309987029831","538,8864",103,6750406,6750509,FALSCH,"0,135","0,094","0,041","0,0065",21,drought,"2,29268",,,0,9,9,WAHR,1756
image_3525.png,8,farmbot_uzk_2,78,"1733131687,61514","19,6139467460136","49,7261005569543","178,2144",38,2490436,2490474,FALSCH,"0,117","0,078","0,039","0,0071",21,drought,2,,,2,7,9,FALSCH,1757
image_3526.png,8,farmbot_uzk_2,78,"1733130361,67555","20,3616388189517","49,1309987029831","538,8864",103,6750406,6750509,FALSCH,"0,117","0,078","0,039","0,0071",21,drought,2,,,2,7,9,WAHR,1757
image_3527.png,8,farmbot_uzk_2,79,"1733131741,55713","19,6566720073243","49,5140001525902","171,1968",36,2359361,2359397,FALSCH,"0,218","0,177","0,041","0,0094",21,drought,"4,31707",,,2,9,11,FALSCH,1758
image_3528.png,8,farmbot_uzk_2,79,"1733130415,99957","20,5165178912032","48,5908293278401","541,824",105,6881480,6881585,FALSCH,"0,218","0,177","0,041","0,0094",21,drought,"4,31707",,,2,9,11,WAHR,1758
image_3529.png,8,farmbot_uzk_2,80,"1733130416,61756","20,5165178912032","48,5908293278401","541,824",105,6881480,6881585,FALSCH,"0,212","0,163","0,049","0,0059",21,drought,"3,32653",,,2,9,11,WAHR,1759
image_3530.png,8,farmbot_uzk_2,80,"1733131742,03419","19,6566720073243","49,5140001525902","171,1968",36,2359361,2359397,FALSCH,"0,212","0,163","0,049","0,0059",21,drought,"3,32653",,,2,9,11,FALSCH,1759
image_3531.png,8,farmbot_uzk_2,81,"1733130417,14006","20,5165178912032","48,5908293278401","541,824",105,6881480,6881585,FALSCH,"0,077","0,05","0,027","0,0039",21,drought,"1,85185",,,2,8,10,WAHR,1760
image_3532.png,8,farmbot_uzk_2,81,"1733131742,53485","19,6566720073243","49,5140001525902","171,1968",36,2359361,2359397,FALSCH,"0,077","0,05","0,027","0,0039",21,drought,"1,85185",,,2,8,10,FALSCH,1760
image_3533.png,8,farmbot_uzk_2,82,"1733131743,04308","19,6566720073243","49,5140001525902","171,1968",36,2359361,2359397,FALSCH,,,,,21,drought,,,,,,0,FALSCH,1761
image_3534.png,8,farmbot_uzk_2,82,"1733130417,66323","20,5165178912032","48,5908293278401","541,824",105,6881480,6881585,FALSCH,,,,,21,drought,,,,,,0,WAHR,1761
image_3535.png,8,farmbot_uzk_2,83,"1733131743,55235","19,6566720073243","49,5140001525902","171,1968",36,2359361,2359397,FALSCH,"0,218","0,158","0,06","0,0072",21,drought,"2,63333",,,2,9,11,FALSCH,1762
image_3536.png,8,farmbot_uzk_2,83,"1733130418,21136","20,5165178912032","48,5908293278401","541,824",105,6881480,6881585,FALSCH,"0,218","0,158","0,06","0,0072",21,drought,"2,63333",,,2,9,11,WAHR,1762
image_3537.png,8,farmbot_uzk_2,84,"1733130419,10949","20,5165178912032","48,5908293278401","541,824",105,6881480,6881585,FALSCH,"0,178","0,122","0,056","0,0114",21,drought,"2,17857",,,2,9,11,WAHR,1763
image_3538.png,8,farmbot_uzk_2,84,"1733131744,08304","19,6566720073243","49,5140001525902","171,1968",36,2359361,2359397,FALSCH,"0,178","0,122","0,056","0,0114",21,drought,"2,17857",,,2,9,11,FALSCH,1763
image_3539.png,8,farmbot_uzk_2,85,"1733130536,18463","20,2761882963302","49,1432059205005","339,456",70,4587648,4587718,FALSCH,"0,065","0,053","0,012","0,0035",21,drought,"4,41667",,,2,8,10,WAHR,1764
image_3540.png,8,farmbot_uzk_2,85,"1733131844,34554","19,6566720073243","49,5979247730221","136,4352",29,1900596,1900625,FALSCH,"0,065","0,053","0,012","0,0035",21,drought,"4,41667",,,2,8,10,FALSCH,1764
image_3541.png,8,farmbot_uzk_2,86,"1733131844,84268","19,6566720073243","49,5979247730221","136,4352",29,1900596,1900625,FALSCH,"0,057","0,036","0,021","0,0065",21,drought,"1,71429",,,2,8,10,FALSCH,1765
image_3542.png,8,farmbot_uzk_2,86,"1733130536,67695","20,2761882963302","49,1432059205005","339,456",70,4587648,4587718,FALSCH,"0,057","0,036","0,021","0,0065",21,drought,"1,71429",,,2,8,10,WAHR,1765
image_3543.png,8,farmbot_uzk_2,87,"1733130537,17281","20,2761882963302","49,1432059205005","339,456",70,4587648,4587718,FALSCH,"0,079","0,061","0,018","0,0061",21,drought,"3,38889",,,2,8,10,WAHR,1766
image_3544.png,8,farmbot_uzk_2,87,"1733131845,63703","19,6566720073243","49,5979247730221","136,4352",29,1900596,1900625,FALSCH,"0,079","0,061","0,018","0,0061",21,drought,"3,38889",,,2,8,10,FALSCH,1766
image_3545.png,8,farmbot_uzk_2,88,"1733131846,44344","19,6566720073243","49,5979247730221","136,4352",29,1900596,1900625,FALSCH,"0,058","0,051","0,007","0,0094",21,drought,"7,28571",,,2,8,10,FALSCH,1767
image_3546.png,8,farmbot_uzk_2,88,"1733130537,69164","20,2761882963302","49,1432059205005","339,456",70,4587648,4587718,FALSCH,"0,058","0,051","0,007","0,0094",21,drought,"7,28571",,,2,8,10,WAHR,1767
image_3547.png,8,farmbot_uzk_2,89,"1733131846,96636","19,6566720073243","49,5979247730221","136,4352",29,1900596,1900625,FALSCH,"0,06","0,046","0,014","0,0352",21,drought,"3,28571",,,1,9,10,FALSCH,1768
image_3548.png,8,farmbot_uzk_2,89,"1733130538,20891","20,2761882963302","49,1432059205005","339,456",70,4587648,4587718,FALSCH,"0,06","0,046","0,014","0,0352",21,drought,"3,28571",,,1,9,10,WAHR,1768
image_3549.png,8,farmbot_uzk_2,90,"1733130538,7283","20,2761882963302","49,1432059205005","339,456",70,4587648,4587718,FALSCH,"0,056","0,046","0,01","0,004",21,drought,"4,6",,,2,8,10,WAHR,1769
image_3550.png,8,farmbot_uzk_2,90,"1733131847,48832","19,6566720073243","49,5979247730221","136,4352",29,1900596,1900625,FALSCH,"0,056","0,046","0,01","0,004",21,drought,"4,6",,,2,8,10,FALSCH,1769
image_3551.png,8,farmbot_uzk_2,91,"1733131916,35976","19,6967269398032","49,552147707332","141,984",30,1966134,1966164,FALSCH,"0,03","0,024","0,006","0,0043",21,salinity,4,,,2,6,8,FALSCH,1770
image_3552.png,8,farmbot_uzk_2,91,"1733130617,29597","20,249485008011","49,1172655832761","339,456",70,4587648,4587718,FALSCH,"0,03","0,024","0,006","0,0043",21,salinity,4,,,2,6,8,WAHR,1770
image_3553.png,8,farmbot_uzk_2,92,"1733131916,86865","19,6967269398032","49,552147707332","141,984",30,1966134,1966164,FALSCH,"0,069","0,055","0,014","0,0063",21,salinity,"3,92857",,,2,7,9,FALSCH,1771
image_3554.png,8,farmbot_uzk_2,92,"1733130617,82254","20,249485008011","49,1172655832761","339,456",70,4587648,4587718,FALSCH,"0,069","0,055","0,014","0,0063",21,salinity,"3,92857",,,2,7,9,WAHR,1771
image_3555.png,8,farmbot_uzk_2,93,"1733130618,31809","20,249485008011","49,1172655832761","339,456",70,4587648,4587718,FALSCH,"0,074","0,06","0,014","0,008",21,salinity,"4,28571",,,2,6,8,WAHR,1772
image_3556.png,8,farmbot_uzk_2,93,"1733131917,36208","19,6967269398032","49,552147707332","141,984",30,1966134,1966164,FALSCH,"0,074","0,06","0,014","0,008",21,salinity,"4,28571",,,2,6,8,FALSCH,1772
image_3557.png,8,farmbot_uzk_2,94,"1733130618,85045","20,249485008011","49,1172655832761","339,456",70,4587648,4587718,FALSCH,,,,"0,0102",21,salinity,,,,,,0,WAHR,1773
image_3558.png,8,farmbot_uzk_2,94,"1733131917,84307","19,6967269398032","49,552147707332","141,984",30,1966134,1966164,FALSCH,,,,"0,0102",21,salinity,,,,,,0,FALSCH,1773
image_3559.png,8,farmbot_uzk_2,95,"1733131918,3565","19,6967269398032","49,552147707332","141,984",30,1966134,1966164,FALSCH,"0,157","0,109","0,048",,21,salinity,"2,27083",,,2,10,12,FALSCH,1774
image_3560.png,8,farmbot_uzk_2,95,"1733130619,37701","20,249485008011","49,1172655832761","339,456",70,4587648,4587718,FALSCH,"0,157","0,109","0,048",,21,salinity,"2,27083",,,2,10,12,WAHR,1774
image_3561.png,8,farmbot_uzk_2,96,"1733130619,93173","20,249485008011","49,1172655832761","339,456",70,4587648,4587718,FALSCH,"0,135","0,111","0,024",,21,salinity,"4,625",,,2,9,11,WAHR,1775
image_3562.png,8,farmbot_uzk_2,96,"1733131918,89929","19,6967269398032","49,552147707332","141,984",30,1966134,1966164,FALSCH,"0,135","0,111","0,024",,21,salinity,"4,625",,,2,9,11,FALSCH,1775
image_3563.png,8,farmbot_uzk_2,97,"1733130699,20159","20,249485008011","48,886854352636","507,0624",98,6422715,6422813,FALSCH,"0,163","0,125","0,038",,21,salinity,"3,28947",,,2,9,11,WAHR,1776
image_3564.png,8,farmbot_uzk_2,97,"1733131998,52186","19,7821774624247","49,6971084153506","167,1168",36,2359360,2359396,FALSCH,"0,163","0,125","0,038",,21,salinity,"3,28947",,,2,9,11,FALSCH,1776
image_3565.png,8,farmbot_uzk_2,98,"1733131999,00942","19,7821774624247","49,6971084153506","167,1168",36,2359360,2359396,FALSCH,"0,083","0,066","0,017",,21,salinity,"3,88235",,,2,7,9,FALSCH,1777
image_3566.png,8,farmbot_uzk_2,98,"1733130699,70308","20,249485008011","48,886854352636","507,0624",98,6422715,6422813,FALSCH,"0,083","0,066","0,017",,21,salinity,"3,88235",,,2,7,9,WAHR,1777
image_3567.png,8,farmbot_uzk_2,99,"1733130700,2214","20,249485008011","48,886854352636","507,0624",98,6422715,6422813,FALSCH,"0,134","0,094","0,04",,21,salinity,"2,35",,,2,9,11,WAHR,1778
image_3568.png,8,farmbot_uzk_2,99,"1733131999,50343","19,7821774624247","49,6971084153506","167,1168",36,2359360,2359396,FALSCH,"0,134","0,094","0,04",,21,salinity,"2,35",,,2,9,11,FALSCH,1778
image_3569.png,8,farmbot_uzk_2,100,"1733130700,7559","20,249485008011","48,886854352636","507,0624",98,6422715,6422813,FALSCH,"0,112","0,089","0,023",,21,salinity,"3,86957",,,1,7,8,WAHR,1779
image_3570.png,8,farmbot_uzk_2,100,"1733132000,02922","19,7821774624247","49,6971084153506","167,1168",36,2359360,2359396,FALSCH,"0,112","0,089","0,023",,21,salinity,"3,86957",,,1,7,8,FALSCH,1779
image_3571.png,8,farmbot_uzk_2,101,"1733130701,30359","20,249485008011","48,886854352636","507,0624",98,6422715,6422813,FALSCH,"0,214","0,144","0,07",,21,salinity,"2,05714",,,2,9,11,WAHR,1780
image_3572.png,8,farmbot_uzk_2,101,"1733132000,57961","19,7821774624247","49,6971084153506","167,1168",36,2359360,2359396,FALSCH,"0,214","0,144","0,07",,21,salinity,"2,05714",,,2,9,11,FALSCH,1780
image_3573.png,8,farmbot_uzk_2,102,"1733132001,09435","19,7821774624247","49,6971084153506","167,1168",36,2359360,2359396,FALSCH,"0,097","0,065","0,032",,21,salinity,"2,03125",,,2,7,9,FALSCH,1781
image_3574.png,8,farmbot_uzk_2,102,"1733130701,85062","20,249485008011","48,886854352636","507,0624",98,6422715,6422813,FALSCH,"0,097","0,065","0,032",,21,salinity,"2,03125",,,2,7,9,WAHR,1781
image_3575.png,8,farmbot_uzk_2,103,"1733132091,28879","19,6967269398032","49,6025024795911","172,6656",37,2424898,2424935,FALSCH,"0,077","0,059","0,018","0,0172",21,salinity,"3,27778",,,2,8,10,FALSCH,1782
image_3576.png,8,farmbot_uzk_2,103,"1733130774,87972","20,1346608682383","48,9570458533608","490,416",95,6226101,6226196,FALSCH,"0,077","0,059","0,018","0,0172",21,salinity,"3,27778",,,2,8,10,WAHR,1782
image_3577.png,8,farmbot_uzk_2,104,"1733132091,78957","19,6967269398032","49,6025024795911","172,6656",37,2424898,2424935,FALSCH,"0,065","0,048","0,017","0,0047",21,salinity,"2,82353",,,2,8,10,FALSCH,1783
image_3578.png,8,farmbot_uzk_2,104,"1733130775,38233","20,1346608682383","48,9570458533608","490,416",95,6226101,6226196,FALSCH,"0,065","0,048","0,017","0,0047",21,salinity,"2,82353",,,2,8,10,WAHR,1783
image_3579.png,8,farmbot_uzk_2,105,"1733130775,89539","20,1346608682383","48,9570458533608","490,416",95,6226101,6226196,FALSCH,"0,132","0,061","0,071","0,0053",21,salinity,"0,85915",,,2,6,8,WAHR,1784
image_3580.png,8,farmbot_uzk_2,105,"1733132092,28574","19,6967269398032","49,6025024795911","172,6656",37,2424898,2424935,FALSCH,"0,132","0,061","0,071","0,0053",21,salinity,"0,85915",,,2,6,8,FALSCH,1784
image_3581.png,8,farmbot_uzk_2,106,"1733130776,4373","20,1346608682383","48,9570458533608","490,416",95,6226101,6226196,FALSCH,"0,049","0,031","0,018","0,008",21,salinity,"1,72222",,,0,7,7,WAHR,1785
image_3582.png,8,farmbot_uzk_2,106,"1733132092,81941","19,6967269398032","49,6025024795911","172,6656",37,2424898,2424935,FALSCH,"0,049","0,031","0,018","0,008",21,salinity,"1,72222",,,0,7,7,FALSCH,1785
image_3583.png,8,farmbot_uzk_2,107,"1733130776,97531","20,1346608682383","48,9570458533608","490,416",95,6226101,6226196,FALSCH,"0,067","0,046","0,021","0,0162",21,salinity,"2,19048",,,3,6,9,WAHR,1786
image_3584.png,8,farmbot_uzk_2,107,"1733132093,33824","19,6967269398032","49,6025024795911","172,6656",37,2424898,2424935,FALSCH,"0,067","0,046","0,021","0,0162",21,salinity,"2,19048",,,3,6,9,FALSCH,1786
image_3585.png,8,farmbot_uzk_2,108,"1733130777,53457","20,1346608682383","48,9570458533608","490,416",95,6226101,6226196,FALSCH,"0,013","0,009","0,004","0,0031",21,salinity,"2,25",,,2,6,8,WAHR,1787
image_3586.png,8,farmbot_uzk_2,108,"1733132093,87745","19,6967269398032","49,6025024795911","172,6656",37,2424898,2424935,FALSCH,"0,013","0,009","0,004","0,0031",21,salinity,"2,25",,,2,6,8,FALSCH,1787
image_3587.png,8,farmbot_uzk_2,109,"1733733592,67692","21,8303196765087","53,7727931639582","430,5216",82,5374110,5374192,FALSCH,"0,203","0,148","0,055","0,015",21,salinity,"2,69091",,,2,10,12,WAHR,1788
image_3588.png,8,farmbot_uzk_2,109,"1733130863,24031","20,1213092240787","49,1996643015183","515,2224",98,6422717,6422815,FALSCH,"0,203","0,148","0,055","0,015",21,salinity,"2,69091",,,2,10,12,WAHR,1788
image_3589.png,8,farmbot_uzk_2,109,"1733735312,24213","20,6446936751354","56,9253070878157","68,3808",16,1048603,1048619,FALSCH,"0,203","0,148","0,055","0,015",21,salinity,"2,69091",,,2,10,12,FALSCH,1788
image_3590.png,8,farmbot_uzk_2,109,"1733132178,49726","19,7127489127947","50,0312809948882","189,312",40,2621512,2621552,FALSCH,"0,203","0,148","0,055","0,015",21,salinity,"2,69091",,,2,10,12,FALSCH,1788
image_3591.png,8,farmbot_uzk_2,110,"1733130863,73391","20,1213092240787","49,1996643015183","515,2224",98,6422717,6422815,FALSCH,"0,116","0,096","0,02","0,0173",21,salinity,"4,8",,,2,8,10,WAHR,1789
image_3592.png,8,farmbot_uzk_2,110,"1733735312,75233","20,6446936751354","56,9253070878157","68,3808",16,1048603,1048619,FALSCH,"0,116","0,096","0,02","0,0173",21,salinity,"4,8",,,2,8,10,FALSCH,1789
image_3593.png,8,farmbot_uzk_2,110,"1733132178,98878","19,7127489127947","50,0312809948882","189,312",40,2621512,2621552,FALSCH,"0,116","0,096","0,02","0,0173",21,salinity,"4,8",,,2,8,10,FALSCH,1789
image_3594.png,8,farmbot_uzk_2,110,"1733733593,20508","21,8303196765087","53,7727931639582","430,5216",82,5374110,5374192,FALSCH,"0,116","0,096","0,02","0,0173",21,salinity,"4,8",,,2,8,10,WAHR,1789
image_3595.png,8,farmbot_uzk_2,111,"1733733593,72556","21,8303196765087","53,7727931639582","430,5216",82,5374110,5374192,FALSCH,"0,111","0,067","0,044","0,0059",21,salinity,"1,52273",,,2,6,8,WAHR,1790
image_3596.png,8,farmbot_uzk_2,111,"1733735313,28323","20,6446936751354","56,9253070878157","68,3808",16,1048603,1048619,FALSCH,"0,111","0,067","0,044","0,0059",21,salinity,"1,52273",,,2,6,8,FALSCH,1790
image_3597.png,8,farmbot_uzk_2,111,"1733132179,48973","19,7127489127947","50,0312809948882","189,312",40,2621512,2621552,FALSCH,"0,111","0,067","0,044","0,0059",21,salinity,"1,52273",,,2,6,8,FALSCH,1790
image_3598.png,8,farmbot_uzk_2,111,"1733130864,27325","20,1213092240787","49,1996643015183","515,2224",98,6422717,6422815,FALSCH,"0,111","0,067","0,044","0,0059",21,salinity,"1,52273",,,2,6,8,WAHR,1790
image_3599.png,8,farmbot_uzk_2,112,"1733735313,82736","20,6446936751354","56,9253070878157","68,3808",16,1048603,1048619,FALSCH,"0,116","0,084","0,032","0,0067",21,salinity,"2,625",,,2,9,11,FALSCH,1791
image_3600.png,8,farmbot_uzk_2,112,"1733733594,25511","21,8303196765087","53,7727931639582","430,5216",82,5374110,5374192,FALSCH,"0,116","0,084","0,032","0,0067",21,salinity,"2,625",,,2,9,11,WAHR,1791
image_3601.png,8,farmbot_uzk_2,112,"1733130864,78594","20,1213092240787","49,1996643015183","515,2224",98,6422717,6422815,FALSCH,"0,116","0,084","0,032","0,0067",21,salinity,"2,625",,,2,9,11,WAHR,1791
image_3602.png,8,farmbot_uzk_2,112,"1733132180,00897","19,7127489127947","50,0312809948882","189,312",40,2621512,2621552,FALSCH,"0,116","0,084","0,032","0,0067",21,salinity,"2,625",,,2,9,11,FALSCH,1791
image_3603.png,8,farmbot_uzk_2,113,"1733132180,5588","19,7127489127947","50,0312809948882","189,312",40,2621512,2621552,FALSCH,,,,"0,0025",28,control,,,,,,0,FALSCH,1792
image_3604.png,8,farmbot_uzk_2,113,"1733733594,80622","21,8303196765087","53,7727931639582","430,5216",82,5374110,5374192,FALSCH,,,,"0,0025",28,control,,,,,,0,WAHR,1792
image_3605.png,8,farmbot_uzk_2,113,"1733130865,32946","20,1213092240787","49,1996643015183","515,2224",98,6422717,6422815,FALSCH,,,,"0,0025",28,control,,,,,,0,WAHR,1792
image_3606.png,8,farmbot_uzk_2,113,"1733735314,35825","20,6446936751354","56,9253070878157","68,3808",16,1048603,1048619,FALSCH,,,,"0,0025",28,control,,,,,,0,FALSCH,1792
image_3607.png,8,farmbot_uzk_2,114,"1733733595,36411","21,8303196765087","53,7727931639582","430,5216",82,5374110,5374192,FALSCH,,,,"0,0012",28,control,,,,,,0,WAHR,1793
image_3608.png,8,farmbot_uzk_2,114,"1733130865,83812","20,1213092240787","49,1996643015183","515,2224",98,6422717,6422815,FALSCH,,,,"0,0012",28,control,,,,,,0,WAHR,1793
image_3609.png,8,farmbot_uzk_2,114,"1733735314,8919","20,6446936751354","56,9253070878157","68,3808",16,1048603,1048619,FALSCH,,,,"0,0012",28,control,,,,,,0,FALSCH,1793
image_3610.png,8,farmbot_uzk_2,114,"1733132181,06079","19,7127489127947","50,0312809948882","189,312",40,2621512,2621552,FALSCH,,,,"0,0012",28,control,,,,,,0,FALSCH,1793
image_3611.png,8,farmbot_uzk_2,115,"1733733640,51901","21,8863965819791","53,3180743114366","437,2128",81,5308575,5308656,FALSCH,"0,252","0,226","0,026",,28,control,"8,69231",,,2,12,14,WAHR,1794
image_3612.png,8,farmbot_uzk_2,115,"1733132269,99619","19,8249027237354","49,8481727321279","178,2144",38,2490436,2490474,FALSCH,"0,252","0,226","0,026",,28,control,"8,69231",,,2,12,14,FALSCH,1794
image_3613.png,8,farmbot_uzk_2,115,"1733735374,1016","20,6153200579843","57,067215991455","64,3008",16,1048602,1048618,FALSCH,"0,252","0,226","0,026",,28,control,"8,69231",,,2,12,14,FALSCH,1794
image_3614.png,8,farmbot_uzk_2,115,"1733130938,90333","20,1506828412299","48,9372091248951","515,2224",98,6422717,6422815,FALSCH,"0,252","0,226","0,026",,28,control,"8,69231",,,2,12,14,WAHR,1794
image_3615.png,8,farmbot_uzk_2,116,"1733132270,51413","19,8249027237354","49,8481727321279","178,2144",38,2490436,2490474,FALSCH,"0,188","0,154","0,034",,28,control,"4,52941",,,4,12,16,FALSCH,1795
image_3616.png,8,farmbot_uzk_2,116,"1733733641,03525","21,8863965819791","53,3180743114366","437,2128",81,5308575,5308656,FALSCH,"0,188","0,154","0,034",,28,control,"4,52941",,,4,12,16,WAHR,1795
image_3617.png,8,farmbot_uzk_2,116,"1733735374,63112","20,6153200579843","57,067215991455","64,3008",16,1048602,1048618,FALSCH,"0,188","0,154","0,034",,28,control,"4,52941",,,4,12,16,FALSCH,1795
image_3618.png,8,farmbot_uzk_2,116,"1733130939,42018","20,1506828412299","48,9372091248951","515,2224",98,6422717,6422815,FALSCH,"0,188","0,154","0,034",,28,control,"4,52941",,,4,12,16,WAHR,1795
image_3619.png,8,farmbot_uzk_2,117,"1733735375,17699","20,6153200579843","57,067215991455","64,3008",16,1048602,1048618,FALSCH,"0,394","0,34","0,054",,28,control,"6,2963",,,2,14,16,FALSCH,1796
image_3620.png,8,farmbot_uzk_2,117,"1733733641,52023","21,8863965819791","53,3180743114366","437,2128",81,5308575,5308656,FALSCH,"0,394","0,34","0,054",,28,control,"6,2963",,,2,14,16,WAHR,1796
image_3621.png,8,farmbot_uzk_2,117,"1733130939,94185","20,1506828412299","48,9372091248951","515,2224",98,6422717,6422815,FALSCH,"0,394","0,34","0,054",,28,control,"6,2963",,,2,14,16,WAHR,1796
image_3622.png,8,farmbot_uzk_2,117,"1733132271,01007","19,8249027237354","49,8481727321279","178,2144",38,2490436,2490474,FALSCH,"0,394","0,34","0,054",,28,control,"6,2963",,,2,14,16,FALSCH,1796
image_3623.png,8,farmbot_uzk_2,118,"1733130940,44534","20,1506828412299","48,9372091248951","515,2224",98,6422717,6422815,FALSCH,"0,348","0,309","0,039",,28,control,"7,92308",,,2,13,15,WAHR,1797
image_3624.png,8,farmbot_uzk_2,118,"1733132271,50932","19,8249027237354","49,8481727321279","178,2144",38,2490436,2490474,FALSCH,"0,348","0,309","0,039",,28,control,"7,92308",,,2,13,15,FALSCH,1797
image_3625.png,8,farmbot_uzk_2,118,"1733735375,69674","20,6153200579843","57,067215991455","64,3008",16,1048602,1048618,FALSCH,"0,348","0,309","0,039",,28,control,"7,92308",,,2,13,15,FALSCH,1797
image_3626.png,8,farmbot_uzk_2,118,"1733733642,038","21,8863965819791","53,3180743114366","437,2128",81,5308575,5308656,FALSCH,"0,348","0,309","0,039",,28,control,"7,92308",,,2,13,15,WAHR,1797
image_3627.png,8,farmbot_uzk_2,119,"1733130940,96039","20,1506828412299","48,9372091248951","515,2224",98,6422717,6422815,FALSCH,,,,,28,control,,,,,,0,WAHR,1798
image_3628.png,8,farmbot_uzk_2,119,"1733132272,03745","19,8249027237354","49,8481727321279","178,2144",38,2490436,2490474,FALSCH,,,,,28,control,,,,,,0,FALSCH,1798
image_3629.png,8,farmbot_uzk_2,119,"1733733642,56692","21,8863965819791","53,3180743114366","437,2128",81,5308575,5308656,FALSCH,,,,,28,control,,,,,,0,WAHR,1798
image_3630.png,8,farmbot_uzk_2,119,"1733735376,22679","20,6153200579843","57,067215991455","64,3008",16,1048602,1048618,FALSCH,,,,,28,control,,,,,,0,FALSCH,1798
image_3631.png,8,farmbot_uzk_2,120,"1733735376,78813","20,6153200579843","57,067215991455","64,3008",16,1048602,1048618,FALSCH,"0,675","0,629","0,046",,28,control,"13,67391",,,2,16,18,FALSCH,1799
image_3632.png,8,farmbot_uzk_2,120,"1733130941,48218","20,1506828412299","48,9372091248951","515,2224",98,6422717,6422815,FALSCH,"0,675","0,629","0,046",,28,control,"13,67391",,,2,16,18,WAHR,1799
image_3633.png,8,farmbot_uzk_2,120,"1733733643,10036","21,8863965819791","53,3180743114366","437,2128",81,5308575,5308656,FALSCH,"0,675","0,629","0,046",,28,control,"13,67391",,,2,16,18,WAHR,1799
image_3634.png,8,farmbot_uzk_2,120,"1733132272,5638","19,8249027237354","49,8481727321279","178,2144",38,2490436,2490474,FALSCH,"0,675","0,629","0,046",,28,control,"13,67391",,,2,16,18,FALSCH,1799
image_3635.png,8,farmbot_uzk_2,121,"1733733696,80334","21,8730449378195","53,6110475318532","436,0704",83,5439648,5439731,FALSCH,"0,38","0,345","0,035",,28,control,"9,85714",,,2,13,15,WAHR,1800
image_3636.png,8,farmbot_uzk_2,121,"1733735425,04752","20,5432211795224","57,4258030060273","70,992",15,983067,983082,FALSCH,"0,38","0,345","0,035",,28,control,"9,85714",,,2,13,15,FALSCH,1800
image_3637.png,8,farmbot_uzk_2,122,"1733735425,54037","20,5432211795224","57,4258030060273","70,992",15,983067,983082,FALSCH,,,,,28,control,,,,,,0,FALSCH,1801
image_3638.png,8,farmbot_uzk_2,122,"1733733697,31021","21,8730449378195","53,6110475318532","436,0704",83,5439648,5439731,FALSCH,,,,,28,control,,,,,,0,WAHR,1801
image_3639.png,8,farmbot_uzk_2,123,"1733733697,83415","21,8730449378195","53,6110475318532","436,0704",83,5439648,5439731,FALSCH,"0,538","0,489","0,049",,28,control,"9,97959",,,2,14,16,WAHR,1802
image_3640.png,8,farmbot_uzk_2,123,"1733735426,07786","20,5432211795224","57,4258030060273","70,992",15,983067,983082,FALSCH,"0,538","0,489","0,049",,28,control,"9,97959",,,2,14,16,FALSCH,1802
image_3641.png,8,farmbot_uzk_2,124,"1733735426,60429","20,5432211795224","57,4258030060273","70,992",15,983067,983082,FALSCH,"0,606","0,555","0,051",,28,control,"10,88235",,,2,16,18,FALSCH,1803
image_3642.png,8,farmbot_uzk_2,124,"1733733698,35681","21,8730449378195","53,6110475318532","436,0704",83,5439648,5439731,FALSCH,"0,606","0,555","0,051",,28,control,"10,88235",,,2,16,18,WAHR,1803
image_3643.png,8,farmbot_uzk_2,125,"1733735427,15907","20,5432211795224","57,4258030060273","70,992",15,983067,983082,FALSCH,"0,441","0,395","0,046",,28,drought,"8,58696",,,0,16,16,FALSCH,1804
image_3644.png,8,farmbot_uzk_2,125,"1733733698,90199","21,8730449378195","53,6110475318532","436,0704",83,5439648,5439731,FALSCH,"0,441","0,395","0,046",,28,drought,"8,58696",,,0,16,16,WAHR,1804
image_3645.png,8,farmbot_uzk_2,126,"1733735427,69559","20,5432211795224","57,4258030060273","70,992",15,983067,983082,FALSCH,"0,289","0,271","0,018",,28,drought,"15,05556",,,2,12,14,FALSCH,1805
image_3646.png,8,farmbot_uzk_2,126,"1733733699,44219","21,8730449378195","53,6110475318532","436,0704",83,5439648,5439731,FALSCH,"0,289","0,271","0,018",,28,drought,"15,05556",,,2,12,14,WAHR,1805
image_3647.png,8,farmbot_uzk_2,127,"1733735493,71436","20,6313420309758","57,2823682001984","70,992",15,983067,983082,FALSCH,"0,42","0,395","0,025",,28,drought,"15,8",,,1,13,14,FALSCH,1806
image_3648.png,8,farmbot_uzk_2,127,"1733733741,5965","21,8997482261387","53,6934462500954","438,6816",82,5374112,5374194,FALSCH,"0,42","0,395","0,025",,28,drought,"15,8",,,1,13,14,WAHR,1806
image_3649.png,8,farmbot_uzk_2,128,"1733733742,10018","21,8997482261387","53,6934462500954","438,6816",82,5374112,5374194,FALSCH,"0,413","0,386","0,027",,28,drought,"14,2963",,,0,17,17,WAHR,1807
image_3650.png,8,farmbot_uzk_2,128,"1733735494,23529","20,6313420309758","57,2823682001984","70,992",15,983067,983082,FALSCH,"0,413","0,386","0,027",,28,drought,"14,2963",,,0,17,17,FALSCH,1807
image_3651.png,8,farmbot_uzk_2,129,"1733733742,57926","21,8997482261387","53,6934462500954","438,6816",82,5374112,5374194,FALSCH,,,,,28,drought,,,,,,0,WAHR,1808
image_3652.png,8,farmbot_uzk_2,129,"1733735494,75151","20,6313420309758","57,2823682001984","70,992",15,983067,983082,FALSCH,,,,,28,drought,,,,,,0,FALSCH,1808
image_3653.png,8,farmbot_uzk_2,130,"1733733743,10449","21,8997482261387","53,6934462500954","438,6816",82,5374112,5374194,FALSCH,"0,433","0,389","0,044",,28,drought,"8,84091",,,0,16,16,WAHR,1809
image_3654.png,8,farmbot_uzk_2,130,"1733735495,28448","20,6313420309758","57,2823682001984","70,992",15,983067,983082,FALSCH,"0,433","0,389","0,044",,28,drought,"8,84091",,,0,16,16,FALSCH,1809
image_3655.png,8,farmbot_uzk_2,131,"1733735495,82858","20,6313420309758","57,2823682001984","70,992",15,983067,983082,FALSCH,"0,491","0,458","0,033",,28,drought,"13,87879",,,0,17,17,FALSCH,1810
image_3656.png,8,farmbot_uzk_2,131,"1733733743,61935","21,8997482261387","53,6934462500954","438,6816",82,5374112,5374194,FALSCH,"0,491","0,458","0,033",,28,drought,"13,87879",,,0,17,17,WAHR,1810
image_3657.png,8,farmbot_uzk_2,132,"1733733744,19318","21,8997482261387","53,6934462500954","438,6816",82,5374112,5374194,FALSCH,"0,597","0,558","0,039",,28,drought,"14,30769",,,1,14,15,WAHR,1811
image_3658.png,8,farmbot_uzk_2,132,"1733735496,39533","20,6313420309758","57,2823682001984","70,992",15,983067,983082,FALSCH,"0,597","0,558","0,039",,28,drought,"14,30769",,,1,14,15,FALSCH,1811
image_3659.png,8,farmbot_uzk_2,133,"1733735563,87527","20,7434958419165","57,1450370031281","70,992",15,983067,983082,FALSCH,"0,234","0,216","0,018",,28,drought,12,,,0,13,13,FALSCH,1812
image_3660.png,8,farmbot_uzk_2,133,"1733733809,91407","21,9851987487602","53,2417792019532","438,6816",82,5374112,5374194,FALSCH,"0,234","0,216","0,018",,28,drought,12,,,0,13,13,WAHR,1812
image_3661.png,8,farmbot_uzk_2,134,"1733735564,38307","20,7434958419165","57,1450370031281","70,992",15,983067,983082,FALSCH,"0,211","0,206","0,005",,28,drought,"41,2",,,0,13,13,FALSCH,1813
image_3662.png,8,farmbot_uzk_2,134,"1733733810,41818","21,9851987487602","53,2417792019532","438,6816",82,5374112,5374194,FALSCH,"0,211","0,206","0,005",,28,drought,"41,2",,,0,13,13,WAHR,1813
image_3663.png,8,farmbot_uzk_2,135,"1733735564,8976","20,7434958419165","57,1450370031281","70,992",15,983067,983082,FALSCH,"0,273","0,258","0,015",,28,drought,"17,2",,,0,15,15,FALSCH,1814
image_3664.png,8,farmbot_uzk_2,135,"1733733810,98467","21,9851987487602","53,2417792019532","438,6816",82,5374112,5374194,FALSCH,"0,273","0,258","0,015",,28,drought,"17,2",,,0,15,15,WAHR,1814
image_3665.png,8,farmbot_uzk_2,136,"1733735565,41365","20,7434958419165","57,1450370031281","70,992",15,983067,983082,FALSCH,"0,102","0,089","0,013",,28,drought,"6,84615",,,0,7,7,FALSCH,1815
image_3666.png,8,farmbot_uzk_2,136,"1733733811,52155","21,9851987487602","53,2417792019532","438,6816",82,5374112,5374194,FALSCH,"0,102","0,089","0,013",,28,drought,"6,84615",,,0,7,7,WAHR,1815
image_3667.png,8,farmbot_uzk_2,137,"1733733812,06842","21,9851987487602","53,2417792019532","438,6816",82,5374112,5374194,FALSCH,"0,125","0,109","0,016",,28,drought,"6,8125",,,0,9,9,WAHR,1816
image_3668.png,8,farmbot_uzk_2,137,"1733735565,97483","20,7434958419165","57,1450370031281","70,992",15,983067,983082,FALSCH,"0,125","0,109","0,016",,28,drought,"6,8125",,,0,9,9,FALSCH,1816
image_3669.png,8,farmbot_uzk_2,138,"1733733812,5917","21,9851987487602","53,2417792019532","438,6816",82,5374112,5374194,FALSCH,"0,111","0,099","0,012",,28,drought,"8,25",,,0,10,10,WAHR,1817
image_3670.png,8,farmbot_uzk_2,138,"1733735566,50497","20,7434958419165","57,1450370031281","70,992",15,983067,983082,FALSCH,"0,111","0,099","0,012",,28,drought,"8,25",,,0,10,10,FALSCH,1817
image_3671.png,8,farmbot_uzk_2,139,"1733733863,35086","22,0412756542306","53,3287556267643","437,2128",81,5308575,5308656,FALSCH,"0,231","0,215","0,016",,28,drought,"13,4375",,,0,9,9,WAHR,1818
image_3672.png,8,farmbot_uzk_2,139,"1733735612,00165","20,7995727473869","57,0504310673686","66,912",15,983066,983081,FALSCH,"0,231","0,215","0,016",,28,drought,"13,4375",,,0,9,9,FALSCH,1818
image_3673.png,8,farmbot_uzk_2,140,"1733733863,8596","22,0412756542306","53,3287556267643","437,2128",81,5308575,5308656,FALSCH,"0,47","0,428","0,042",,28,drought,"10,19048",,,0,12,12,WAHR,1819
image_3674.png,8,farmbot_uzk_2,140,"1733735612,52639","20,7995727473869","57,0504310673686","66,912",15,983066,983081,FALSCH,"0,47","0,428","0,042",,28,drought,"10,19048",,,0,12,12,FALSCH,1819
image_3675.png,8,farmbot_uzk_2,141,"1733733864,35912","22,0412756542306","53,3287556267643","437,2128",81,5308575,5308656,FALSCH,"0,374","0,344","0,03",,28,drought,"11,46667",,,0,10,10,WAHR,1820
image_3676.png,8,farmbot_uzk_2,141,"1733735613,03011","20,7995727473869","57,0504310673686","66,912",15,983066,983081,FALSCH,"0,374","0,344","0,03",,28,drought,"11,46667",,,0,10,10,FALSCH,1820
image_3677.png,8,farmbot_uzk_2,142,"1733733864,91685","22,0412756542306","53,3287556267643","437,2128",81,5308575,5308656,FALSCH,"0,38","0,343","0,037",,28,drought,"9,27027",,,0,13,13,WAHR,1821
image_3678.png,8,farmbot_uzk_2,142,"1733735613,56336","20,7995727473869","57,0504310673686","66,912",15,983066,983081,FALSCH,"0,38","0,343","0,037",,28,drought,"9,27027",,,0,13,13,FALSCH,1821
image_3679.png,8,farmbot_uzk_2,143,"1733735614,09121","20,7995727473869","57,0504310673686","66,912",15,983066,983081,FALSCH,"0,405","0,384","0,021",,28,drought,"18,28571",,,0,12,12,FALSCH,1822
image_3680.png,8,farmbot_uzk_2,143,"1733733865,45247","22,0412756542306","53,3287556267643","437,2128",81,5308575,5308656,FALSCH,"0,405","0,384","0,021",,28,drought,"18,28571",,,0,12,12,WAHR,1822
image_3681.png,8,farmbot_uzk_2,144,"1733733865,98182","22,0412756542306","53,3287556267643","437,2128",81,5308575,5308656,FALSCH,"0,352","0,309","0,043",,28,drought,"7,18605",,,0,12,12,WAHR,1823
image_3682.png,8,farmbot_uzk_2,144,"1733735614,62397","20,7995727473869","57,0504310673686","66,912",15,983066,983081,FALSCH,"0,352","0,309","0,043",,28,drought,"7,18605",,,0,12,12,FALSCH,1823
image_3683.png,8,farmbot_uzk_2,145,"1733735661,94199","20,8422980086976","56,76661326009","72,4608",16,1048604,1048620,FALSCH,"0,365","0,342","0,023",,28,drought,"14,86957",,,0,13,13,FALSCH,1824
image_3684.png,8,farmbot_uzk_2,145,"1733733921,65909","22,027924010071","52,988479438468","442,7616",82,5374113,5374195,FALSCH,"0,365","0,342","0,023",,28,drought,"14,86957",,,0,13,13,WAHR,1824
image_3685.png,8,farmbot_uzk_2,146,"1733733922,16713","22,027924010071","52,988479438468","442,7616",82,5374113,5374195,FALSCH,"0,307","0,291","0,016",,28,drought,"18,1875",,,0,12,12,WAHR,1825
image_3686.png,8,farmbot_uzk_2,146,"1733735662,4486","20,8422980086976","56,76661326009","72,4608",16,1048604,1048620,FALSCH,"0,307","0,291","0,016",,28,drought,"18,1875",,,0,12,12,FALSCH,1825
image_3687.png,8,farmbot_uzk_2,147,"1733735662,96486","20,8422980086976","56,76661326009","72,4608",16,1048604,1048620,FALSCH,"0,405","0,378","0,027",,28,salinity,14,,,0,12,12,FALSCH,1826
image_3688.png,8,farmbot_uzk_2,147,"1733733922,6802","22,027924010071","52,988479438468","442,7616",82,5374113,5374195,FALSCH,"0,405","0,378","0,027",,28,salinity,14,,,0,12,12,WAHR,1826
image_3689.png,8,farmbot_uzk_2,148,"1733733923,22205","22,027924010071","52,988479438468","442,7616",82,5374113,5374195,FALSCH,"0,356","0,322","0,034",,28,salinity,"9,47059",,,0,10,10,WAHR,1827
image_3690.png,8,farmbot_uzk_2,148,"1733735663,47214","20,8422980086976","56,76661326009","72,4608",16,1048604,1048620,FALSCH,"0,356","0,322","0,034",,28,salinity,"9,47059",,,0,10,10,FALSCH,1827
image_3691.png,8,farmbot_uzk_2,149,"1733733923,75797","22,027924010071","52,988479438468","442,7616",82,5374113,5374195,FALSCH,"0,28","0,258","0,022",,28,salinity,"11,72727",,,0,11,11,WAHR,1828
image_3692.png,8,farmbot_uzk_2,149,"1733735664,02938","20,8422980086976","56,76661326009","72,4608",16,1048604,1048620,FALSCH,"0,28","0,258","0,022",,28,salinity,"11,72727",,,0,11,11,FALSCH,1828
image_3693.png,8,farmbot_uzk_2,150,"1733733924,27441","22,027924010071","52,988479438468","442,7616",82,5374113,5374195,FALSCH,"0,371","0,318","0,053",,28,salinity,6,,,0,11,11,WAHR,1829
image_3694.png,8,farmbot_uzk_2,150,"1733735664,55313","20,8422980086976","56,76661326009","72,4608",16,1048604,1048620,FALSCH,"0,371","0,318","0,053",,28,salinity,6,,,0,11,11,FALSCH,1829
image_3695.png,8,farmbot_uzk_2,151,"1733734013,03658","22,0546272983902","53,1273365377279","442,7616",82,5374113,5374195,FALSCH,"0,272","0,242","0,03",,28,salinity,"8,06667",,,0,9,9,WAHR,1830
image_3696.png,8,farmbot_uzk_2,151,"1733735723,5625","20,898374914168","56,572823682002","76,5408",16,1048605,1048621,FALSCH,"0,272","0,242","0,03",,28,salinity,"8,06667",,,0,9,9,FALSCH,1830
image_3697.png,8,farmbot_uzk_2,152,"1733734013,55991","22,0546272983902","53,1273365377279","442,7616",82,5374113,5374195,FALSCH,"0,294","0,26","0,034",,28,salinity,"7,64706",,,0,8,8,WAHR,1831
image_3698.png,8,farmbot_uzk_2,152,"1733735724,09832","20,898374914168","56,572823682002","76,5408",16,1048605,1048621,FALSCH,"0,294","0,26","0,034",,28,salinity,"7,64706",,,0,8,8,FALSCH,1831
image_3699.png,8,farmbot_uzk_2,153,"1733735724,58964","20,898374914168","56,572823682002","76,5408",16,1048605,1048621,FALSCH,,,,,28,salinity,,,,,,0,FALSCH,1832
image_3700.png,8,farmbot_uzk_2,153,"1733734014,06398","22,0546272983902","53,1273365377279","442,7616",82,5374113,5374195,FALSCH,,,,,28,salinity,,,,,,0,WAHR,1832
image_3701.png,8,farmbot_uzk_2,154,"1733734014,58494","22,0546272983902","53,1273365377279","442,7616",82,5374113,5374195,FALSCH,"0,344","0,322","0,022",,28,salinity,"14,63636",,,0,9,9,WAHR,1833
image_3702.png,8,farmbot_uzk_2,154,"1733735725,08732","20,898374914168","56,572823682002","76,5408",16,1048605,1048621,FALSCH,"0,344","0,322","0,022",,28,salinity,"14,63636",,,0,9,9,FALSCH,1833
image_3703.png,8,farmbot_uzk_2,155,"1733734015,14765","22,0546272983902","53,1273365377279","442,7616",82,5374113,5374195,FALSCH,"0,203","0,189","0,014",,28,salinity,"13,5",,,0,10,10,WAHR,1834
image_3704.png,8,farmbot_uzk_2,155,"1733735725,61296","20,898374914168","56,572823682002","76,5408",16,1048605,1048621,FALSCH,"0,203","0,189","0,014",,28,salinity,"13,5",,,0,10,10,FALSCH,1834
image_3705.png,8,farmbot_uzk_2,156,"1733734015,69087","22,0546272983902","53,1273365377279","442,7616",82,5374113,5374195,FALSCH,"0,245","0,23","0,015",,28,salinity,"15,33333",,,0,10,10,WAHR,1835
image_3706.png,8,farmbot_uzk_2,156,"1733735726,15367","20,898374914168","56,572823682002","76,5408",16,1048605,1048621,FALSCH,"0,245","0,23","0,015",,28,salinity,"15,33333",,,0,10,10,FALSCH,1835
image_3707.png,8,farmbot_uzk_2,157,"1733735773,67213","20,8690012970169","56,4324406805524","73,9296",17,1114141,1114158,FALSCH,"0,195","0,18","0,015",,28,salinity,12,,,0,9,9,FALSCH,1836
image_3708.png,8,farmbot_uzk_2,157,"1733734080,86116","22,0973525597009","52,965590905623","436,0704",83,5439648,5439731,FALSCH,"0,195","0,18","0,015",,28,salinity,12,,,0,9,9,WAHR,1836
image_3709.png,8,farmbot_uzk_2,158,"1733734081,44093","22,0973525597009","52,965590905623","436,0704",83,5439648,5439731,FALSCH,"0,346","0,327","0,019",,28,salinity,"17,21053",,,0,12,12,WAHR,1837
image_3710.png,8,farmbot_uzk_2,158,"1733735774,18008","20,8690012970169","56,4324406805524","73,9296",17,1114141,1114158,FALSCH,"0,346","0,327","0,019",,28,salinity,"17,21053",,,0,12,12,FALSCH,1837
image_3711.png,8,farmbot_uzk_2,159,"1733734081,95465","22,0973525597009","52,965590905623","436,0704",83,5439648,5439731,FALSCH,"0,226","0,208","0,018",,28,salinity,"11,55556",,,0,12,12,WAHR,1838
image_3712.png,8,farmbot_uzk_2,159,"1733735774,68227","20,8690012970169","56,4324406805524","73,9296",17,1114141,1114158,FALSCH,"0,226","0,208","0,018",,28,salinity,"11,55556",,,0,12,12,FALSCH,1838
image_3713.png,8,farmbot_uzk_2,160,"1733735775,18688","20,8690012970169","56,4324406805524","73,9296",17,1114141,1114158,FALSCH,"0,361","0,325","0,036",,28,salinity,"9,02778",,,0,10,10,FALSCH,1839
image_3714.png,8,farmbot_uzk_2,160,"1733734082,47596","22,0973525597009","52,965590905623","436,0704",83,5439648,5439731,FALSCH,"0,361","0,325","0,036",,28,salinity,"9,02778",,,0,10,10,WAHR,1839
image_3715.png,8,farmbot_uzk_2,161,"1733734083,00953","22,0973525597009","52,965590905623","436,0704",83,5439648,5439731,FALSCH,"0,351","0,33","0,021",,28,salinity,"15,71429",,,0,13,13,WAHR,1840
image_3716.png,8,farmbot_uzk_2,161,"1733735775,7144","20,8690012970169","56,4324406805524","73,9296",17,1114141,1114158,FALSCH,"0,351","0,33","0,021",,28,salinity,"15,71429",,,0,13,13,FALSCH,1840
image_3717.png,8,farmbot_uzk_2,162,"1733735776,24907","20,8690012970169","56,4324406805524","73,9296",17,1114141,1114158,FALSCH,"0,251","0,22","0,031",,28,salinity,"7,09677",,,0,12,12,FALSCH,1841
image_3718.png,8,farmbot_uzk_2,162,"1733734083,5825","22,0973525597009","52,965590905623","436,0704",83,5439648,5439731,FALSCH,"0,251","0,22","0,031",,28,salinity,"7,09677",,,0,12,12,WAHR,1841
image_3719.png,8,farmbot_uzk_2,163,"1733735821,46651","20,9250782024872","56,3073167009995","73,9296",17,1114141,1114158,FALSCH,"0,309","0,28","0,029",,28,salinity,"9,65517",,,0,13,13,FALSCH,1842
image_3720.png,8,farmbot_uzk_2,163,"1733734136,72249","22,0973525597009","53,1120775158312","438,6816",82,5374112,5374194,FALSCH,"0,309","0,28","0,029",,28,salinity,"9,65517",,,0,13,13,WAHR,1842
image_3721.png,8,farmbot_uzk_2,164,"1733735822,00945","20,9250782024872","56,3073167009995","73,9296",17,1114141,1114158,FALSCH,"0,441","0,393","0,048",,28,salinity,"8,1875",,,0,14,14,FALSCH,1843
image_3722.png,8,farmbot_uzk_2,164,"1733734137,23638","22,0973525597009","53,1120775158312","438,6816",82,5374112,5374194,FALSCH,"0,441","0,393","0,048",,28,salinity,"8,1875",,,0,14,14,WAHR,1843
image_3723.png,8,farmbot_uzk_2,165,"1733734137,74286","22,0973525597009","53,1120775158312","438,6816",82,5374112,5374194,FALSCH,"0,29","0,268","0,022",,28,salinity,"12,18182",,,0,11,11,WAHR,1844
image_3724.png,8,farmbot_uzk_2,165,"1733735822,515","20,9250782024872","56,3073167009995","73,9296",17,1114141,1114158,FALSCH,"0,29","0,268","0,022",,28,salinity,"12,18182",,,0,11,11,FALSCH,1844
image_3725.png,8,farmbot_uzk_2,166,"1733735823,04391","20,9250782024872","56,3073167009995","73,9296",17,1114141,1114158,FALSCH,"0,313","0,273","0,04",,28,salinity,"6,825",,,0,12,12,FALSCH,1845
image_3726.png,8,farmbot_uzk_2,166,"1733734138,26901","22,0973525597009","53,1120775158312","438,6816",82,5374112,5374194,FALSCH,"0,313","0,273","0,04",,28,salinity,"6,825",,,0,12,12,WAHR,1845
image_3727.png,8,farmbot_uzk_2,167,"1733734138,79303","22,0973525597009","53,1120775158312","438,6816",82,5374112,5374194,FALSCH,"0,2","0,181","0,019",,28,salinity,"9,52632",,,0,10,10,WAHR,1846
image_3728.png,8,farmbot_uzk_2,167,"1733735823,6086","20,9250782024872","56,3073167009995","73,9296",17,1114141,1114158,FALSCH,"0,2","0,181","0,019",,28,salinity,"9,52632",,,0,10,10,FALSCH,1846
image_3729.png,8,farmbot_uzk_2,168,"1733734139,38435","22,0973525597009","53,1120775158312","438,6816",82,5374112,5374194,FALSCH,"0,369","0,347","0,022",,28,salinity,"15,77273",,,0,12,12,WAHR,1847
image_3730.png,8,farmbot_uzk_2,168,"1733735824,19073","20,9250782024872","56,3073167009995","73,9296",17,1114141,1114158,FALSCH,"0,369","0,347","0,022",,28,salinity,"15,77273",,,0,12,12,FALSCH,1847
image_3731.png,9,farmbot_uzk,1,"1734943328,00346","20,7648584725719","59,2141603723201","1669,6992",309,20251231,20251540,FALSCH,"0,235","0,0225","0,2125",,28,control,"0,10588",,,2,14,16,WAHR,1848
image_3732.png,9,farmbot_uzk,1,"1734948456,28822","20,8770122835126","51,6609445334554","1713,6",325,21299828,21300153,FALSCH,"0,235","0,0225","0,2125",,28,control,"0,10588",,,2,14,16,FALSCH,1848
image_3733.png,9,farmbot_uzk,2,"1734943328,35191","20,7648584725719","59,2141603723201","1669,6992",309,20251231,20251540,FALSCH,"0,221","0,207","0,014",,28,control,"14,78571",,,2,13,15,WAHR,1849
image_3734.png,9,farmbot_uzk,2,"1734948456,63884","20,8770122835126","51,6609445334554","1713,6",325,21299828,21300153,FALSCH,"0,221","0,207","0,014",,28,control,"14,78571",,,2,13,15,FALSCH,1849
image_3735.png,9,farmbot_uzk,3,"1734943328,69853","20,7648584725719","59,2141603723201","1669,6992",309,20251231,20251540,FALSCH,"0,295","0,281","0,014",,28,control,"20,07143",,,2,14,16,WAHR,1850
image_3736.png,9,farmbot_uzk,3,"1734948457,17837","20,8770122835126","51,6609445334554","1713,6",325,21299828,21300153,FALSCH,"0,295","0,281","0,014",,28,control,"20,07143",,,2,14,16,FALSCH,1850
image_3737.png,9,farmbot_uzk,4,"1734948457,78833","20,8770122835126","51,6609445334554","1713,6",325,21299828,21300153,FALSCH,"0,372","0,353","0,019",,28,control,"18,57895",,,2,19,21,FALSCH,1851
image_3738.png,9,farmbot_uzk,4,"1734943329,08492","20,7648584725719","59,2141603723201","1669,6992",309,20251231,20251540,FALSCH,"0,372","0,353","0,019",,28,control,"18,57895",,,2,19,21,WAHR,1851
image_3739.png,9,farmbot_uzk,5,"1734943329,50966","20,7648584725719","59,2141603723201","1669,6992",309,20251231,20251540,FALSCH,"0,389","0,372","0,017",,28,control,"21,88235",,,0,16,16,WAHR,1852
image_3740.png,9,farmbot_uzk,5,"1734948458,34504","20,8770122835126","51,6609445334554","1713,6",325,21299828,21300153,FALSCH,"0,389","0,372","0,017",,28,control,"21,88235",,,0,16,16,FALSCH,1852
image_3741.png,9,farmbot_uzk,6,"1734943329,89186","20,7648584725719","59,2141603723201","1669,6992",309,20251231,20251540,FALSCH,"0,316","0,29","0,026",,28,control,"11,15385",,,1,12,13,WAHR,1853
image_3742.png,9,farmbot_uzk,6,"1734948458,82185","20,8770122835126","51,6609445334554","1713,6",325,21299828,21300153,FALSCH,"0,316","0,29","0,026",,28,control,"11,15385",,,1,12,13,FALSCH,1853
image_3743.png,9,farmbot_uzk,7,"1734943724,92638","20,6660563057908","60,1297016861219","1683,408",310,20316771,20317081,FALSCH,"0,5","0,483","0,017",,28,control,"28,41176",,,2,13,15,WAHR,1854
image_3744.png,9,farmbot_uzk,7,"1734948531,42986","20,863660639353","51,976806286717","1288,7904",233,15270353,15270586,FALSCH,"0,5","0,483","0,017",,28,control,"28,41176",,,2,13,15,FALSCH,1854
image_3745.png,9,farmbot_uzk,8,"1734948531,8621","20,863660639353","51,976806286717","1288,7904",233,15270353,15270586,FALSCH,"0,13","0,123","0,007",,28,control,"17,57143",,,2,13,15,FALSCH,1855
image_3746.png,9,farmbot_uzk,8,"1734943725,34386","20,6660563057908","60,1297016861219","1683,408",310,20316771,20317081,FALSCH,"0,13","0,123","0,007",,28,control,"17,57143",,,2,13,15,WAHR,1855
image_3747.png,9,farmbot_uzk,9,"1734943725,78773","20,6660563057908","60,1297016861219","1683,408",310,20316771,20317081,FALSCH,"0,242","0,226","0,016",,28,control,"14,125",,,2,10,12,WAHR,1856
image_3748.png,9,farmbot_uzk,9,"1734948532,31159","20,863660639353","51,976806286717","1288,7904",233,15270353,15270586,FALSCH,"0,242","0,226","0,016",,28,control,"14,125",,,2,10,12,FALSCH,1856
image_3749.png,9,farmbot_uzk,10,"1734943726,26188","20,6660563057908","60,1297016861219","1683,408",310,20316771,20317081,FALSCH,,,,,28,control,,,,,,0,WAHR,1857
image_3750.png,9,farmbot_uzk,10,"1734948532,77578","20,863660639353","51,976806286717","1288,7904",233,15270353,15270586,FALSCH,,,,,28,control,,,,,,0,FALSCH,1857
image_3751.png,9,farmbot_uzk,11,"1734943726,71312","20,6660563057908","60,1297016861219","1683,408",310,20316771,20317081,FALSCH,"0,289","0,269","0,02",,28,control,"13,45",,,4,12,16,WAHR,1858
image_3752.png,9,farmbot_uzk,11,"1734948533,22767","20,863660639353","51,976806286717","1288,7904",233,15270353,15270586,FALSCH,"0,289","0,269","0,02",,28,control,"13,45",,,4,12,16,FALSCH,1858
image_3753.png,9,farmbot_uzk,12,"1734948533,71087","20,863660639353","51,976806286717","1288,7904",233,15270353,15270586,FALSCH,"0,253","0,242","0,011",,28,control,22,,,0,14,14,FALSCH,1859
image_3754.png,9,farmbot_uzk,12,"1734943727,14704","20,6660563057908","60,1297016861219","1683,408",310,20316771,20317081,FALSCH,"0,253","0,242","0,011",,28,control,22,,,0,14,14,WAHR,1859
image_3755.png,9,farmbot_uzk,13,"1734948607,42287","20,7648584725719","51,7799649042496","999,2736",172,11272547,11272719,FALSCH,"0,091","0,07","0,021",,28,drought,"3,33333",,,2,14,16,FALSCH,1860
image_3756.png,9,farmbot_uzk,13,"1734943805,39695","20,6393530174716","60,0518806744488","1640,4864",303,19858004,19858307,FALSCH,"0,091","0,07","0,021",,28,drought,"3,33333",,,2,14,16,WAHR,1860
image_3757.png,9,farmbot_uzk,14,"1734943805,71039","20,6393530174716","60,0518806744488","1640,4864",303,19858004,19858307,FALSCH,"0,16","0,145","0,015",,28,drought,"9,66667",,,2,13,15,WAHR,1861
image_3758.png,9,farmbot_uzk,14,"1734948607,71727","20,7648584725719","51,7799649042496","999,2736",172,11272547,11272719,FALSCH,"0,16","0,145","0,015",,28,drought,"9,66667",,,2,13,15,FALSCH,1861
image_3759.png,9,farmbot_uzk,15,"1734943806,05711","20,6393530174716","60,0518806744488","1640,4864",303,19858004,19858307,FALSCH,"0,193","0,177","0,016",,28,drought,"11,0625",,,1,12,13,WAHR,1862
image_3760.png,9,farmbot_uzk,15,"1734948608,06765","20,7648584725719","51,7799649042496","999,2736",172,11272547,11272719,FALSCH,"0,193","0,177","0,016",,28,drought,"11,0625",,,1,12,13,FALSCH,1862
image_3761.png,9,farmbot_uzk,16,"1734943806,42187","20,6393530174716","60,0518806744488","1640,4864",303,19858004,19858307,FALSCH,"0,147","0,133","0,014",,28,drought,"9,5",,,1,11,12,WAHR,1863
image_3762.png,9,farmbot_uzk,16,"1734948608,46539","20,7648584725719","51,7799649042496","999,2736",172,11272547,11272719,FALSCH,"0,147","0,133","0,014",,28,drought,"9,5",,,1,11,12,FALSCH,1863
image_3763.png,9,farmbot_uzk,17,"1734948608,89936","20,7648584725719","51,7799649042496","999,2736",172,11272547,11272719,FALSCH,"0,163","0,154","0,009",,28,drought,"17,11111",,,0,12,12,FALSCH,1864
image_3764.png,9,farmbot_uzk,17,"1734943806,83514","20,6393530174716","60,0518806744488","1640,4864",303,19858004,19858307,FALSCH,"0,163","0,154","0,009",,28,drought,"17,11111",,,0,12,12,WAHR,1864
image_3765.png,9,farmbot_uzk,18,"1734943807,25282","20,6393530174716","60,0518806744488","1640,4864",303,19858004,19858307,FALSCH,"0,138","0,127","0,011",,28,drought,"11,54545",,,1,13,14,WAHR,1865
image_3766.png,9,farmbot_uzk,18,"1734948609,33914","20,7648584725719","51,7799649042496","999,2736",172,11272547,11272719,FALSCH,"0,138","0,127","0,011",,28,drought,"11,54545",,,1,13,14,FALSCH,1865
image_3767.png,9,farmbot_uzk,19,"1734948677,35483","20,7515068284123","51,7662317845426","1018,0416",182,11927918,11928100,FALSCH,"0,2222","0,202","0,0202",,28,drought,10,,,0,13,13,FALSCH,1866
image_3768.png,9,farmbot_uzk,19,"1734943400,96731","20,7087815671016","59,4171053635462","1671,168",310,20316768,20317078,FALSCH,"0,2222","0,202","0,0202",,28,drought,10,,,0,13,13,WAHR,1866
image_3769.png,9,farmbot_uzk,20,"1734943401,41494","20,7087815671016","59,4171053635462","1671,168",310,20316768,20317078,FALSCH,"0,172","0,163","0,009",,28,drought,"18,11111",,,0,12,12,WAHR,1867
image_3770.png,9,farmbot_uzk,20,"1734948677,80498","20,7515068284123","51,7662317845426","1018,0416",182,11927918,11928100,FALSCH,"0,172","0,163","0,009",,28,drought,"18,11111",,,0,12,12,FALSCH,1867
image_3771.png,9,farmbot_uzk,21,"1734948678,25055","20,7515068284123","51,7662317845426","1018,0416",182,11927918,11928100,FALSCH,"0,185","0,168","0,017",,28,drought,"9,88235",,,1,13,14,FALSCH,1868
image_3772.png,9,farmbot_uzk,21,"1734943401,88031","20,7087815671016","59,4171053635462","1671,168",310,20316768,20317078,FALSCH,"0,185","0,168","0,017",,28,drought,"9,88235",,,1,13,14,WAHR,1868
image_3773.png,9,farmbot_uzk,22,"1734943402,34156","20,7087815671016","59,4171053635462","1671,168",310,20316768,20317078,FALSCH,,,,,28,drought,,,,,,0,WAHR,1869
image_3774.png,9,farmbot_uzk,22,"1734948678,74135","20,7515068284123","51,7662317845426","1018,0416",182,11927918,11928100,FALSCH,,,,,28,drought,,,,,,0,FALSCH,1869
image_3775.png,9,farmbot_uzk,23,"1734943402,83016","20,7087815671016","59,4171053635462","1671,168",310,20316768,20317078,FALSCH,"0,086","0,069","0,017",,28,drought,"4,05882",,,0,10,10,WAHR,1870
image_3776.png,9,farmbot_uzk,23,"1734948679,21973","20,7515068284123","51,7662317845426","1018,0416",182,11927918,11928100,FALSCH,"0,086","0,069","0,017",,28,drought,"4,05882",,,0,10,10,FALSCH,1870
image_3777.png,9,farmbot_uzk,24,"1734948679,72128","20,7515068284123","51,7662317845426","1018,0416",182,11927918,11928100,FALSCH,"0,232","0,215","0,017",,28,drought,"12,64706",,,1,13,14,FALSCH,1871
image_3778.png,9,farmbot_uzk,24,"1734943403,30743","20,7087815671016","59,4171053635462","1671,168",310,20316768,20317078,FALSCH,"0,232","0,215","0,017",,28,drought,"12,64706",,,1,13,14,WAHR,1871
image_3779.png,9,farmbot_uzk,25,"1734943477,33149","20,7248035400931","59,6459906919966","1629,3888",301,19726928,19727229,FALSCH,"0,18","0,129","0,051",,28,drought,"2,52941",,,2,12,14,WAHR,1872
image_3780.png,9,farmbot_uzk,25,"1734948750,84043","20,6527046616312","51,9645990691997","810,6144",138,9044255,9044393,FALSCH,"0,18","0,129","0,051",,28,drought,"2,52941",,,2,12,14,FALSCH,1872
image_3781.png,9,farmbot_uzk,26,"1734943477,7768","20,7248035400931","59,6459906919966","1629,3888",301,19726928,19727229,FALSCH,"0,206","0,188","0,018",,28,drought,"10,44444",,,2,13,15,WAHR,1873
image_3782.png,9,farmbot_uzk,26,"1734948751,29032","20,6527046616312","51,9645990691997","810,6144",138,9044255,9044393,FALSCH,"0,206","0,188","0,018",,28,drought,"10,44444",,,2,13,15,FALSCH,1873
image_3783.png,9,farmbot_uzk,27,"1734948751,733","20,6527046616312","51,9645990691997","810,6144",138,9044255,9044393,FALSCH,"0,19","0,184","0,006",,28,drought,"30,66667",,,0,13,13,FALSCH,1874
image_3784.png,9,farmbot_uzk,27,"1734943478,21577","20,7248035400931","59,6459906919966","1629,3888",301,19726928,19727229,FALSCH,"0,19","0,184","0,006",,28,drought,"30,66667",,,0,13,13,WAHR,1874
image_3785.png,9,farmbot_uzk,28,"1734943478,66724","20,7248035400931","59,6459906919966","1629,3888",301,19726928,19727229,FALSCH,"0,245","0,231","0,014",,28,drought,"16,5",,,0,12,12,WAHR,1875
image_3786.png,9,farmbot_uzk,28,"1734948752,1946","20,6527046616312","51,9645990691997","810,6144",138,9044255,9044393,FALSCH,"0,245","0,231","0,014",,28,drought,"16,5",,,0,12,12,FALSCH,1875
image_3787.png,9,farmbot_uzk,29,"1734948752,67214","20,6527046616312","51,9645990691997","810,6144",138,9044255,9044393,FALSCH,"0,225","0,21","0,015",,28,drought,14,,,1,11,12,FALSCH,1876
image_3788.png,9,farmbot_uzk,29,"1734943479,1147","20,7248035400931","59,6459906919966","1629,3888",301,19726928,19727229,FALSCH,"0,225","0,21","0,015",,28,drought,14,,,1,11,12,WAHR,1876
image_3789.png,9,farmbot_uzk,30,"1734948753,15898","20,6527046616312","51,9645990691997","810,6144",138,9044255,9044393,FALSCH,"0,197","0,183","0,014",,28,drought,"13,07143",,,0,14,14,FALSCH,1877
image_3790.png,9,farmbot_uzk,30,"1734943479,59019","20,7248035400931","59,6459906919966","1629,3888",301,19726928,19727229,FALSCH,"0,197","0,183","0,014",,28,drought,"13,07143",,,0,14,14,WAHR,1877
image_3791.png,9,farmbot_uzk,31,"1734943549,14172","20,7381551842527","59,9328603036545","1644,8928",306,20054615,20054921,FALSCH,"0,222","0,204","0,018",,28,drought,"11,33333",,,0,11,11,WAHR,1878
image_3792.png,9,farmbot_uzk,31,"1734948820,10878","20,6073090714885","52,1614404516671","750,72",125,8192264,8192389,FALSCH,"0,222","0,204","0,018",,28,drought,"11,33333",,,0,11,11,FALSCH,1878
image_3793.png,9,farmbot_uzk,32,"1734943549,58173","20,7381551842527","59,9328603036545","1644,8928",306,20054615,20054921,FALSCH,"0,1","0,095","0,005",,28,drought,19,,,1,12,13,WAHR,1879
image_3794.png,9,farmbot_uzk,32,"1734948820,97765","20,6073090714885","52,1614404516671","750,72",125,8192264,8192389,FALSCH,"0,1","0,095","0,005",,28,drought,19,,,1,12,13,FALSCH,1879
image_3795.png,9,farmbot_uzk,33,"1734943550,01718","20,7381551842527","59,9328603036545","1644,8928",306,20054615,20054921,FALSCH,"0,111","0,095","0,016",,28,drought,"5,9375",,,1,11,12,WAHR,1880
image_3796.png,9,farmbot_uzk,33,"1734948821,58693","20,6073090714885","52,1614404516671","750,72",125,8192264,8192389,FALSCH,"0,111","0,095","0,016",,28,drought,"5,9375",,,1,11,12,FALSCH,1880
image_3797.png,9,farmbot_uzk,34,"1734948822,35183","20,6073090714885","52,1614404516671","750,72",125,8192264,8192389,FALSCH,,,,,28,drought,,,,,,0,FALSCH,1881
image_3798.png,9,farmbot_uzk,34,"1734943550,46663","20,7381551842527","59,9328603036545","1644,8928",306,20054615,20054921,FALSCH,,,,,28,drought,,,,,,0,WAHR,1881
image_3799.png,9,farmbot_uzk,35,"1734943550,91875","20,7381551842527","59,9328603036545","1644,8928",306,20054615,20054921,FALSCH,"0,108","0,0911","0,0169",,28,salinity,"5,39053",,,0,9,9,WAHR,1882
image_3800.png,9,farmbot_uzk,35,"1734948822,81168","20,6073090714885","52,1614404516671","750,72",125,8192264,8192389,FALSCH,"0,108","0,0911","0,0169",,28,salinity,"5,39053",,,0,9,9,FALSCH,1882
image_3801.png,9,farmbot_uzk,36,"1734948823,35191","20,6073090714885","52,1614404516671","750,72",125,8192264,8192389,FALSCH,,,,,28,salinity,,,,,,0,FALSCH,1883
image_3802.png,9,farmbot_uzk,36,"1734943551,38702","20,7381551842527","59,9328603036545","1644,8928",306,20054615,20054921,FALSCH,,,,,28,salinity,,,,,,0,WAHR,1883
image_3803.png,9,farmbot_uzk,37,"1734943624,19273","20,6954299229419","59,9465934233616","1629,7152",304,19923538,19923842,FALSCH,"0,037","0,031","0,006",,28,salinity,"5,16667",,,0,6,6,WAHR,1884
image_3804.png,9,farmbot_uzk,37,"1734948896,35813","20,5672541390097","51,953917753872","715,9584",118,7733499,7733617,FALSCH,"0,037","0,031","0,006",,28,salinity,"5,16667",,,0,6,6,FALSCH,1884
image_3805.png,9,farmbot_uzk,38,"1734943624,63158","20,6954299229419","59,9465934233616","1629,7152",304,19923538,19923842,FALSCH,"0,145","0,126","0,019",,28,salinity,"6,63158",,,0,11,11,WAHR,1885
image_3806.png,9,farmbot_uzk,38,"1734948896,82105","20,5672541390097","51,953917753872","715,9584",118,7733499,7733617,FALSCH,"0,145","0,126","0,019",,28,salinity,"6,63158",,,0,11,11,FALSCH,1885
image_3807.png,9,farmbot_uzk,39,"1734948897,26518","20,5672541390097","51,953917753872","715,9584",118,7733499,7733617,FALSCH,"0,0118","0,104","-0,0922",,28,salinity,"-1,12798",,,0,10,10,FALSCH,1886
image_3808.png,9,farmbot_uzk,39,"1734943625,06018","20,6954299229419","59,9465934233616","1629,7152",304,19923538,19923842,FALSCH,"0,0118","0,104","-0,0922",,28,salinity,"-1,12798",,,0,10,10,WAHR,1886
image_3809.png,9,farmbot_uzk,40,"1734943625,53585","20,6954299229419","59,9465934233616","1629,7152",304,19923538,19923842,FALSCH,"0,09","0,073","0,017",,28,salinity,"4,29412",,,0,7,7,WAHR,1887
image_3810.png,9,farmbot_uzk,40,"1734948897,73276","20,5672541390097","51,953917753872","715,9584",118,7733499,7733617,FALSCH,"0,09","0,073","0,017",,28,salinity,"4,29412",,,0,7,7,FALSCH,1887
image_3811.png,9,farmbot_uzk,41,"1734943625,99456","20,6954299229419","59,9465934233616","1629,7152",304,19923538,19923842,FALSCH,"0,038","0,034","0,004",,28,salinity,"8,5",,,0,9,9,WAHR,1888
image_3812.png,9,farmbot_uzk,41,"1734948898,2008","20,5672541390097","51,953917753872","715,9584",118,7733499,7733617,FALSCH,"0,038","0,034","0,004",,28,salinity,"8,5",,,0,9,9,FALSCH,1888
image_3813.png,9,farmbot_uzk,42,"1734943626,52571","20,6954299229419","59,9465934233616","1629,7152",304,19923538,19923842,FALSCH,"0,079","0,06","0,019",,28,salinity,"3,15789",,,0,8,8,WAHR,1889
image_3814.png,9,farmbot_uzk,42,"1734948898,70337","20,5672541390097","51,953917753872","715,9584",118,7733499,7733617,FALSCH,"0,079","0,06","0,019",,28,salinity,"3,15789",,,0,8,8,FALSCH,1889
image_3815.png,9,farmbot_uzk,43,"1734948963,76652","20,5245288776989","53,4325169756619","759,696",120,7864583,7864703,FALSCH,,,,,28,salinity,,,,,,0,FALSCH,1890
image_3816.png,9,farmbot_uzk,43,"1734943886,942","20,6820782787823","59,9557488364996","1641,9552",304,19923541,19923845,FALSCH,,,,,28,salinity,,,,,,0,WAHR,1890
image_3817.png,9,farmbot_uzk,44,"1734943887,36843","20,6820782787823","59,9557488364996","1641,9552",304,19923541,19923845,FALSCH,"0,136","0,122","0,014",,28,salinity,"8,71429",,,0,8,8,WAHR,1891
image_3818.png,9,farmbot_uzk,44,"1734948964,22084","20,5245288776989","53,4325169756619","759,696",120,7864583,7864703,FALSCH,"0,136","0,122","0,014",,28,salinity,"8,71429",,,0,8,8,FALSCH,1891
image_3819.png,9,farmbot_uzk,45,"1734948964,6712","20,5245288776989","53,4325169756619","759,696",120,7864583,7864703,FALSCH,,,,,28,salinity,,,,,,0,FALSCH,1892
image_3820.png,9,farmbot_uzk,45,"1734943887,79739","20,6820782787823","59,9557488364996","1641,9552",304,19923541,19923845,FALSCH,,,,,28,salinity,,,,,,0,WAHR,1892
image_3821.png,9,farmbot_uzk,46,"1734948965,1341","20,5245288776989","53,4325169756619","759,696",120,7864583,7864703,FALSCH,"0,16","0,137","0,023",,28,salinity,"5,95652",,,0,10,10,FALSCH,1893
image_3822.png,9,farmbot_uzk,46,"1734943888,24757","20,6820782787823","59,9557488364996","1641,9552",304,19923541,19923845,FALSCH,"0,16","0,137","0,023",,28,salinity,"5,95652",,,0,10,10,WAHR,1893
image_3823.png,9,farmbot_uzk,47,"1734943888,75356","20,6820782787823","59,9557488364996","1641,9552",304,19923541,19923845,FALSCH,"0,124","0,113","0,011",,28,salinity,"10,27273",,,1,10,11,WAHR,1894
image_3824.png,9,farmbot_uzk,47,"1734948965,6089","20,5245288776989","53,4325169756619","759,696",120,7864583,7864703,FALSCH,"0,124","0,113","0,011",,28,salinity,"10,27273",,,1,10,11,FALSCH,1894
image_3825.png,9,farmbot_uzk,48,"1734943889,25658","20,6820782787823","59,9557488364996","1641,9552",304,19923541,19923845,FALSCH,"0,11","0,1","0,01",,28,salinity,10,,,0,8,8,WAHR,1895
image_3826.png,9,farmbot_uzk,48,"1734948966,117","20,5245288776989","53,4325169756619","759,696",120,7864583,7864703,FALSCH,"0,11","0,1","0,01",,28,salinity,10,,,0,8,8,FALSCH,1895
image_3827.png,9,farmbot_uzk,49,"1734943961,44327","20,6527046616312","59,6963454642557","1639,344",305,19989077,19989382,FALSCH,,,,,28,salinity,,,,,,0,WAHR,1896
image_3828.png,9,farmbot_uzk,49,"1734949036,63268","20,5512321660182","54,5860990310521","812,2464",128,8388889,8389017,FALSCH,,,,,28,salinity,,,,,,0,FALSCH,1896
image_3829.png,9,farmbot_uzk,50,"1734943961,87358","20,6527046616312","59,6963454642557","1639,344",305,19989077,19989382,FALSCH,"0,1","0,09","0,01",,28,salinity,9,,,0,8,8,WAHR,1897
image_3830.png,9,farmbot_uzk,50,"1734949037,12033","20,5512321660182","54,5860990310521","812,2464",128,8388889,8389017,FALSCH,"0,1","0,09","0,01",,28,salinity,9,,,0,8,8,FALSCH,1897
image_3831.png,9,farmbot_uzk,51,"1734949037,55645","20,5512321660182","54,5860990310521","812,2464",128,8388889,8389017,FALSCH,"0,77","0,67","0,1",,28,salinity,"6,7",,,0,5,5,FALSCH,1898
image_3832.png,9,farmbot_uzk,51,"1734943962,31451","20,6527046616312","59,6963454642557","1639,344",305,19989077,19989382,FALSCH,"0,77","0,67","0,1",,28,salinity,"6,7",,,0,5,5,WAHR,1898
image_3833.png,9,farmbot_uzk,52,"1734943962,75918","20,6527046616312","59,6963454642557","1639,344",305,19989077,19989382,FALSCH,"0,197","0,162","0,035",,28,salinity,"4,62857",,,0,8,8,WAHR,1899
image_3834.png,9,farmbot_uzk,52,"1734949038,02774","20,5512321660182","54,5860990310521","812,2464",128,8388889,8389017,FALSCH,"0,197","0,162","0,035",,28,salinity,"4,62857",,,0,8,8,FALSCH,1899
image_3835.png,9,farmbot_uzk,53,"1734949038,52134","20,5512321660182","54,5860990310521","812,2464",128,8388889,8389017,FALSCH,"0,102","0,09","0,012",,28,salinity,"7,5",,,0,9,9,FALSCH,1900
image_3836.png,9,farmbot_uzk,53,"1734943963,22055","20,6527046616312","59,6963454642557","1639,344",305,19989077,19989382,FALSCH,"0,102","0,09","0,012",,28,salinity,"7,5",,,0,9,9,WAHR,1900
image_3837.png,9,farmbot_uzk,54,"1734949039,0266","20,5512321660182","54,5860990310521","812,2464",128,8388889,8389017,FALSCH,"0,082","0,061","0,021",,28,salinity,"2,90476",,,0,6,6,FALSCH,1901
image_3838.png,9,farmbot_uzk,54,"1734943963,72568","20,6527046616312","59,6963454642557","1639,344",305,19989077,19989382,FALSCH,"0,082","0,061","0,021",,28,salinity,"2,90476",,,0,6,6,WAHR,1901
image_3839.png,9,farmbot_uzk,55,"1734510260,67751","20,4524299992371","56,4812695506218","391,8432",64,4194441,4194505,FALSCH,"0,153","0,14","0,013",,28,salinity,"10,76923",,,0,9,9,FALSCH,1902
image_3840.png,9,farmbot_uzk,56,"1734510261,13492","20,4524299992371","56,4812695506218","391,8432",64,4194441,4194505,FALSCH,"0,069","0,056","0,013",,28,salinity,"4,30769",,,2,7,9,FALSCH,1903
image_3841.png,9,farmbot_uzk,57,"1734510261,58967","20,4524299992371","56,4812695506218","391,8432",64,4194441,4194505,FALSCH,,,,,,,,,,,,,FALSCH,
image_3842.png,9,farmbot_uzk,58,"1734510262,05274","20,4524299992371","56,4812695506218","391,8432",64,4194441,4194505,FALSCH,,,,,,,,,,,,,FALSCH,
image_3843.png,9,farmbot_uzk,59,"1734510262,51912","20,4524299992371","56,4812695506218","391,8432",64,4194441,4194505,FALSCH,,,,,,,,,,,,,FALSCH,
image_3844.png,9,farmbot_uzk,60,"1734510262,99442","20,4524299992371","56,4812695506218","391,8432",64,4194441,4194505,FALSCH,,,,,,,,,,,,,FALSCH,
image_3845.png,9,farmbot_uzk,61,"1734510337,58787","20,4684519722286","56,235599298085","387,7632",64,4194440,4194504,FALSCH,,,,,,,,,,,,,FALSCH,
image_3846.png,9,farmbot_uzk,62,"1734510338,24248","20,4684519722286","56,235599298085","387,7632",64,4194440,4194504,FALSCH,,,,,,,,,,,,,FALSCH,
image_3847.png,9,farmbot_uzk,63,"1734510338,78063","20,4684519722286","56,235599298085","387,7632",64,4194440,4194504,FALSCH,,,,,,,,,,,,,FALSCH,
image_3848.png,9,farmbot_uzk,64,"1734510339,27728","20,4684519722286","56,235599298085","387,7632",64,4194440,4194504,FALSCH,,,,,,,,,,,,,FALSCH,
image_3849.png,9,farmbot_uzk,65,"1734510339,76302","20,4684519722286","56,235599298085","387,7632",64,4194440,4194504,FALSCH,,,,,,,,,,,,,FALSCH,
image_3850.png,9,farmbot_uzk,66,"1734510340,28735","20,4684519722286","56,235599298085","387,7632",64,4194440,4194504,FALSCH,,,,,,,,,,,,,FALSCH,
image_3851.png,9,farmbot_uzk,67,"1734510409,33935","20,4951552605478","56,4446478980697","379,6032",64,4194438,4194502,FALSCH,,,,,,,,,,,,,FALSCH,
image_3852.png,9,farmbot_uzk,68,"1734510409,79045","20,4951552605478","56,4446478980697","379,6032",64,4194438,4194502,FALSCH,,,,,,,,,,,,,FALSCH,
image_3853.png,9,farmbot_uzk,69,"1734510410,22117","20,4951552605478","56,4446478980697","379,6032",64,4194438,4194502,FALSCH,,,,,,,,,,,,,FALSCH,
image_3854.png,9,farmbot_uzk,70,"1734510410,69479","20,4951552605478","56,4446478980697","379,6032",64,4194438,4194502,FALSCH,,,,,,,,,,,,,FALSCH,
image_3855.png,9,farmbot_uzk,71,"1734510411,17435","20,4951552605478","56,4446478980697","379,6032",64,4194438,4194502,FALSCH,,,,,,,,,,,,,FALSCH,
image_3856.png,9,farmbot_uzk,72,"1734510411,67235","20,4951552605478","56,4446478980697","379,6032",64,4194438,4194502,FALSCH,,,,,,,,,,,,,FALSCH,
image_3857.png,9,farmbot_uzk,73,"1734510482,59739","20,5111772335393","56,1074235141527","423,6672",69,4522132,4522201,FALSCH,,,,,,,,,,,,,FALSCH,
image_3858.png,9,farmbot_uzk,74,"1734510483,05545","20,5111772335393","56,1074235141527","423,6672",69,4522132,4522201,FALSCH,,,,,,,,,,,,,FALSCH,
image_3859.png,9,farmbot_uzk,75,"1734510483,4994","20,5111772335393","56,1074235141527","423,6672",69,4522132,4522201,FALSCH,,,,,,,,,,,,,FALSCH,
image_3860.png,9,farmbot_uzk,76,"1734510483,96904","20,5111772335393","56,1074235141527","423,6672",69,4522132,4522201,FALSCH,,,,,,,,,,,,,FALSCH,
image_3861.png,9,farmbot_uzk,77,"1734510484,46236","20,5111772335393","56,1074235141527","423,6672",69,4522132,4522201,FALSCH,,,,,,,,,,,,,FALSCH,
image_3862.png,9,farmbot_uzk,78,"1734510484,96683","20,5111772335393","56,1074235141527","423,6672",69,4522132,4522201,FALSCH,,,,,,,,,,,,,FALSCH,
image_3863.png,9,farmbot_uzk,79,"1734510557,87387","20,4390783550774","55,7579919127184","444,3936",72,4718747,4718819,FALSCH,,,,,,,,,,,,,FALSCH,
image_3864.png,9,farmbot_uzk,80,"1734510558,33832","20,4390783550774","55,7579919127184","444,3936",72,4718747,4718819,FALSCH,,,,,,,,,,,,,FALSCH,
image_3865.png,9,farmbot_uzk,81,"1734510558,78821","20,4390783550774","55,7579919127184","444,3936",72,4718747,4718819,FALSCH,,,,,,,,,,,,,FALSCH,
image_3866.png,9,farmbot_uzk,82,"1734510559,25254","20,4390783550774","55,7579919127184","444,3936",72,4718747,4718819,FALSCH,,,,,,,,,,,,,FALSCH,
image_3867.png,9,farmbot_uzk,83,"1734510559,72744","20,4390783550774","55,7579919127184","444,3936",72,4718747,4718819,FALSCH,,,,,,,,,,,,,FALSCH,
image_3868.png,9,farmbot_uzk,84,"1734510560,22363","20,4390783550774","55,7579919127184","444,3936",72,4718747,4718819,FALSCH,,,,,,,,,,,,,FALSCH,
image_3869.png,9,farmbot_uzk,85,"1734510690,92941","20,2441443503471","56,4370183871214","480,2976",76,4980902,4980978,FALSCH,,,,,,,,,,,,,FALSCH,
image_3870.png,9,farmbot_uzk,86,"1734510691,39413","20,2441443503471","56,4370183871214","480,2976",76,4980902,4980978,FALSCH,,,,,,,,,,,,,FALSCH,
image_3871.png,9,farmbot_uzk,87,"1734510691,85914","20,2441443503471","56,4370183871214","480,2976",76,4980902,4980978,FALSCH,,,,,,,,,,,,,FALSCH,
image_3872.png,9,farmbot_uzk,88,"1734510692,32625","20,2441443503471","56,4370183871214","480,2976",76,4980902,4980978,FALSCH,,,,,,,,,,,,,FALSCH,
image_3873.png,9,farmbot_uzk,89,"1734510692,81106","20,2441443503471","56,4370183871214","480,2976",76,4980902,4980978,FALSCH,,,,,,,,,,,,,FALSCH,
image_3874.png,9,farmbot_uzk,90,"1734510693,32242","20,2441443503471","56,4370183871214","480,2976",76,4980902,4980978,FALSCH,,,,,,,,,,,,,FALSCH,
image_3875.png,9,farmbot_uzk,91,"1734510762,34055","20,1853971160449","56,3637750820172","464,7936",72,4718752,4718824,FALSCH,,,,,,,,,,,,,FALSCH,
image_3876.png,9,farmbot_uzk,92,"1734510762,801","20,1853971160449","56,3637750820172","464,7936",72,4718752,4718824,FALSCH,,,,,,,,,,,,,FALSCH,
image_3877.png,9,farmbot_uzk,93,"1734510763,24963","20,1853971160449","56,3637750820172","464,7936",72,4718752,4718824,FALSCH,,,,,,,,,,,,,FALSCH,
image_3878.png,9,farmbot_uzk,94,"1734510763,7191","20,1853971160449","56,3637750820172","464,7936",72,4718752,4718824,FALSCH,,,,,,,,,,,,,FALSCH,
image_3879.png,9,farmbot_uzk,95,"1734510764,1865","20,1853971160449","56,3637750820172","464,7936",72,4718752,4718824,FALSCH,,,,,,,,,,,,,FALSCH,
image_3880.png,9,farmbot_uzk,96,"1734510764,69854","20,1853971160449","56,3637750820172","464,7936",72,4718752,4718824,FALSCH,,,,,,,,,,,,,FALSCH,
image_3881.png,9,farmbot_uzk,97,"1734510837,26094","20,1586938277256","56,7193102922103","471,8112",74,4849827,4849901,FALSCH,,,,,,,,,,,,,FALSCH,
image_3882.png,9,farmbot_uzk,98,"1734510837,71716","20,1586938277256","56,7193102922103","471,8112",74,4849827,4849901,FALSCH,,,,,,,,,,,,,FALSCH,
image_3883.png,9,farmbot_uzk,99,"1734510838,17338","20,1586938277256","56,7193102922103","471,8112",74,4849827,4849901,FALSCH,,,,,,,,,,,,,FALSCH,
image_3884.png,9,farmbot_uzk,100,"1734510838,63841","20,1586938277256","56,7193102922103","471,8112",74,4849827,4849901,FALSCH,,,,,,,,,,,,,FALSCH,
image_3885.png,9,farmbot_uzk,101,"1734510839,12225","20,1586938277256","56,7193102922103","471,8112",74,4849827,4849901,FALSCH,,,,,,,,,,,,,FALSCH,
image_3886.png,9,farmbot_uzk,102,"1734510839,59742","20,1586938277256","56,7193102922103","471,8112",74,4849827,4849901,FALSCH,,,,,,,,,,,,,FALSCH,
image_3887.png,9,farmbot_uzk,103,"1734510911,62945","20,1159685664149","56,568245975433","475,0752",79,5177511,5177590,FALSCH,,,,,,,,,,,,,FALSCH,
image_3888.png,9,farmbot_uzk,104,"1734510912,06416","20,1159685664149","56,568245975433","475,0752",79,5177511,5177590,FALSCH,,,,,,,,,,,,,FALSCH,
image_3889.png,9,farmbot_uzk,105,"1734510912,52748","20,1159685664149","56,568245975433","475,0752",79,5177511,5177590,FALSCH,,,,,,,,,,,,,FALSCH,
image_3890.png,9,farmbot_uzk,106,"1734510913,01095","20,1159685664149","56,568245975433","475,0752",79,5177511,5177590,FALSCH,,,,,,,,,,,,,FALSCH,
image_3891.png,9,farmbot_uzk,107,"1734510913,48664","20,1159685664149","56,568245975433","475,0752",79,5177511,5177590,FALSCH,,,,,,,,,,,,,FALSCH,
image_3892.png,9,farmbot_uzk,108,"1734510914,0006","20,1159685664149","56,568245975433","475,0752",79,5177511,5177590,FALSCH,,,,,,,,,,,,,FALSCH,
image_3893.png,9,farmbot_uzk,109,"1734949127,7698","20,6073090714885","55,1552605477989","796,7424",123,8061202,8061325,FALSCH,,,,,,,,,,,,,FALSCH,
image_3894.png,9,farmbot_uzk,109,"1734510985,89583","20,0465400167849","56,5789272907607","463,9776",77,5046435,5046512,FALSCH,,,,,,,,,,,,,FALSCH,
image_3895.png,9,farmbot_uzk,109,"1734947031,43452","21,0479133287556","55,2178225375753","2308,1376",426,27919174,27919600,FALSCH,,,,,,,,,,,,,WAHR,
image_3896.png,9,farmbot_uzk,110,"1734949128,14951","20,6073090714885","55,1552605477989","796,7424",123,8061202,8061325,FALSCH,,,,,,,,,,,,,FALSCH,
image_3897.png,9,farmbot_uzk,110,"1734510986,32909","20,0465400167849","56,5789272907607","463,9776",77,5046435,5046512,FALSCH,,,,,,,,,,,,,FALSCH,
image_3898.png,9,farmbot_uzk,110,"1734947031,80442","21,0479133287556","55,2178225375753","2308,1376",426,27919174,27919600,FALSCH,,,,,,,,,,,,,WAHR,
image_3899.png,9,farmbot_uzk,111,"1734947032,1875","21,0479133287556","55,2178225375753","2308,1376",426,27919174,27919600,FALSCH,,,,,,,,,,,,,WAHR,
image_3900.png,9,farmbot_uzk,111,"1734949128,54954","20,6073090714885","55,1552605477989","796,7424",123,8061202,8061325,FALSCH,,,,,,,,,,,,,FALSCH,
image_3901.png,9,farmbot_uzk,111,"1734510986,77619","20,0465400167849","56,5789272907607","463,9776",77,5046435,5046512,FALSCH,,,,,,,,,,,,,FALSCH,
image_3902.png,9,farmbot_uzk,112,"1734947032,55447","21,0479133287556","55,2178225375753","2308,1376",426,27919174,27919600,FALSCH,,,,,,,,,,,,,WAHR,
image_3903.png,9,farmbot_uzk,112,"1734510987,24504","20,0465400167849","56,5789272907607","463,9776",77,5046435,5046512,FALSCH,,,,,,,,,,,,,FALSCH,
image_3904.png,9,farmbot_uzk,112,"1734949128,95703","20,6073090714885","55,1552605477989","796,7424",123,8061202,8061325,FALSCH,,,,,,,,,,,,,FALSCH,
image_3905.png,9,farmbot_uzk,113,"1734510987,729","20,0465400167849","56,5789272907607","463,9776",77,5046435,5046512,FALSCH,,,,,,,,,,,,,FALSCH,
image_3906.png,9,farmbot_uzk,113,"1734947032,95265","21,0479133287556","55,2178225375753","2308,1376",426,27919174,27919600,FALSCH,,,,,,,,,,,,,WAHR,
image_3907.png,9,farmbot_uzk,113,"1734949129,35437","20,6073090714885","55,1552605477989","796,7424",123,8061202,8061325,FALSCH,,,,,,,,,,,,,FALSCH,
image_3908.png,9,farmbot_uzk,114,"1734949129,81611","20,6073090714885","55,1552605477989","796,7424",123,8061202,8061325,FALSCH,,,,,,,,,,,,,FALSCH,
image_3909.png,9,farmbot_uzk,114,"1734510988,18302","20,0465400167849","56,5789272907607","463,9776",77,5046435,5046512,FALSCH,,,,,,,,,,,,,FALSCH,
image_3910.png,9,farmbot_uzk,114,"1734947033,39815","21,0479133287556","55,2178225375753","2308,1376",426,27919174,27919600,FALSCH,,,,,,,,,,,,,WAHR,
image_3911.png,9,farmbot_uzk,115,"1734947104,04736","20,9918364232853","55,7030594338903","2264,8896",417,27329334,27329751,FALSCH,,,,,,,,,,,,,WAHR,
image_3912.png,9,farmbot_uzk,115,"1734949198,55167","20,6660563057908","53,3974212252995","883,2384",143,9371956,9372099,FALSCH,,,,,,,,,,,,,FALSCH,
image_3913.png,9,farmbot_uzk,116,"1734949198,97959","20,6660563057908","53,3974212252995","883,2384",143,9371956,9372099,FALSCH,,,,,,,,,,,,,FALSCH,
image_3914.png,9,farmbot_uzk,116,"1734947104,4926","20,9918364232853","55,7030594338903","2264,8896",417,27329334,27329751,FALSCH,,,,,,,,,,,,,WAHR,
image_3915.png,9,farmbot_uzk,117,"1734947104,9198","20,9918364232853","55,7030594338903","2264,8896",417,27329334,27329751,FALSCH,,,,,,,,,,,,,WAHR,
image_3916.png,9,farmbot_uzk,117,"1734949199,40899","20,6660563057908","53,3974212252995","883,2384",143,9371956,9372099,FALSCH,,,,,,,,,,,,,FALSCH,
image_3917.png,9,farmbot_uzk,118,"1734947105,37601","20,9918364232853","55,7030594338903","2264,8896",417,27329334,27329751,FALSCH,,,,,,,,,,,,,WAHR,
image_3918.png,9,farmbot_uzk,118,"1734949199,87971","20,6660563057908","53,3974212252995","883,2384",143,9371956,9372099,FALSCH,,,,,,,,,,,,,FALSCH,
image_3919.png,9,farmbot_uzk,119,"1734947105,80051","20,9918364232853","55,7030594338903","2264,8896",417,27329334,27329751,FALSCH,,,,,,,,,,,,,WAHR,
image_3920.png,9,farmbot_uzk,119,"1734949200,3252","20,6660563057908","53,3974212252995","883,2384",143,9371956,9372099,FALSCH,,,,,,,,,,,,,FALSCH,
image_3921.png,9,farmbot_uzk,120,"1734947106,25519","20,9918364232853","55,7030594338903","2264,8896",417,27329334,27329751,FALSCH,,,,,,,,,,,,,WAHR,
image_3922.png,9,farmbot_uzk,120,"1734949200,80647","20,6660563057908","53,3974212252995","883,2384",143,9371956,9372099,FALSCH,,,,,,,,,,,,,FALSCH,
image_3923.png,9,farmbot_uzk,121,"1734949270,94805","20,5939574273289","53,48744945449","1090,8288",201,13173132,13173333,FALSCH,,,,,,,,,,,,,FALSCH,
image_3924.png,9,farmbot_uzk,121,"1734947183,1194","21,0879682612345","55,1537346456092","2196,0192",409,26805024,26805433,FALSCH,,,,,,,,,,,,,WAHR,
image_3925.png,9,farmbot_uzk,122,"1734947183,53318","21,0879682612345","55,1537346456092","2196,0192",409,26805024,26805433,FALSCH,,,,,,,,,,,,,WAHR,
image_3926.png,9,farmbot_uzk,122,"1734949271,35684","20,5939574273289","53,48744945449","1090,8288",201,13173132,13173333,FALSCH,,,,,,,,,,,,,FALSCH,
image_3927.png,9,farmbot_uzk,123,"1734949271,7702","20,5939574273289","53,48744945449","1090,8288",201,13173132,13173333,FALSCH,,,,,,,,,,,,,FALSCH,
image_3928.png,9,farmbot_uzk,123,"1734947183,94975","21,0879682612345","55,1537346456092","2196,0192",409,26805024,26805433,FALSCH,,,,,,,,,,,,,WAHR,
image_3929.png,9,farmbot_uzk,124,"1734947184,38594","21,0879682612345","55,1537346456092","2196,0192",409,26805024,26805433,FALSCH,,,,,,,,,,,,,WAHR,
image_3930.png,9,farmbot_uzk,124,"1734949272,19854","20,5939574273289","53,48744945449","1090,8288",201,13173132,13173333,FALSCH,,,,,,,,,,,,,FALSCH,
image_3931.png,9,farmbot_uzk,125,"1734947184,84004","21,0879682612345","55,1537346456092","2196,0192",409,26805024,26805433,FALSCH,,,,,,,,,,,,,WAHR,
image_3932.png,9,farmbot_uzk,125,"1734949272,64226","20,5939574273289","53,48744945449","1090,8288",201,13173132,13173333,FALSCH,,,,,,,,,,,,,FALSCH,
image_3933.png,9,farmbot_uzk,126,"1734947185,31908","21,0879682612345","55,1537346456092","2196,0192",409,26805024,26805433,FALSCH,,,,,,,,,,,,,WAHR,
image_3934.png,9,farmbot_uzk,126,"1734949273,12409","20,5939574273289","53,48744945449","1090,8288",201,13173132,13173333,FALSCH,,,,,,,,,,,,,FALSCH,
image_3935.png,9,farmbot_uzk,127,"1734949338,14876","20,5672541390097","53,5393301289387","1328,7744",238,15598046,15598284,FALSCH,,,,,,,,,,,,,FALSCH,
image_3936.png,9,farmbot_uzk,127,"1734947254,70904","21,1173418783856","57,4929427023728","2050,608",385,25232109,25232494,FALSCH,,,,,,,,,,,,,WAHR,
image_3937.png,9,farmbot_uzk,128,"1734947255,14047","21,1173418783856","57,4929427023728","2050,608",385,25232109,25232494,FALSCH,,,,,,,,,,,,,WAHR,
image_3938.png,9,farmbot_uzk,128,"1734949338,57775","20,5672541390097","53,5393301289387","1328,7744",238,15598046,15598284,FALSCH,,,,,,,,,,,,,FALSCH,
image_3939.png,9,farmbot_uzk,129,"1734949338,99348","20,5672541390097","53,5393301289387","1328,7744",238,15598046,15598284,FALSCH,,,,,,,,,,,,,FALSCH,
image_3940.png,9,farmbot_uzk,129,"1734947255,56444","21,1173418783856","57,4929427023728","2050,608",385,25232109,25232494,FALSCH,,,,,,,,,,,,,WAHR,
image_3941.png,9,farmbot_uzk,130,"1734949339,43238","20,5672541390097","53,5393301289387","1328,7744",238,15598046,15598284,FALSCH,,,,,,,,,,,,,FALSCH,
image_3942.png,9,farmbot_uzk,130,"1734947256,01397","21,1173418783856","57,4929427023728","2050,608",385,25232109,25232494,FALSCH,,,,,,,,,,,,,WAHR,
image_3943.png,9,farmbot_uzk,131,"1734949339,88894","20,5672541390097","53,5393301289387","1328,7744",238,15598046,15598284,FALSCH,,,,,,,,,,,,,FALSCH,
image_3944.png,9,farmbot_uzk,131,"1734947256,51189","21,1173418783856","57,4929427023728","2050,608",385,25232109,25232494,FALSCH,,,,,,,,,,,,,WAHR,
image_3945.png,9,farmbot_uzk,132,"1734947257,01453","21,1173418783856","57,4929427023728","2050,608",385,25232109,25232494,FALSCH,,,,,,,,,,,,,WAHR,
image_3946.png,9,farmbot_uzk,132,"1734949340,37527","20,5672541390097","53,5393301289387","1328,7744",238,15598046,15598284,FALSCH,,,,,,,,,,,,,FALSCH,
image_3947.png,9,farmbot_uzk,133,"1734947331,62265","21,0879682612345","57,3189898527504","2145,4272",394,25821962,25822356,FALSCH,,,,,,,,,,,,,WAHR,
image_3948.png,9,farmbot_uzk,133,"1734949412,51887","20,4684519722286","53,9284351873045","1339,2192",234,15335902,15336136,FALSCH,,,,,,,,,,,,,FALSCH,
image_3949.png,9,farmbot_uzk,134,"1734949412,95872","20,4684519722286","53,9284351873045","1339,2192",234,15335902,15336136,FALSCH,,,,,,,,,,,,,FALSCH,
image_3950.png,9,farmbot_uzk,134,"1734947332,06143","21,0879682612345","57,3189898527504","2145,4272",394,25821962,25822356,FALSCH,,,,,,,,,,,,,WAHR,
image_3951.png,9,farmbot_uzk,135,"1734947332,47639","21,0879682612345","57,3189898527504","2145,4272",394,25821962,25822356,FALSCH,,,,,,,,,,,,,WAHR,
image_3952.png,9,farmbot_uzk,135,"1734949413,35931","20,4684519722286","53,9284351873045","1339,2192",234,15335902,15336136,FALSCH,,,,,,,,,,,,,FALSCH,
image_3953.png,9,farmbot_uzk,136,"1734947332,9214","21,0879682612345","57,3189898527504","2145,4272",394,25821962,25822356,FALSCH,,,,,,,,,,,,,WAHR,
image_3954.png,9,farmbot_uzk,136,"1734949413,78457","20,4684519722286","53,9284351873045","1339,2192",234,15335902,15336136,FALSCH,,,,,,,,,,,,,FALSCH,
image_3955.png,9,farmbot_uzk,137,"1734947333,35155","21,0879682612345","57,3189898527504","2145,4272",394,25821962,25822356,FALSCH,,,,,,,,,,,,,WAHR,
image_3956.png,9,farmbot_uzk,137,"1734949414,22204","20,4684519722286","53,9284351873045","1339,2192",234,15335902,15336136,FALSCH,,,,,,,,,,,,,FALSCH,
image_3957.png,9,farmbot_uzk,138,"1734947333,80259","21,0879682612345","57,3189898527504","2145,4272",394,25821962,25822356,FALSCH,,,,,,,,,,,,,WAHR,
image_3958.png,9,farmbot_uzk,138,"1734949414,68647","20,4684519722286","53,9284351873045","1339,2192",234,15335902,15336136,FALSCH,,,,,,,,,,,,,FALSCH,
image_3959.png,9,farmbot_uzk,139,"1734947410,10915","21,0879682612345","56,0112916762036","2195,3664",403,26411804,26412207,FALSCH,,,,,,,,,,,,,WAHR,
image_3960.png,9,farmbot_uzk,139,"1734949480,73744","20,5111772335393","53,9818417639429","1513,0272",269,17629727,17629996,FALSCH,,,,,,,,,,,,,FALSCH,
image_3961.png,9,farmbot_uzk,140,"1734949481,14694","20,5111772335393","53,9818417639429","1513,0272",269,17629727,17629996,FALSCH,,,,,,,,,,,,,FALSCH,
image_3962.png,9,farmbot_uzk,140,"1734947410,54774","21,0879682612345","56,0112916762036","2195,3664",403,26411804,26412207,FALSCH,,,,,,,,,,,,,WAHR,
image_3963.png,9,farmbot_uzk,141,"1734947410,98225","21,0879682612345","56,0112916762036","2195,3664",403,26411804,26412207,FALSCH,,,,,,,,,,,,,WAHR,
image_3964.png,9,farmbot_uzk,141,"1734949481,58094","20,5111772335393","53,9818417639429","1513,0272",269,17629727,17629996,FALSCH,,,,,,,,,,,,,FALSCH,
image_3965.png,9,farmbot_uzk,142,"1734949482,03094","20,5111772335393","53,9818417639429","1513,0272",269,17629727,17629996,FALSCH,,,,,,,,,,,,,FALSCH,
image_3966.png,9,farmbot_uzk,142,"1734947411,44671","21,0879682612345","56,0112916762036","2195,3664",403,26411804,26412207,FALSCH,,,,,,,,,,,,,WAHR,
image_3967.png,9,farmbot_uzk,143,"1734947411,88546","21,0879682612345","56,0112916762036","2195,3664",403,26411804,26412207,FALSCH,,,,,,,,,,,,,WAHR,
image_3968.png,9,farmbot_uzk,143,"1734949482,47204","20,5111772335393","53,9818417639429","1513,0272",269,17629727,17629996,FALSCH,,,,,,,,,,,,,FALSCH,
image_3969.png,9,farmbot_uzk,144,"1734947412,3483","21,0879682612345","56,0112916762036","2195,3664",403,26411804,26412207,FALSCH,,,,,,,,,,,,,WAHR,
image_3970.png,9,farmbot_uzk,144,"1734949482,93935","20,5111772335393","53,9818417639429","1513,0272",269,17629727,17629996,FALSCH,,,,,,,,,,,,,FALSCH,
image_3971.png,9,farmbot_uzk,145,"1734947492,62887","21,1173418783856","55,9380483710994","2250,8544",413,27067184,27067597,FALSCH,,,,,,,,,,,,,WAHR,
image_3972.png,9,farmbot_uzk,145,"1734949554,60564","20,6527046616312","54,3205920500496","1597,4016",282,18481724,18482006,FALSCH,,,,,,,,,,,,,FALSCH,
image_3973.png,9,farmbot_uzk,146,"1734949555,03697","20,6527046616312","54,3205920500496","1597,4016",282,18481724,18482006,FALSCH,,,,,,,,,,,,,FALSCH,
image_3974.png,9,farmbot_uzk,146,"1734947493,06165","21,1173418783856","55,9380483710994","2250,8544",413,27067184,27067597,FALSCH,,,,,,,,,,,,,WAHR,
image_3975.png,9,farmbot_uzk,147,"1734949555,45327","20,6527046616312","54,3205920500496","1597,4016",282,18481724,18482006,FALSCH,,,,,,,,,,,,,FALSCH,
image_3976.png,9,farmbot_uzk,147,"1734947493,49385","21,1173418783856","55,9380483710994","2250,8544",413,27067184,27067597,FALSCH,,,,,,,,,,,,,WAHR,
image_3977.png,9,farmbot_uzk,148,"1734949555,85654","20,6527046616312","54,3205920500496","1597,4016",282,18481724,18482006,FALSCH,,,,,,,,,,,,,FALSCH,
image_3978.png,9,farmbot_uzk,148,"1734947493,92302","21,1173418783856","55,9380483710994","2250,8544",413,27067184,27067597,FALSCH,,,,,,,,,,,,,WAHR,
image_3979.png,9,farmbot_uzk,149,"1734949556,29891","20,6527046616312","54,3205920500496","1597,4016",282,18481724,18482006,FALSCH,,,,,,,,,,,,,FALSCH,
image_3980.png,9,farmbot_uzk,149,"1734947494,37541","21,1173418783856","55,9380483710994","2250,8544",413,27067184,27067597,FALSCH,,,,,,,,,,,,,WAHR,
image_3981.png,9,farmbot_uzk,150,"1734949556,76334","20,6527046616312","54,3205920500496","1597,4016",282,18481724,18482006,FALSCH,,,,,,,,,,,,,FALSCH,
image_3982.png,9,farmbot_uzk,150,"1734947494,83145","21,1173418783856","55,9380483710994","2250,8544",413,27067184,27067597,FALSCH,,,,,,,,,,,,,WAHR,
image_3983.png,9,farmbot_uzk,151,"1734947568,72424","21,2188143739986","55,4802777141985","2315,9712",424,27788103,27788527,FALSCH,,,,,,,,,,,,,WAHR,
image_3984.png,9,farmbot_uzk,151,"1734949634,40333","20,7808804455634","55,228503852903","1167,5328",181,11862418,11862599,FALSCH,,,,,,,,,,,,,FALSCH,
image_3985.png,9,farmbot_uzk,152,"1734949634,83378","20,7808804455634","55,228503852903","1167,5328",181,11862418,11862599,FALSCH,,,,,,,,,,,,,FALSCH,
image_3986.png,9,farmbot_uzk,152,"1734947569,14013","21,2188143739986","55,4802777141985","2315,9712",424,27788103,27788527,FALSCH,,,,,,,,,,,,,WAHR,
image_3987.png,9,farmbot_uzk,153,"1734949635,239","20,7808804455634","55,228503852903","1167,5328",181,11862418,11862599,FALSCH,,,,,,,,,,,,,FALSCH,
image_3988.png,9,farmbot_uzk,153,"1734947569,58335","21,2188143739986","55,4802777141985","2315,9712",424,27788103,27788527,FALSCH,,,,,,,,,,,,,WAHR,
image_3989.png,9,farmbot_uzk,154,"1734949635,68217","20,7808804455634","55,228503852903","1167,5328",181,11862418,11862599,FALSCH,,,,,,,,,,,,,FALSCH,
image_3990.png,9,farmbot_uzk,154,"1734947570,03172","21,2188143739986","55,4802777141985","2315,9712",424,27788103,27788527,FALSCH,,,,,,,,,,,,,WAHR,
image_3991.png,9,farmbot_uzk,155,"1734949636,09988","20,7808804455634","55,228503852903","1167,5328",181,11862418,11862599,FALSCH,,,,,,,,,,,,,FALSCH,
image_3992.png,9,farmbot_uzk,155,"1734947570,46402","21,2188143739986","55,4802777141985","2315,9712",424,27788103,27788527,FALSCH,,,,,,,,,,,,,WAHR,
image_3993.png,9,farmbot_uzk,156,"1734947570,93061","21,2188143739986","55,4802777141985","2315,9712",424,27788103,27788527,FALSCH,,,,,,,,,,,,,WAHR,
image_3994.png,9,farmbot_uzk,156,"1734949636,57492","20,7808804455634","55,228503852903","1167,5328",181,11862418,11862599,FALSCH,,,,,,,,,,,,,FALSCH,
image_3995.png,9,farmbot_uzk,157,"1734949707,94114","20,7808804455634","54,7570000762951","1135,7088",176,11534727,11534903,FALSCH,,,,,,,,,,,,,FALSCH,
image_3996.png,9,farmbot_uzk,157,"1734947643,9186","21,2615396353094","56,231021591516","2297,856",420,27525952,27526372,FALSCH,,,,,,,,,,,,,WAHR,
image_3997.png,9,farmbot_uzk,158,"1734949708,35349","20,7808804455634","54,7570000762951","1135,7088",176,11534727,11534903,FALSCH,,,,,,,,,,,,,FALSCH,
image_3998.png,9,farmbot_uzk,158,"1734947644,34527","21,2615396353094","56,231021591516","2297,856",420,27525952,27526372,FALSCH,,,,,,,,,,,,,WAHR,
image_3999.png,9,farmbot_uzk,159,"1734949708,76677","20,7808804455634","54,7570000762951","1135,7088",176,11534727,11534903,FALSCH,,,,,,,,,,,,,FALSCH,
image_4000.png,9,farmbot_uzk,159,"1734947644,76581","21,2615396353094","56,231021591516","2297,856",420,27525952,27526372,FALSCH,,,,,,,,,,,,,WAHR,
image_4001.png,9,farmbot_uzk,160,"1734949709,18949","20,7808804455634","54,7570000762951","1135,7088",176,11534727,11534903,FALSCH,,,,,,,,,,,,,FALSCH,
image_4002.png,9,farmbot_uzk,160,"1734947645,18854","21,2615396353094","56,231021591516","2297,856",420,27525952,27526372,FALSCH,,,,,,,,,,,,,WAHR,
image_4003.png,9,farmbot_uzk,161,"1734949709,63319","20,7808804455634","54,7570000762951","1135,7088",176,11534727,11534903,FALSCH,,,,,,,,,,,,,FALSCH,
image_4004.png,9,farmbot_uzk,161,"1734947645,63283","21,2615396353094","56,231021591516","2297,856",420,27525952,27526372,FALSCH,,,,,,,,,,,,,WAHR,
image_4005.png,9,farmbot_uzk,162,"1734947646,10982","21,2615396353094","56,231021591516","2297,856",420,27525952,27526372,FALSCH,,,,,,,,,,,,,WAHR,
image_4006.png,9,farmbot_uzk,162,"1734949710,10546","20,7808804455634","54,7570000762951","1135,7088",176,11534727,11534903,FALSCH,,,,,,,,,,,,,FALSCH,
image_4007.png,9,farmbot_uzk,163,"1734947717,01062","21,2027924010071","56,604867627985","2253,4656",412,27001648,27002060,FALSCH,,,,,,,,,,,,,WAHR,
image_4008.png,9,farmbot_uzk,163,"1734949776,63191","20,8075837338827","56,3134203097581","1507,6416",257,16843286,16843543,FALSCH,,,,,,,,,,,,,FALSCH,
image_4009.png,9,farmbot_uzk,164,"1734947717,40552","21,2027924010071","56,604867627985","2253,4656",412,27001648,27002060,FALSCH,,,,,,,,,,,,,WAHR,
image_4010.png,9,farmbot_uzk,164,"1734949777,04436","20,8075837338827","56,3134203097581","1507,6416",257,16843286,16843543,FALSCH,,,,,,,,,,,,,FALSCH,
image_4011.png,9,farmbot_uzk,165,"1734947717,81949","21,2027924010071","56,604867627985","2253,4656",412,27001648,27002060,FALSCH,,,,,,,,,,,,,WAHR,
image_4012.png,9,farmbot_uzk,165,"1734949777,45195","20,8075837338827","56,3134203097581","1507,6416",257,16843286,16843543,FALSCH,,,,,,,,,,,,,FALSCH,
image_4013.png,9,farmbot_uzk,166,"1734947718,25457","21,2027924010071","56,604867627985","2253,4656",412,27001648,27002060,FALSCH,,,,,,,,,,,,,WAHR,
image_4014.png,9,farmbot_uzk,166,"1734949777,87447","20,8075837338827","56,3134203097581","1507,6416",257,16843286,16843543,FALSCH,,,,,,,,,,,,,FALSCH,
image_4015.png,9,farmbot_uzk,167,"1734949778,30619","20,8075837338827","56,3134203097581","1507,6416",257,16843286,16843543,FALSCH,,,,,,,,,,,,,FALSCH,
image_4016.png,9,farmbot_uzk,167,"1734947718,68208","21,2027924010071","56,604867627985","2253,4656",412,27001648,27002060,FALSCH,,,,,,,,,,,,,WAHR,
image_4017.png,9,farmbot_uzk,168,"1734949778,72709","20,8075837338827","56,3134203097581","1507,6416",257,16843286,16843543,FALSCH,,,,,,,,,,,,,FALSCH,
image_4018.png,9,farmbot_uzk,168,"1734947719,12133","21,2027924010071","56,604867627985","2253,4656",412,27001648,27002060,FALSCH,,,,,,,,,,,,,WAHR,
image_4019.png,9,farmbot_uzk_2,1,"1734948455,94735","23,2829785610742","46,9047074082551","2151,3024",398,26084110,26084508,FALSCH,"0,425","0,412","0,013",,28,control,"31,69231",,,2,12,14,FALSCH,2016
image_4020.png,9,farmbot_uzk_2,1,"1734943338,25647","22,3804074158847","54,0611886778058","219,6672",44,2883666,2883710,FALSCH,"0,425","0,412","0,013",,28,control,"31,69231",,,2,12,14,WAHR,2016
image_4021.png,9,farmbot_uzk_2,2,"1734943338,80109","22,3804074158847","54,0611886778058","219,6672",44,2883666,2883710,FALSCH,"0,381","0,367","0,014",,28,control,"26,21429",,,2,16,18,WAHR,2017
image_4022.png,9,farmbot_uzk_2,2,"1734948456,4976","23,2829785610742","46,9047074082551","2151,3024",398,26084110,26084508,FALSCH,"0,381","0,367","0,014",,28,control,"26,21429",,,2,16,18,FALSCH,2017
image_4023.png,9,farmbot_uzk_2,3,"1734943339,33338","22,3804074158847","54,0611886778058","219,6672",44,2883666,2883710,FALSCH,"0,76","0,713","0,047",,28,control,"15,17021",,,2,18,20,WAHR,2018
image_4024.png,9,farmbot_uzk_2,3,"1734948457,20083","23,2829785610742","46,9047074082551","2151,3024",398,26084110,26084508,FALSCH,"0,76","0,713","0,047",,28,control,"15,17021",,,2,18,20,FALSCH,2018
image_4025.png,9,farmbot_uzk_2,4,"1734943339,86048","22,3804074158847","54,0611886778058","219,6672",44,2883666,2883710,FALSCH,"0,937","0,0907","0,8463",,28,control,"0,10717",,,2,25,27,WAHR,2019
image_4026.png,9,farmbot_uzk_2,4,"1734948457,92134","23,2829785610742","46,9047074082551","2151,3024",398,26084110,26084508,FALSCH,"0,937","0,0907","0,8463",,28,control,"0,10717",,,2,25,27,FALSCH,2019
image_4027.png,9,farmbot_uzk_2,5,"1734943340,41621","22,3804074158847","54,0611886778058","219,6672",44,2883666,2883710,FALSCH,"0,495","0,477","0,018",,28,control,"26,5",,,2,17,19,WAHR,2020
image_4028.png,9,farmbot_uzk_2,5,"1734948458,64168","23,2829785610742","46,9047074082551","2151,3024",398,26084110,26084508,FALSCH,"0,495","0,477","0,018",,28,control,"26,5",,,2,17,19,FALSCH,2020
image_4029.png,9,farmbot_uzk_2,6,"1734943340,92369","22,3804074158847","54,0611886778058","219,6672",44,2883666,2883710,FALSCH,"0,676","0,652","0,024",,28,control,"27,16667",,,2,15,17,WAHR,2021
image_4030.png,9,farmbot_uzk_2,6,"1734948459,37615","23,2829785610742","46,9047074082551","2151,3024",398,26084110,26084508,FALSCH,"0,676","0,652","0,024",,28,control,"27,16667",,,2,15,17,FALSCH,2021
image_4031.png,9,farmbot_uzk_2,7,"1734943394,23099","22,3804074158847","54,4365606164645","219,6672",44,2883666,2883710,FALSCH,"0,285","0,273","0,012",,28,control,"22,75",,,2,13,15,WAHR,2022
image_4032.png,9,farmbot_uzk_2,7,"1734948507,81092","23,566033417258","45,5512321660182","2054,1984",368,24117987,24118355,FALSCH,"0,285","0,273","0,012",,28,control,"22,75",,,2,13,15,FALSCH,2022
image_4033.png,9,farmbot_uzk_2,8,"1734943394,7676","22,3804074158847","54,4365606164645","219,6672",44,2883666,2883710,FALSCH,"0,306","0,288","0,018",,28,control,16,,,2,16,18,WAHR,2023
image_4034.png,9,farmbot_uzk_2,8,"1734948508,34073","23,566033417258","45,5512321660182","2054,1984",368,24117987,24118355,FALSCH,"0,306","0,288","0,018",,28,control,16,,,2,16,18,FALSCH,2023
image_4035.png,9,farmbot_uzk_2,9,"1734948508,87777","23,566033417258","45,5512321660182","2054,1984",368,24117987,24118355,FALSCH,"0,704","0,665","0,039",,28,control,"17,05128",,,2,24,26,FALSCH,2024
image_4036.png,9,farmbot_uzk_2,9,"1734943395,31851","22,3804074158847","54,4365606164645","219,6672",44,2883666,2883710,FALSCH,"0,704","0,665","0,039",,28,control,"17,05128",,,2,24,26,WAHR,2024
image_4037.png,9,farmbot_uzk_2,10,"1734948509,42823","23,566033417258","45,5512321660182","2054,1984",368,24117987,24118355,FALSCH,"0,125","0,102","0,023",,28,control,"4,43478",,,0,9,9,FALSCH,2025
image_4038.png,9,farmbot_uzk_2,10,"1734943395,8768","22,3804074158847","54,4365606164645","219,6672",44,2883666,2883710,FALSCH,"0,125","0,102","0,023",,28,control,"4,43478",,,0,9,9,WAHR,2025
image_4039.png,9,farmbot_uzk_2,11,"1734948509,98088","23,566033417258","45,5512321660182","2054,1984",368,24117987,24118355,FALSCH,"0,503","0,485","0,018",,28,control,"26,94444",,,2,12,14,FALSCH,2026
image_4040.png,9,farmbot_uzk_2,11,"1734943396,40207","22,3804074158847","54,4365606164645","219,6672",44,2883666,2883710,FALSCH,"0,503","0,485","0,018",,28,control,"26,94444",,,2,12,14,WAHR,2026
image_4041.png,9,farmbot_uzk_2,12,"1734948510,54099","23,566033417258","45,5512321660182","2054,1984",368,24117987,24118355,FALSCH,"0,64","0,617","0,023",,28,control,"26,82609",,,2,17,19,FALSCH,2027
image_4042.png,9,farmbot_uzk_2,12,"1734943396,90126","22,3804074158847","54,4365606164645","219,6672",44,2883666,2883710,FALSCH,"0,64","0,617","0,023",,28,control,"26,82609",,,2,17,19,WAHR,2027
image_4043.png,9,farmbot_uzk_2,13,"1734943448,21208","22,3243305104143","54,5632104982071","262,5888",51,3342433,3342484,FALSCH,"0,426","0,403","0,023",,28,control,"17,52174",,,2,16,18,WAHR,2028
image_4044.png,9,farmbot_uzk_2,13,"1734948560,53882","23,8330663004501","45,0293736171511","1379,856",245,16056815,16057060,FALSCH,"0,426","0,403","0,023",,28,control,"17,52174",,,2,16,18,FALSCH,2028
image_4045.png,9,farmbot_uzk_2,14,"1734948561,0708","23,8330663004501","45,0293736171511","1379,856",245,16056815,16057060,FALSCH,"0,185","0,158","0,027",,28,control,"5,85185",,,1,9,10,FALSCH,2029
image_4046.png,9,farmbot_uzk_2,14,"1734943448,72951","22,3243305104143","54,5632104982071","262,5888",51,3342433,3342484,FALSCH,"0,185","0,158","0,027",,28,control,"5,85185",,,1,9,10,WAHR,2029
image_4047.png,9,farmbot_uzk_2,15,"1734948561,61953","23,8330663004501","45,0293736171511","1379,856",245,16056815,16057060,FALSCH,"0,293","0,248","0,045",,28,control,"5,51111",,,0,15,15,FALSCH,2030
image_4048.png,9,farmbot_uzk_2,15,"1734943449,29178","22,3243305104143","54,5632104982071","262,5888",51,3342433,3342484,FALSCH,"0,293","0,248","0,045",,28,control,"5,51111",,,0,15,15,WAHR,2030
image_4049.png,9,farmbot_uzk_2,16,"1734948562,1922","23,8330663004501","45,0293736171511","1379,856",245,16056815,16057060,FALSCH,"0,281","0,248","0,033",,28,control,"7,51515",,,2,13,15,FALSCH,2031
image_4050.png,9,farmbot_uzk_2,16,"1734943449,84132","22,3243305104143","54,5632104982071","262,5888",51,3342433,3342484,FALSCH,"0,281","0,248","0,033",,28,control,"7,51515",,,2,13,15,WAHR,2031
image_4051.png,9,farmbot_uzk_2,17,"1734948562,76581","23,8330663004501","45,0293736171511","1379,856",245,16056815,16057060,FALSCH,"0,407","0,37","0,037",,28,control,10,,,1,14,15,FALSCH,2032
image_4052.png,9,farmbot_uzk_2,17,"1734943450,422","22,3243305104143","54,5632104982071","262,5888",51,3342433,3342484,FALSCH,"0,407","0,37","0,037",,28,control,10,,,1,14,15,WAHR,2032
image_4053.png,9,farmbot_uzk_2,18,"1734948563,30966","23,8330663004501","45,0293736171511","1379,856",245,16056815,16057060,FALSCH,"0,319","0,294","0,025",,28,control,"11,76",,,0,15,15,FALSCH,2033
image_4054.png,9,farmbot_uzk_2,18,"1734943451,0028","22,3243305104143","54,5632104982071","262,5888",51,3342433,3342484,FALSCH,"0,319","0,294","0,025",,28,control,"11,76",,,0,15,15,WAHR,2033
image_4055.png,9,farmbot_uzk_2,19,"1734943498,42225","22,2816052491035","54,6379797055009","243,0048",46,3014745,3014791,FALSCH,"0,185","0,148","0,037",,28,control,4,,,1,13,14,WAHR,2034
image_4056.png,9,farmbot_uzk_2,19,"1734948611,64332","23,6915388723583","45,0476844434272","418,7712",74,4849814,4849888,FALSCH,"0,185","0,148","0,037",,28,control,4,,,1,13,14,FALSCH,2034
image_4057.png,9,farmbot_uzk_2,20,"1734943498,97882","22,2816052491035","54,6379797055009","243,0048",46,3014745,3014791,FALSCH,"0,377","0,353","0,024",,28,control,"14,70833",,,1,15,16,WAHR,2035
image_4058.png,9,farmbot_uzk_2,20,"1734948612,47906","23,6915388723583","45,0476844434272","418,7712",74,4849814,4849888,FALSCH,"0,377","0,353","0,024",,28,control,"14,70833",,,1,15,16,FALSCH,2035
image_4059.png,9,farmbot_uzk_2,21,"1734948613,04671","23,6915388723583","45,0476844434272","418,7712",74,4849814,4849888,FALSCH,"0,366","0,337","0,029",,28,control,"11,62069",,,2,17,19,FALSCH,2036
image_4060.png,9,farmbot_uzk_2,21,"1734943499,53604","22,2816052491035","54,6379797055009","243,0048",46,3014745,3014791,FALSCH,"0,366","0,337","0,029",,28,control,"11,62069",,,2,17,19,WAHR,2036
image_4061.png,9,farmbot_uzk_2,22,"1734943500,09764","22,2816052491035","54,6379797055009","243,0048",46,3014745,3014791,FALSCH,,,,,28,control,,,,,,0,WAHR,2037
image_4062.png,9,farmbot_uzk_2,22,"1734948613,62545","23,6915388723583","45,0476844434272","418,7712",74,4849814,4849888,FALSCH,,,,,28,control,,,,,,0,FALSCH,2037
image_4063.png,9,farmbot_uzk_2,23,"1734943500,71618","22,2816052491035","54,6379797055009","243,0048",46,3014745,3014791,FALSCH,"0,667","0,623","0,044",,28,control,"14,15909",,,0,21,21,WAHR,2038
image_4064.png,9,farmbot_uzk_2,23,"1734948614,18886","23,6915388723583","45,0476844434272","418,7712",74,4849814,4849888,FALSCH,"0,667","0,623","0,044",,28,control,"14,15909",,,0,21,21,FALSCH,2038
image_4065.png,9,farmbot_uzk_2,24,"1734948614,76453","23,6915388723583","45,0476844434272","418,7712",74,4849814,4849888,FALSCH,"0,129","0,113","0,016",,28,control,"7,0625",,,0,8,8,FALSCH,2039
image_4066.png,9,farmbot_uzk_2,24,"1734943501,27594","22,2816052491035","54,6379797055009","243,0048",46,3014745,3014791,FALSCH,"0,129","0,113","0,016",,28,control,"7,0625",,,0,8,8,WAHR,2039
image_4067.png,9,farmbot_uzk_2,25,"1734948664,60766","23,3844510566873","45,6000610360876","372,912",65,4259973,4260038,FALSCH,"0,211","0,196","0,015",,28,control,"13,06667",,,0,11,11,FALSCH,2040
image_4068.png,9,farmbot_uzk_2,25,"1734943554,01233","22,3376821545739","54,4411383230335","268,464",55,3604581,3604636,FALSCH,"0,211","0,196","0,015",,28,control,"13,06667",,,0,11,11,WAHR,2040
image_4069.png,9,farmbot_uzk_2,26,"1734948665,17255","23,3844510566873","45,6000610360876","372,912",65,4259973,4260038,FALSCH,"0,228","0,21","0,018",,28,control,"11,66667",,,0,12,12,FALSCH,2041
image_4070.png,9,farmbot_uzk_2,26,"1734943554,6442","22,3376821545739","54,4411383230335","268,464",55,3604581,3604636,FALSCH,"0,228","0,21","0,018",,28,control,"11,66667",,,0,12,12,WAHR,2041
image_4071.png,9,farmbot_uzk_2,27,"1734948665,74714","23,3844510566873","45,6000610360876","372,912",65,4259973,4260038,FALSCH,"0,154","0,137","0,017",,28,control,"8,05882",,,0,12,12,FALSCH,2042
image_4072.png,9,farmbot_uzk_2,27,"1734943555,18845","22,3376821545739","54,4411383230335","268,464",55,3604581,3604636,FALSCH,"0,154","0,137","0,017",,28,control,"8,05882",,,0,12,12,WAHR,2042
image_4073.png,9,farmbot_uzk_2,28,"1734943555,78286","22,3376821545739","54,4411383230335","268,464",55,3604581,3604636,FALSCH,"0,209","0,185","0,024",,28,control,"7,70833",,,0,14,14,WAHR,2043
image_4074.png,9,farmbot_uzk_2,28,"1734948666,37286","23,3844510566873","45,6000610360876","372,912",65,4259973,4260038,FALSCH,"0,209","0,185","0,024",,28,control,"7,70833",,,0,14,14,FALSCH,2043
image_4075.png,9,farmbot_uzk_2,29,"1734948666,94592","23,3844510566873","45,6000610360876","372,912",65,4259973,4260038,FALSCH,"0,167","0,156","0,011",,28,control,"14,18182",,,0,14,14,FALSCH,2044
image_4076.png,9,farmbot_uzk_2,29,"1734943556,3453","22,3376821545739","54,4411383230335","268,464",55,3604581,3604636,FALSCH,"0,167","0,156","0,011",,28,control,"14,18182",,,0,14,14,WAHR,2044
image_4077.png,9,farmbot_uzk_2,30,"1734948667,51253","23,3844510566873","45,6000610360876","372,912",65,4259973,4260038,FALSCH,"0,151","0,139","0,012",,28,control,"11,58333",,,2,12,14,FALSCH,2045
image_4078.png,9,farmbot_uzk_2,30,"1734943556,92235","22,3376821545739","54,4411383230335","268,464",55,3604581,3604636,FALSCH,"0,151","0,139","0,012",,28,control,"11,58333",,,2,12,14,WAHR,2045
image_4079.png,9,farmbot_uzk_2,31,"1734948713,28109","23,1841763942931","46,0807202258335","262,2624",48,3145823,3145871,FALSCH,"0,17","0,144","0,026",,28,control,"5,53846",,,0,7,7,FALSCH,2046
image_4080.png,9,farmbot_uzk_2,31,"1734943603,70414","22,3937590600443","54,2473487449455","278,0928",56,3670120,3670176,FALSCH,"0,17","0,144","0,026",,28,control,"5,53846",,,0,7,7,WAHR,2046
image_4081.png,9,farmbot_uzk_2,32,"1734943604,25873","22,3937590600443","54,2473487449455","278,0928",56,3670120,3670176,FALSCH,"0,174","0,164","0,01",,28,control,"16,4",,,0,8,8,WAHR,2047
image_4082.png,9,farmbot_uzk_2,32,"1734948713,81739","23,1841763942931","46,0807202258335","262,2624",48,3145823,3145871,FALSCH,"0,174","0,164","0,01",,28,control,"16,4",,,0,8,8,FALSCH,2047
image_4083.png,9,farmbot_uzk_2,33,"1734948714,34627","23,1841763942931","46,0807202258335","262,2624",48,3145823,3145871,FALSCH,"0,163","0,141","0,022",,28,control,"6,40909",,,0,10,10,FALSCH,2048
image_4084.png,9,farmbot_uzk_2,33,"1734943604,81818","22,3937590600443","54,2473487449455","278,0928",56,3670120,3670176,FALSCH,"0,163","0,141","0,022",,28,control,"6,40909",,,0,10,10,WAHR,2048
image_4085.png,9,farmbot_uzk_2,34,"1734943605,43036","22,3937590600443","54,2473487449455","278,0928",56,3670120,3670176,FALSCH,,,,,28,control,,,,,,0,WAHR,2049
image_4086.png,9,farmbot_uzk_2,34,"1734948714,90846","23,1841763942931","46,0807202258335","262,2624",48,3145823,3145871,FALSCH,,,,,28,control,,,,,,0,FALSCH,2049
image_4087.png,9,farmbot_uzk_2,35,"1734948715,48497","23,1841763942931","46,0807202258335","262,2624",48,3145823,3145871,FALSCH,"0,228","0,198","0,03",,28,control,"6,6",,,0,8,8,FALSCH,2050
image_4088.png,9,farmbot_uzk_2,35,"1734943606,02634","22,3937590600443","54,2473487449455","278,0928",56,3670120,3670176,FALSCH,"0,228","0,198","0,03",,28,control,"6,6",,,0,8,8,WAHR,2050
image_4089.png,9,farmbot_uzk_2,36,"1734943606,60334","22,3937590600443","54,2473487449455","278,0928",56,3670120,3670176,FALSCH,"0,24","0,21","0,03",,28,control,7,,,0,15,15,WAHR,2051
image_4090.png,9,farmbot_uzk_2,36,"1734948716,03686","23,1841763942931","46,0807202258335","262,2624",48,3145823,3145871,FALSCH,"0,24","0,21","0,03",,28,control,7,,,0,15,15,FALSCH,2051
image_4091.png,9,farmbot_uzk_2,37,"1734948766,79053","22,9171435111009","46,831464103151","220,4832",39,2555983,2556022,FALSCH,"0,178","0,152","0,026",,28,control,"5,84615",,,0,7,7,FALSCH,2052
image_4092.png,9,farmbot_uzk_2,37,"1734943660,1218","22,2682536049439","54,3846799420157","278,0928",56,3670120,3670176,FALSCH,"0,178","0,152","0,026",,28,control,"5,84615",,,0,7,7,WAHR,2052
image_4093.png,9,farmbot_uzk_2,38,"1734943660,73723","22,2682536049439","54,3846799420157","278,0928",56,3670120,3670176,FALSCH,"0,15","0,136","0,014",,28,control,"9,71429",,,0,10,10,WAHR,2053
image_4094.png,9,farmbot_uzk_2,38,"1734948767,35459","22,9171435111009","46,831464103151","220,4832",39,2555983,2556022,FALSCH,"0,15","0,136","0,014",,28,control,"9,71429",,,0,10,10,FALSCH,2053
image_4095.png,9,farmbot_uzk_2,39,"1734943661,28929","22,2682536049439","54,3846799420157","278,0928",56,3670120,3670176,FALSCH,"0,063","0,55","-0,487",,28,control,"-1,12936",,,0,7,7,WAHR,2054
image_4096.png,9,farmbot_uzk_2,39,"1734948767,91106","22,9171435111009","46,831464103151","220,4832",39,2555983,2556022,FALSCH,"0,063","0,55","-0,487",,28,control,"-1,12936",,,0,7,7,FALSCH,2054
image_4097.png,9,farmbot_uzk_2,40,"1734943661,89941","22,2682536049439","54,3846799420157","278,0928",56,3670120,3670176,FALSCH,"0,075","0,058","0,017",,28,control,"3,41176",,,0,8,8,WAHR,2055
image_4098.png,9,farmbot_uzk_2,40,"1734948768,49187","22,9171435111009","46,831464103151","220,4832",39,2555983,2556022,FALSCH,"0,075","0,058","0,017",,28,control,"3,41176",,,0,8,8,FALSCH,2055
image_4099.png,9,farmbot_uzk_2,41,"1734948769,0738","22,9171435111009","46,831464103151","220,4832",39,2555983,2556022,FALSCH,"0,115","0,094","0,021",,28,salinity,"4,47619",,,0,8,8,FALSCH,2056
image_4100.png,9,farmbot_uzk_2,41,"1734943662,48745","22,2682536049439","54,3846799420157","278,0928",56,3670120,3670176,FALSCH,"0,115","0,094","0,021",,28,salinity,"4,47619",,,0,8,8,WAHR,2056
image_4101.png,9,farmbot_uzk_2,42,"1734948769,62739","22,9171435111009","46,831464103151","220,4832",39,2555983,2556022,FALSCH,"0,112","0,102","0,01",,28,salinity,"10,2",,,0,11,11,FALSCH,2057
image_4102.png,9,farmbot_uzk_2,42,"1734943663,07306","22,2682536049439","54,3846799420157","278,0928",56,3670120,3670176,FALSCH,"0,112","0,102","0,01",,28,salinity,"10,2",,,0,11,11,WAHR,2057
image_4103.png,9,farmbot_uzk_2,43,"1734948815,54819","22,7729457541772","47,1946288242924","179,0304",33,2162753,2162786,FALSCH,,,0,,28,salinity,,,,,,0,FALSCH,2058
image_4104.png,9,farmbot_uzk_2,43,"1734943711,2137","22,2522316319524","54,4853894865339","278,0928",56,3670120,3670176,FALSCH,,,0,,28,salinity,,,,,,0,WAHR,2058
image_4105.png,9,farmbot_uzk_2,44,"1734943711,79993","22,2522316319524","54,4853894865339","278,0928",56,3670120,3670176,FALSCH,"0,023","0,018","0,005",,28,salinity,"3,6",,,0,3,3,WAHR,2059
image_4106.png,9,farmbot_uzk_2,44,"1734948816,09786","22,7729457541772","47,1946288242924","179,0304",33,2162753,2162786,FALSCH,"0,023","0,018","0,005",,28,salinity,"3,6",,,0,3,3,FALSCH,2059
image_4107.png,9,farmbot_uzk_2,45,"1734943712,37147","22,2522316319524","54,4853894865339","278,0928",56,3670120,3670176,FALSCH,"0,051","0,038","0,013",,28,salinity,"2,92308",,,0,4,4,WAHR,2060
image_4108.png,9,farmbot_uzk_2,45,"1734948816,66339","22,7729457541772","47,1946288242924","179,0304",33,2162753,2162786,FALSCH,"0,051","0,038","0,013",,28,salinity,"2,92308",,,0,4,4,FALSCH,2060
image_4109.png,9,farmbot_uzk_2,46,"1734943712,97472","22,2522316319524","54,4853894865339","278,0928",56,3670120,3670176,FALSCH,"0,098","0,084","0,014",,28,salinity,6,,,0,7,7,WAHR,2061
image_4110.png,9,farmbot_uzk_2,46,"1734948817,23407","22,7729457541772","47,1946288242924","179,0304",33,2162753,2162786,FALSCH,"0,098","0,084","0,014",,28,salinity,6,,,0,7,7,FALSCH,2061
image_4111.png,9,farmbot_uzk_2,47,"1734943713,59431","22,2522316319524","54,4853894865339","278,0928",56,3670120,3670176,FALSCH,"0,135","0,122","0,013",,28,salinity,"9,38462",,,0,6,6,WAHR,2062
image_4112.png,9,farmbot_uzk_2,47,"1734948817,78183","22,7729457541772","47,1946288242924","179,0304",33,2162753,2162786,FALSCH,"0,135","0,122","0,013",,28,salinity,"9,38462",,,0,6,6,FALSCH,2062
image_4113.png,9,farmbot_uzk_2,48,"1734948818,36307","22,7729457541772","47,1946288242924","179,0304",33,2162753,2162786,FALSCH,"0,178","0,165","0,013",,28,salinity,"12,69231",,,0,8,8,FALSCH,2063
image_4114.png,9,farmbot_uzk_2,48,"1734943714,21591","22,2522316319524","54,4853894865339","278,0928",56,3670120,3670176,FALSCH,"0,178","0,165","0,013",,28,salinity,"12,69231",,,0,8,8,WAHR,2063
image_4115.png,9,farmbot_uzk_2,49,"1734943765,22282","22,2522316319524","54,4502937361715","278,0928",56,3670120,3670176,FALSCH,,,,,28,salinity,,,,,,0,WAHR,2064
image_4116.png,9,farmbot_uzk_2,49,"1734948868,86365","22,6180666819257","47,4448767833982","177,5616",32,2097216,2097248,FALSCH,,,,,28,salinity,,,,,,0,FALSCH,2064
image_4117.png,9,farmbot_uzk_2,50,"1734948869,38457","22,6180666819257","47,4448767833982","177,5616",32,2097216,2097248,FALSCH,,,,,28,salinity,,,,,,0,FALSCH,2065
image_4118.png,9,farmbot_uzk_2,50,"1734943765,773","22,2522316319524","54,4502937361715","278,0928",56,3670120,3670176,FALSCH,,,,,28,salinity,,,,,,0,WAHR,2065
image_4119.png,9,farmbot_uzk_2,51,"1734948869,93933","22,6180666819257","47,4448767833982","177,5616",32,2097216,2097248,FALSCH,"0,269","0,25","0,019",,28,salinity,"13,15789",,,0,14,14,FALSCH,2066
image_4120.png,9,farmbot_uzk_2,51,"1734943766,35015","22,2522316319524","54,4502937361715","278,0928",56,3670120,3670176,FALSCH,"0,269","0,25","0,019",,28,salinity,"13,15789",,,0,14,14,WAHR,2066
image_4121.png,9,farmbot_uzk_2,52,"1734943766,92909","22,2522316319524","54,4502937361715","278,0928",56,3670120,3670176,FALSCH,"0,233","0,207","0,026",,28,salinity,"7,96154",,,0,11,11,WAHR,2067
image_4122.png,9,farmbot_uzk_2,52,"1734948870,50559","22,6180666819257","47,4448767833982","177,5616",32,2097216,2097248,FALSCH,"0,233","0,207","0,026",,28,salinity,"7,96154",,,0,11,11,FALSCH,2067
image_4123.png,9,farmbot_uzk_2,53,"1734943767,56104","22,2522316319524","54,4502937361715","278,0928",56,3670120,3670176,FALSCH,"0,092","0,08","0,012",,28,salinity,"6,66667",,,0,5,5,WAHR,2068
image_4124.png,9,farmbot_uzk_2,53,"1734948871,09192","22,6180666819257","47,4448767833982","177,5616",32,2097216,2097248,FALSCH,"0,092","0,08","0,012",,28,salinity,"6,66667",,,0,5,5,FALSCH,2068
image_4125.png,9,farmbot_uzk_2,54,"1734948871,67038","22,6180666819257","47,4448767833982","177,5616",32,2097216,2097248,FALSCH,"0,192","0,17","0,022",,28,salinity,"7,72727",,,0,11,11,FALSCH,2069
image_4126.png,9,farmbot_uzk_2,54,"1734943768,23259","22,2522316319524","54,4502937361715","278,0928",56,3670120,3670176,FALSCH,"0,192","0,17","0,022",,28,salinity,"7,72727",,,0,11,11,WAHR,2069
image_4127.png,9,farmbot_uzk_2,55,"1734510282,16188","22,0119020370794","53,7117570763714","137,2512",24,1572913,1572937,FALSCH,"0,065","0,058","0,007",,28,salinity,"8,28571",,,0,6,6,FALSCH,2070
image_4128.png,9,farmbot_uzk_2,56,"1734510282,6555","22,0119020370794","53,7117570763714","137,2512",24,1572913,1572937,FALSCH,,,,,28,salinity,,,,,,0,FALSCH,2071
image_4129.png,9,farmbot_uzk_2,57,"1734510283,18562","22,0119020370794","53,7117570763714","137,2512",24,1572913,1572937,FALSCH,,,,,,,,,,,,,FALSCH,
image_4130.png,9,farmbot_uzk_2,58,"1734510283,68305","22,0119020370794","53,7117570763714","137,2512",24,1572913,1572937,FALSCH,,,,,,,,,,,,,FALSCH,
image_4131.png,9,farmbot_uzk_2,59,"1734510284,24113","22,0119020370794","53,7117570763714","137,2512",24,1572913,1572937,FALSCH,,,,,,,,,,,,,FALSCH,
image_4132.png,9,farmbot_uzk_2,60,"1734510284,77644","22,0119020370794","53,7117570763714","137,2512",24,1572913,1572937,FALSCH,,,,,,,,,,,,,FALSCH,
image_4133.png,9,farmbot_uzk_2,61,"1734510332,51353","21,9291218432899","53,5393301289387","137,2512",24,1572913,1572937,FALSCH,,,,,,,,,,,,,FALSCH,
image_4134.png,9,farmbot_uzk_2,62,"1734510333,05023","21,9291218432899","53,5393301289387","137,2512",24,1572913,1572937,FALSCH,,,,,,,,,,,,,FALSCH,
image_4135.png,9,farmbot_uzk_2,63,"1734510333,57867","21,9291218432899","53,5393301289387","137,2512",24,1572913,1572937,FALSCH,,,,,,,,,,,,,FALSCH,
image_4136.png,9,farmbot_uzk_2,64,"1734510334,12181","21,9291218432899","53,5393301289387","137,2512",24,1572913,1572937,FALSCH,,,,,,,,,,,,,FALSCH,
image_4137.png,9,farmbot_uzk_2,65,"1734510334,68626","21,9291218432899","53,5393301289387","137,2512",24,1572913,1572937,FALSCH,,,,,,,,,,,,,FALSCH,
image_4138.png,9,farmbot_uzk_2,66,"1734510335,20212","21,9291218432899","53,5393301289387","137,2512",24,1572913,1572937,FALSCH,,,,,,,,,,,,,FALSCH,
image_4139.png,9,farmbot_uzk_2,67,"1734510386,96407","21,9558251316091","54,4823376821546","137,2512",24,1572913,1572937,FALSCH,,,,,,,,,,,,,FALSCH,
image_4140.png,9,farmbot_uzk_2,68,"1734510387,50444","21,9558251316091","54,4823376821546","137,2512",24,1572913,1572937,FALSCH,,,,,,,,,,,,,FALSCH,
image_4141.png,9,farmbot_uzk_2,69,"1734510388,03358","21,9558251316091","54,4823376821546","137,2512",24,1572913,1572937,FALSCH,,,,,,,,,,,,,FALSCH,
image_4142.png,9,farmbot_uzk_2,70,"1734510388,57274","21,9558251316091","54,4823376821546","137,2512",24,1572913,1572937,FALSCH,,,,,,,,,,,,,FALSCH,
image_4143.png,9,farmbot_uzk_2,71,"1734510389,11083","21,9558251316091","54,4823376821546","137,2512",24,1572913,1572937,FALSCH,,,,,,,,,,,,,FALSCH,
image_4144.png,9,farmbot_uzk_2,72,"1734510389,61792","21,9558251316091","54,4823376821546","137,2512",24,1572913,1572937,FALSCH,,,,,,,,,,,,,FALSCH,
image_4145.png,9,farmbot_uzk_2,73,"1734510443,89824","22,0546272983902","54,0917067215992","137,2512",24,1572913,1572937,FALSCH,,,,,,,,,,,,,FALSCH,
image_4146.png,9,farmbot_uzk_2,74,"1734510444,44406","22,0546272983902","54,0917067215992","137,2512",24,1572913,1572937,FALSCH,,,,,,,,,,,,,FALSCH,
image_4147.png,9,farmbot_uzk_2,75,"1734510444,9804","22,0546272983902","54,0917067215992","137,2512",24,1572913,1572937,FALSCH,,,,,,,,,,,,,FALSCH,
image_4148.png,9,farmbot_uzk_2,76,"1734510445,51207","22,0546272983902","54,0917067215992","137,2512",24,1572913,1572937,FALSCH,,,,,,,,,,,,,FALSCH,
image_4149.png,9,farmbot_uzk_2,77,"1734510446,07269","22,0546272983902","54,0917067215992","137,2512",24,1572913,1572937,FALSCH,,,,,,,,,,,,,FALSCH,
image_4150.png,9,farmbot_uzk_2,78,"1734510446,59225","22,0546272983902","54,0917067215992","137,2512",24,1572913,1572937,FALSCH,,,,,,,,,,,,,FALSCH,
image_4151.png,9,farmbot_uzk_2,79,"1734510574,00342","21,9985503929198","52,7687495231556","142,8",25,1638451,1638476,FALSCH,,,,,,,,,,,,,FALSCH,
image_4152.png,9,farmbot_uzk_2,80,"1734510574,52919","21,9985503929198","52,7687495231556","142,8",25,1638451,1638476,FALSCH,,,,,,,,,,,,,FALSCH,
image_4153.png,9,farmbot_uzk_2,81,"1734510575,03881","21,9985503929198","52,7687495231556","142,8",25,1638451,1638476,FALSCH,,,,,,,,,,,,,FALSCH,
image_4154.png,9,farmbot_uzk_2,82,"1734510575,58076","21,9985503929198","52,7687495231556","142,8",25,1638451,1638476,FALSCH,,,,,,,,,,,,,FALSCH,
image_4155.png,9,farmbot_uzk_2,83,"1734510576,12175","21,9985503929198","52,7687495231556","142,8",25,1638451,1638476,FALSCH,,,,,,,,,,,,,FALSCH,
image_4156.png,9,farmbot_uzk_2,84,"1734510576,6922","21,9985503929198","52,7687495231556","142,8",25,1638451,1638476,FALSCH,,,,,,,,,,,,,FALSCH,
image_4157.png,9,farmbot_uzk_2,85,"1734510671,96296","21,8436713206684","53,7636377508202","138,72",25,1638450,1638475,FALSCH,,,,,,,,,,,,,FALSCH,
image_4158.png,9,farmbot_uzk_2,86,"1734510672,48127","21,8436713206684","53,7636377508202","138,72",25,1638450,1638475,FALSCH,,,,,,,,,,,,,FALSCH,
image_4159.png,9,farmbot_uzk_2,87,"1734510673,03152","21,8436713206684","53,7636377508202","138,72",25,1638450,1638475,FALSCH,,,,,,,,,,,,,FALSCH,
image_4160.png,9,farmbot_uzk_2,88,"1734510673,55382","21,8436713206684","53,7636377508202","138,72",25,1638450,1638475,FALSCH,,,,,,,,,,,,,FALSCH,
image_4161.png,9,farmbot_uzk_2,89,"1734510674,13152","21,8436713206684","53,7636377508202","138,72",25,1638450,1638475,FALSCH,,,,,,,,,,,,,FALSCH,
image_4162.png,9,farmbot_uzk_2,90,"1734510674,68726","21,8436713206684","53,7636377508202","138,72",25,1638450,1638475,FALSCH,,,,,,,,,,,,,FALSCH,
image_4163.png,9,farmbot_uzk_2,91,"1734510720,69675","21,7742427710384","53,9131761654078","138,72",25,1638450,1638475,FALSCH,,,,,,,,,,,,,FALSCH,
image_4164.png,9,farmbot_uzk_2,92,"1734510721,16702","21,7742427710384","53,9131761654078","138,72",25,1638450,1638475,FALSCH,,,,,,,,,,,,,FALSCH,
image_4165.png,9,farmbot_uzk_2,93,"1734510721,72136","21,7742427710384","53,9131761654078","138,72",25,1638450,1638475,FALSCH,,,,,,,,,,,,,FALSCH,
image_4166.png,9,farmbot_uzk_2,94,"1734510722,18395","21,7742427710384","53,9131761654078","138,72",25,1638450,1638475,FALSCH,,,,,,,,,,,,,FALSCH,
image_4167.png,9,farmbot_uzk_2,95,"1734510722,75049","21,7742427710384","53,9131761654078","138,72",25,1638450,1638475,FALSCH,,,,,,,,,,,,,FALSCH,
image_4168.png,9,farmbot_uzk_2,96,"1734510723,22779","21,7742427710384","53,9131761654078","138,72",25,1638450,1638475,FALSCH,,,,,,,,,,,,,FALSCH,
image_4169.png,9,farmbot_uzk_2,97,"1734510772,79847","21,7608911268788","53,694972152285","142,8",25,1638451,1638476,FALSCH,,,,,,,,,,,,,FALSCH,
image_4170.png,9,farmbot_uzk_2,98,"1734510773,3093","21,7608911268788","53,694972152285","142,8",25,1638451,1638476,FALSCH,,,,,,,,,,,,,FALSCH,
image_4171.png,9,farmbot_uzk_2,99,"1734510773,87183","21,7608911268788","53,694972152285","142,8",25,1638451,1638476,FALSCH,,,,,,,,,,,,,FALSCH,
image_4172.png,9,farmbot_uzk_2,100,"1734510774,42109","21,7608911268788","53,694972152285","142,8",25,1638451,1638476,FALSCH,,,,,,,,,,,,,FALSCH,
image_4173.png,9,farmbot_uzk_2,101,"1734510775,01715","21,7608911268788","53,694972152285","142,8",25,1638451,1638476,FALSCH,,,,,,,,,,,,,FALSCH,
image_4174.png,9,farmbot_uzk_2,102,"1734510775,60608","21,7608911268788","53,694972152285","142,8",25,1638451,1638476,FALSCH,,,,,,,,,,,,,FALSCH,
image_4175.png,9,farmbot_uzk_2,103,"1734510823,02382","21,857022964828","53,7209124895094","142,8",25,1638451,1638476,FALSCH,,,,,,,,,,,,,FALSCH,
image_4176.png,9,farmbot_uzk_2,104,"1734510823,5723","21,857022964828","53,7209124895094","142,8",25,1638451,1638476,FALSCH,,,,,,,,,,,,,FALSCH,
image_4177.png,9,farmbot_uzk_2,105,"1734510824,11407","21,857022964828","53,7209124895094","142,8",25,1638451,1638476,FALSCH,,,,,,,,,,,,,FALSCH,
image_4178.png,9,farmbot_uzk_2,106,"1734510824,69205","21,857022964828","53,7209124895094","142,8",25,1638451,1638476,FALSCH,,,,,,,,,,,,,FALSCH,
image_4179.png,9,farmbot_uzk_2,107,"1734510825,24884","21,857022964828","53,7209124895094","142,8",25,1638451,1638476,FALSCH,,,,,,,,,,,,,FALSCH,
image_4180.png,9,farmbot_uzk_2,108,"1734510825,82958","21,857022964828","53,7209124895094","142,8",25,1638451,1638476,FALSCH,,,,,,,,,,,,,FALSCH,
image_4181.png,9,farmbot_uzk_2,109,"1734510878,30069","21,8997482261387","53,6018921187152","146,88",25,1638452,1638477,FALSCH,,,,,,,,,,,,,FALSCH,
image_4182.png,9,farmbot_uzk_2,110,"1734510878,85138","21,8997482261387","53,6018921187152","146,88",25,1638452,1638477,FALSCH,,,,,,,,,,,,,FALSCH,
image_4183.png,9,farmbot_uzk_2,111,"1734510879,41775","21,8997482261387","53,6018921187152","146,88",25,1638452,1638477,FALSCH,,,,,,,,,,,,,FALSCH,
image_4184.png,9,farmbot_uzk_2,112,"1734510879,99018","21,8997482261387","53,6018921187152","146,88",25,1638452,1638477,FALSCH,,,,,,,,,,,,,FALSCH,
image_4185.png,9,farmbot_uzk_2,113,"1734510880,59293","21,8997482261387","53,6018921187152","146,88",25,1638452,1638477,FALSCH,,,,,,,,,,,,,FALSCH,
image_4186.png,9,farmbot_uzk_2,114,"1734510881,17566","21,8997482261387","53,6018921187152","146,88",25,1638452,1638477,FALSCH,,,,,,,,,,,,,FALSCH,
image_4187.png,9,farmbot_uzk_2,115,"1734947008,63318","23,085374227512","52,2621499961852","365,7312",74,4849801,4849875,FALSCH,,,,,,,,,,,,,WAHR,
image_4188.png,9,farmbot_uzk_2,115,"1734948972,19957","22,5619897764553","48,8838025482567","185,7216",32,2097218,2097250,FALSCH,,,,,,,,,,,,,FALSCH,
image_4189.png,9,farmbot_uzk_2,116,"1734948972,75733","22,5619897764553","48,8838025482567","185,7216",32,2097218,2097250,FALSCH,,,,,,,,,,,,,FALSCH,
image_4190.png,9,farmbot_uzk_2,116,"1734947009,21351","23,085374227512","52,2621499961852","365,7312",74,4849801,4849875,FALSCH,,,,,,,,,,,,,WAHR,
image_4191.png,9,farmbot_uzk_2,117,"1734947009,79516","23,085374227512","52,2621499961852","365,7312",74,4849801,4849875,FALSCH,,,,,,,,,,,,,WAHR,
image_4192.png,9,farmbot_uzk_2,117,"1734948973,32836","22,5619897764553","48,8838025482567","185,7216",32,2097218,2097250,FALSCH,,,,,,,,,,,,,FALSCH,
image_4193.png,9,farmbot_uzk_2,118,"1734948973,86527","22,5619897764553","48,8838025482567","185,7216",32,2097218,2097250,FALSCH,,,,,,,,,,,,,FALSCH,
image_4194.png,9,farmbot_uzk_2,118,"1734947010,34423","23,085374227512","52,2621499961852","365,7312",74,4849801,4849875,FALSCH,,,,,,,,,,,,,WAHR,
image_4195.png,9,farmbot_uzk_2,119,"1734947010,96475","23,085374227512","52,2621499961852","365,7312",74,4849801,4849875,FALSCH,,,,,,,,,,,,,WAHR,
image_4196.png,9,farmbot_uzk_2,119,"1734948974,46073","22,5619897764553","48,8838025482567","185,7216",32,2097218,2097250,FALSCH,,,,,,,,,,,,,FALSCH,
image_4197.png,9,farmbot_uzk_2,120,"1734948974,98933","22,5619897764553","48,8838025482567","185,7216",32,2097218,2097250,FALSCH,,,,,,,,,,,,,FALSCH,
image_4198.png,9,farmbot_uzk_2,120,"1734947011,49857","23,085374227512","52,2621499961852","365,7312",74,4849801,4849875,FALSCH,,,,,,,,,,,,,WAHR,
image_4199.png,9,farmbot_uzk_2,121,"1734947061,30843","23,1708247501335","52,2423132677195","364,5888",76,4980874,4980950,FALSCH,,,,,,,,,,,,,WAHR,
image_4200.png,9,farmbot_uzk_2,121,"1734949027,18325","22,5780117494469","49,034866865034","191,2704",33,2162756,2162789,FALSCH,,,,,,,,,,,,,FALSCH,
image_4201.png,9,farmbot_uzk_2,122,"1734947061,87571","23,1708247501335","52,2423132677195","364,5888",76,4980874,4980950,FALSCH,,,,,,,,,,,,,WAHR,
image_4202.png,9,farmbot_uzk_2,122,"1734949027,70328","22,5780117494469","49,034866865034","191,2704",33,2162756,2162789,FALSCH,,,,,,,,,,,,,FALSCH,
image_4203.png,9,farmbot_uzk_2,123,"1734947062,40181","23,1708247501335","52,2423132677195","364,5888",76,4980874,4980950,FALSCH,,,,,,,,,,,,,WAHR,
image_4204.png,9,farmbot_uzk_2,123,"1734949028,18873","22,5780117494469","49,034866865034","191,2704",33,2162756,2162789,FALSCH,,,,,,,,,,,,,FALSCH,
image_4205.png,9,farmbot_uzk_2,124,"1734947062,96409","23,1708247501335","52,2423132677195","364,5888",76,4980874,4980950,FALSCH,,,,,,,,,,,,,WAHR,
image_4206.png,9,farmbot_uzk_2,124,"1734949028,78417","22,5780117494469","49,034866865034","191,2704",33,2162756,2162789,FALSCH,,,,,,,,,,,,,FALSCH,
image_4207.png,9,farmbot_uzk_2,125,"1734949029,3195","22,5780117494469","49,034866865034","191,2704",33,2162756,2162789,FALSCH,,,,,,,,,,,,,FALSCH,
image_4208.png,9,farmbot_uzk_2,125,"1734947063,57381","23,1708247501335","52,2423132677195","364,5888",76,4980874,4980950,FALSCH,,,,,,,,,,,,,WAHR,
image_4209.png,9,farmbot_uzk_2,126,"1734947064,14999","23,1708247501335","52,2423132677195","364,5888",76,4980874,4980950,FALSCH,,,,,,,,,,,,,WAHR,
image_4210.png,9,farmbot_uzk_2,126,"1734949029,85994","22,5780117494469","49,034866865034","191,2704",33,2162756,2162789,FALSCH,,,,,,,,,,,,,FALSCH,
image_4211.png,9,farmbot_uzk_2,127,"1734949078,89845","22,5486381322957","49,1767757686732","191,2704",33,2162756,2162789,FALSCH,,,,,,,,,,,,,FALSCH,
image_4212.png,9,farmbot_uzk_2,127,"1734947119,57267","23,2108796826123","51,5693904020752","367,2",75,4915338,4915413,FALSCH,,,,,,,,,,,,,WAHR,
image_4213.png,9,farmbot_uzk_2,128,"1734949079,45009","22,5486381322957","49,1767757686732","191,2704",33,2162756,2162789,FALSCH,,,,,,,,,,,,,FALSCH,
image_4214.png,9,farmbot_uzk_2,128,"1734947120,17779","23,2108796826123","51,5693904020752","367,2",75,4915338,4915413,FALSCH,,,,,,,,,,,,,WAHR,
image_4215.png,9,farmbot_uzk_2,129,"1734949079,98593","22,5486381322957","49,1767757686732","191,2704",33,2162756,2162789,FALSCH,,,,,,,,,,,,,FALSCH,
image_4216.png,9,farmbot_uzk_2,129,"1734947120,7364","23,2108796826123","51,5693904020752","367,2",75,4915338,4915413,FALSCH,,,,,,,,,,,,,WAHR,
image_4217.png,9,farmbot_uzk_2,130,"1734949080,5379","22,5486381322957","49,1767757686732","191,2704",33,2162756,2162789,FALSCH,,,,,,,,,,,,,FALSCH,
image_4218.png,9,farmbot_uzk_2,130,"1734947121,30138","23,2108796826123","51,5693904020752","367,2",75,4915338,4915413,FALSCH,,,,,,,,,,,,,WAHR,
image_4219.png,9,farmbot_uzk_2,131,"1734947121,87037","23,2108796826123","51,5693904020752","367,2",75,4915338,4915413,FALSCH,,,,,,,,,,,,,WAHR,
image_4220.png,9,farmbot_uzk_2,131,"1734949081,035","22,5486381322957","49,1767757686732","191,2704",33,2162756,2162789,FALSCH,,,,,,,,,,,,,FALSCH,
image_4221.png,9,farmbot_uzk_2,132,"1734947122,45385","23,2108796826123","51,5693904020752","367,2",75,4915338,4915413,FALSCH,,,,,,,,,,,,,WAHR,
image_4222.png,9,farmbot_uzk_2,132,"1734949081,60844","22,5486381322957","49,1767757686732","191,2704",33,2162756,2162789,FALSCH,,,,,,,,,,,,,FALSCH,
image_4223.png,9,farmbot_uzk_2,133,"1734949129,94486","22,5619897764553","49,903105210956","192,7392",34,2228293,2228327,FALSCH,,,,,,,,,,,,,FALSCH,
image_4224.png,9,farmbot_uzk_2,133,"1734947172,71771","23,1147478446632","52,1965362020295","365,7312",74,4849801,4849875,FALSCH,,,,,,,,,,,,,WAHR,
image_4225.png,9,farmbot_uzk_2,134,"1734947173,2763","23,1147478446632","52,1965362020295","365,7312",74,4849801,4849875,FALSCH,,,,,,,,,,,,,WAHR,
image_4226.png,9,farmbot_uzk_2,134,"1734949130,6262","22,5619897764553","49,903105210956","192,7392",34,2228293,2228327,FALSCH,,,,,,,,,,,,,FALSCH,
image_4227.png,9,farmbot_uzk_2,135,"1734949131,12213","22,5619897764553","49,903105210956","192,7392",34,2228293,2228327,FALSCH,,,,,,,,,,,,,FALSCH,
image_4228.png,9,farmbot_uzk_2,135,"1734947173,81115","23,1147478446632","52,1965362020295","365,7312",74,4849801,4849875,FALSCH,,,,,,,,,,,,,WAHR,
image_4229.png,9,farmbot_uzk_2,136,"1734947174,36773","23,1147478446632","52,1965362020295","365,7312",74,4849801,4849875,FALSCH,,,,,,,,,,,,,WAHR,
image_4230.png,9,farmbot_uzk_2,136,"1734949131,64147","22,5619897764553","49,903105210956","192,7392",34,2228293,2228327,FALSCH,,,,,,,,,,,,,FALSCH,
image_4231.png,9,farmbot_uzk_2,137,"1734949132,18125","22,5619897764553","49,903105210956","192,7392",34,2228293,2228327,FALSCH,,,,,,,,,,,,,FALSCH,
image_4232.png,9,farmbot_uzk_2,137,"1734947174,93759","23,1147478446632","52,1965362020295","365,7312",74,4849801,4849875,FALSCH,,,,,,,,,,,,,WAHR,
image_4233.png,9,farmbot_uzk_2,138,"1734947175,49299","23,1147478446632","52,1965362020295","365,7312",74,4849801,4849875,FALSCH,,,,,,,,,,,,,WAHR,
image_4234.png,9,farmbot_uzk_2,138,"1734949132,7324","22,5619897764553","49,903105210956","192,7392",34,2228293,2228327,FALSCH,,,,,,,,,,,,,FALSCH,
image_4235.png,9,farmbot_uzk_2,139,"1734947225,93518","23,1280994888228","52,642099641413","364,2624",73,4784264,4784337,FALSCH,,,,,,,,,,,,,WAHR,
image_4236.png,9,farmbot_uzk_2,139,"1734949184,48814","22,7889677271687","48,4245059891661","202,6944",38,2490442,2490480,FALSCH,,,,,,,,,,,,,FALSCH,
image_4237.png,9,farmbot_uzk_2,140,"1734947226,51596","23,1280994888228","52,642099641413","364,2624",73,4784264,4784337,FALSCH,,,,,,,,,,,,,WAHR,
image_4238.png,9,farmbot_uzk_2,140,"1734949185,03345","22,7889677271687","48,4245059891661","202,6944",38,2490442,2490480,FALSCH,,,,,,,,,,,,,FALSCH,
image_4239.png,9,farmbot_uzk_2,141,"1734947227,07807","23,1280994888228","52,642099641413","364,2624",73,4784264,4784337,FALSCH,,,,,,,,,,,,,WAHR,
image_4240.png,9,farmbot_uzk_2,141,"1734949185,54605","22,7889677271687","48,4245059891661","202,6944",38,2490442,2490480,FALSCH,,,,,,,,,,,,,FALSCH,
image_4241.png,9,farmbot_uzk_2,142,"1734947227,65397","23,1280994888228","52,642099641413","364,2624",73,4784264,4784337,FALSCH,,,,,,,,,,,,,WAHR,
image_4242.png,9,farmbot_uzk_2,142,"1734949186,09873","22,7889677271687","48,4245059891661","202,6944",38,2490442,2490480,FALSCH,,,,,,,,,,,,,FALSCH,
image_4243.png,9,farmbot_uzk_2,143,"1734949186,64944","22,7889677271687","48,4245059891661","202,6944",38,2490442,2490480,FALSCH,,,,,,,,,,,,,FALSCH,
image_4244.png,9,farmbot_uzk_2,143,"1734947228,22111","23,1280994888228","52,642099641413","364,2624",73,4784264,4784337,FALSCH,,,,,,,,,,,,,WAHR,
image_4245.png,9,farmbot_uzk_2,144,"1734947228,80556","23,1280994888228","52,642099641413","364,2624",73,4784264,4784337,FALSCH,,,,,,,,,,,,,WAHR,
image_4246.png,9,farmbot_uzk_2,144,"1734949187,22414","22,7889677271687","48,4245059891661","202,6944",38,2490442,2490480,FALSCH,,,,,,,,,,,,,FALSCH,
image_4247.png,9,farmbot_uzk_2,145,"1734949238,92587","22,9171435111009","47,9987792782483","228,9696",42,2752595,2752637,FALSCH,,,,,,,,,,,,,FALSCH,
image_4248.png,9,farmbot_uzk_2,145,"1734947284,67622","23,015945677882","52,8099488822766","358,7136",72,4718726,4718798,FALSCH,,,,,,,,,,,,,WAHR,
image_4249.png,9,farmbot_uzk_2,146,"1734949239,45789","22,9171435111009","47,9987792782483","228,9696",42,2752595,2752637,FALSCH,,,,,,,,,,,,,FALSCH,
image_4250.png,9,farmbot_uzk_2,146,"1734947285,21253","23,015945677882","52,8099488822766","358,7136",72,4718726,4718798,FALSCH,,,,,,,,,,,,,WAHR,
image_4251.png,9,farmbot_uzk_2,147,"1734947285,74966","23,015945677882","52,8099488822766","358,7136",72,4718726,4718798,FALSCH,,,,,,,,,,,,,WAHR,
image_4252.png,9,farmbot_uzk_2,147,"1734949240,02606","22,9171435111009","47,9987792782483","228,9696",42,2752595,2752637,FALSCH,,,,,,,,,,,,,FALSCH,
image_4253.png,9,farmbot_uzk_2,148,"1734947286,32366","23,015945677882","52,8099488822766","358,7136",72,4718726,4718798,FALSCH,,,,,,,,,,,,,WAHR,
image_4254.png,9,farmbot_uzk_2,148,"1734949240,58188","22,9171435111009","47,9987792782483","228,9696",42,2752595,2752637,FALSCH,,,,,,,,,,,,,FALSCH,
image_4255.png,9,farmbot_uzk_2,149,"1734947286,84828","23,015945677882","52,8099488822766","358,7136",72,4718726,4718798,FALSCH,,,,,,,,,,,,,WAHR,
image_4256.png,9,farmbot_uzk_2,149,"1734949241,13334","22,9171435111009","47,9987792782483","228,9696",42,2752595,2752637,FALSCH,,,,,,,,,,,,,FALSCH,
image_4257.png,9,farmbot_uzk_2,150,"1734947287,39793","23,015945677882","52,8099488822766","358,7136",72,4718726,4718798,FALSCH,,,,,,,,,,,,,WAHR,
image_4258.png,9,farmbot_uzk_2,150,"1734949241,7092","22,9171435111009","47,9987792782483","228,9696",42,2752595,2752637,FALSCH,,,,,,,,,,,,,FALSCH,
image_4259.png,9,farmbot_uzk_2,151,"1734949296,47526","22,9732204165713","47,7607385366598","411,264",80,5243032,5243112,FALSCH,,,,,,,,,,,,,FALSCH,
image_4260.png,9,farmbot_uzk_2,151,"1734947338,83646","23,0426489662013","52,4025329976349","353,1648",71,4653188,4653259,FALSCH,,,,,,,,,,,,,WAHR,
image_4261.png,9,farmbot_uzk_2,152,"1734949296,9967","22,9732204165713","47,7607385366598","411,264",80,5243032,5243112,FALSCH,,,,,,,,,,,,,FALSCH,
image_4262.png,9,farmbot_uzk_2,152,"1734947339,43452","23,0426489662013","52,4025329976349","353,1648",71,4653188,4653259,FALSCH,,,,,,,,,,,,,WAHR,
image_4263.png,9,farmbot_uzk_2,153,"1734947339,9724","23,0426489662013","52,4025329976349","353,1648",71,4653188,4653259,FALSCH,,,,,,,,,,,,,WAHR,
image_4264.png,9,farmbot_uzk_2,153,"1734949297,51272","22,9732204165713","47,7607385366598","411,264",80,5243032,5243112,FALSCH,,,,,,,,,,,,,FALSCH,
image_4265.png,9,farmbot_uzk_2,154,"1734947340,53281","23,0426489662013","52,4025329976349","353,1648",71,4653188,4653259,FALSCH,,,,,,,,,,,,,WAHR,
image_4266.png,9,farmbot_uzk_2,154,"1734949298,05949","22,9732204165713","47,7607385366598","411,264",80,5243032,5243112,FALSCH,,,,,,,,,,,,,FALSCH,
image_4267.png,9,farmbot_uzk_2,155,"1734947341,09098","23,0426489662013","52,4025329976349","353,1648",71,4653188,4653259,FALSCH,,,,,,,,,,,,,WAHR,
image_4268.png,9,farmbot_uzk_2,155,"1734949298,60263","22,9732204165713","47,7607385366598","411,264",80,5243032,5243112,FALSCH,,,,,,,,,,,,,FALSCH,
image_4269.png,9,farmbot_uzk_2,156,"1734949299,16846","22,9732204165713","47,7607385366598","411,264",80,5243032,5243112,FALSCH,,,,,,,,,,,,,FALSCH,
image_4270.png,9,farmbot_uzk_2,156,"1734947341,66487","23,0426489662013","52,4025329976349","353,1648",71,4653188,4653259,FALSCH,,,,,,,,,,,,,WAHR,
image_4271.png,9,farmbot_uzk_2,157,"1734949354,55805","23,3978027008469","46,8955519951171","339,6192",59,3866745,3866804,FALSCH,,,,,,,,,,,,,FALSCH,
image_4272.png,9,farmbot_uzk_2,157,"1734947394,91602","23,0025940337225","52,1019302662699","354,6336",72,4718725,4718797,FALSCH,,,,,,,,,,,,,WAHR,
image_4273.png,9,farmbot_uzk_2,158,"1734947395,4213","23,0025940337225","52,1019302662699","354,6336",72,4718725,4718797,FALSCH,,,,,,,,,,,,,WAHR,
image_4274.png,9,farmbot_uzk_2,158,"1734949355,05758","23,3978027008469","46,8955519951171","339,6192",59,3866745,3866804,FALSCH,,,,,,,,,,,,,FALSCH,
image_4275.png,9,farmbot_uzk_2,159,"1734949355,5842","23,3978027008469","46,8955519951171","339,6192",59,3866745,3866804,FALSCH,,,,,,,,,,,,,FALSCH,
image_4276.png,9,farmbot_uzk_2,159,"1734947395,95711","23,0025940337225","52,1019302662699","354,6336",72,4718725,4718797,FALSCH,,,,,,,,,,,,,WAHR,
image_4277.png,9,farmbot_uzk_2,160,"1734947396,50397","23,0025940337225","52,1019302662699","354,6336",72,4718725,4718797,FALSCH,,,,,,,,,,,,,WAHR,
image_4278.png,9,farmbot_uzk_2,160,"1734949356,12282","23,3978027008469","46,8955519951171","339,6192",59,3866745,3866804,FALSCH,,,,,,,,,,,,,FALSCH,
image_4279.png,9,farmbot_uzk_2,161,"1734949356,70254","23,3978027008469","46,8955519951171","339,6192",59,3866745,3866804,FALSCH,,,,,,,,,,,,,FALSCH,
image_4280.png,9,farmbot_uzk_2,161,"1734947397,06874","23,0025940337225","52,1019302662699","354,6336",72,4718725,4718797,FALSCH,,,,,,,,,,,,,WAHR,
image_4281.png,9,farmbot_uzk_2,162,"1734949357,2656","23,3978027008469","46,8955519951171","339,6192",59,3866745,3866804,FALSCH,,,,,,,,,,,,,FALSCH,
image_4282.png,9,farmbot_uzk_2,162,"1734947397,64592","23,0025940337225","52,1019302662699","354,6336",72,4718725,4718797,FALSCH,,,,,,,,,,,,,WAHR,
image_4283.png,9,farmbot_uzk_2,163,"1734949406,08222","23,2536049439231","47,0374608987564","282,9888",51,3342438,3342489,FALSCH,,,,,,,,,,,,,FALSCH,
image_4284.png,9,farmbot_uzk_2,163,"1734947449,65389","23,0025940337225","52,1705958648051","352,0224",73,4784261,4784334,FALSCH,,,,,,,,,,,,,WAHR,
image_4285.png,9,farmbot_uzk_2,164,"1734949406,61765","23,2536049439231","47,0374608987564","282,9888",51,3342438,3342489,FALSCH,,,,,,,,,,,,,FALSCH,
image_4286.png,9,farmbot_uzk_2,164,"1734947450,21164","23,0025940337225","52,1705958648051","352,0224",73,4784261,4784334,FALSCH,,,,,,,,,,,,,WAHR,
image_4287.png,9,farmbot_uzk_2,165,"1734949407,15768","23,2536049439231","47,0374608987564","282,9888",51,3342438,3342489,FALSCH,,,,,,,,,,,,,FALSCH,
image_4288.png,9,farmbot_uzk_2,165,"1734947450,74956","23,0025940337225","52,1705958648051","352,0224",73,4784261,4784334,FALSCH,,,,,,,,,,,,,WAHR,
image_4289.png,9,farmbot_uzk_2,166,"1734949407,71022","23,2536049439231","47,0374608987564","282,9888",51,3342438,3342489,FALSCH,,,,,,,,,,,,,FALSCH,
image_4290.png,9,farmbot_uzk_2,166,"1734947451,30233","23,0025940337225","52,1705958648051","352,0224",73,4784261,4784334,FALSCH,,,,,,,,,,,,,WAHR,
image_4291.png,9,farmbot_uzk_2,167,"1734949408,26853","23,2536049439231","47,0374608987564","282,9888",51,3342438,3342489,FALSCH,,,,,,,,,,,,,FALSCH,
image_4292.png,9,farmbot_uzk_2,167,"1734947451,89641","23,0025940337225","52,1705958648051","352,0224",73,4784261,4784334,FALSCH,,,,,,,,,,,,,WAHR,
image_4293.png,9,farmbot_uzk_2,168,"1734947452,49489","23,0025940337225","52,1705958648051","352,0224",73,4784261,4784334,FALSCH,,,,,,,,,,,,,WAHR,
image_4294.png,9,farmbot_uzk_2,168,"1734949408,85653","23,2536049439231","47,0374608987564","282,9888",51,3342438,3342489,FALSCH,,,,,,,,,,,,,FALSCH,
